id,name,nickname
1,Sam Stout,Hands Of Stone
2,Spencer Fisher,The King
3,Jon Fitch,
4,Roan Carneiro,Jucão
5,Drew McFedries,The Massacre
6,Jordan Radev,
7,Forrest Petz,The Meat Cleaver
8,Luigi Fioravanti,The Italian Tank
9,Pete Spratt,Secret Weapon
10,Tamdan McCrory,The Barn Cat
11,Gleison Tibau,
12,Jeff Cox,
13,Chad Reiner,The Grinder
14,Steve Bruno,Hollywood
15,Luke Caudillo,Lil' Hulk
16,Nate Mohr,
17,Rich Franklin,Ace
18,Yushin Okami,Thunder
19,Forrest Griffin,
20,Hector Ramirez,Sick Dog
21,Jason MacDonald,The Athlete
22,Rory Singer,Outburst
23,Clay Guida,The Carpenter
24,Tyson Griffin,
25,Jason Tan,
26,Marcus Davis,The Irish Hand Grenade
27,Colin Robinson,Big C
28,Eddie Sanchez,The Manic Hispanic
29,Ed Herman,Short Fuse
30,Scott Smith,Hands of Steel
31,Dustin Hazelett,McLovin
32,Steven Lynch,
33,Frank Shamrock,The Legend
34,Phil Baroni,The New York Badass
35,BJ Penn,The Prodigy
37,Jens Pulver,Little Evil
38,Anderson Silva,The Spider
39,Nate Marquardt,The Great
40,Hermes França,
41,Sean Sherk,The Muscle Shark
42,Rashad Evans,Suga
43,Tito Ortiz,The Huntington Beach Bad Boy
44,Alvin Robinson,Kid
45,Kenny Florian,KenFlo
46,Antônio Rodrigo Nogueira,Minotauro
47,Heath Herring,The Texas Crazy Horse
48,Mike Nickels,Big
49,Stephan Bonnar,The American Psycho
50,Diego Saraiva,The Octopus
51,Jorge Gurgel,JG
52,Chris Lytle,Lights Out
53,Drew Fickett,The Master
54,Frankie Edgar,The Answer
55,Mark Bocek,
56,Dan Henderson,Hendo
57,Quinton Jackson,Rampage
58,Cheick Kongo,The Darkness
59,Mirko Filipović,Cro Cop
60,Matt Hamill,The Hammer
61,Michael Bisping,The Count
62,Manny Gamburyan,The Anvil
63,Nate Diaz,
64,Douglas Evans,
65,Roger Huerta,El Matador
66,Floyd Sword,
67,Thales Leites,
68,Brandon Melendez,The Murderer
69,Joe Lauzon,J-Lau
70,Andy Wang,
71,Cole Miller,Magrinho
72,Gray Maynard,The Bully
73,Rob Emerson,The Saint
74,Allen Berubie,Monstah
75,Leonard Garcia,Bad Boy
76,Brian Geraghty,The Duke
77,Matt Wiman,Handsome
78,Gabriel Gonzaga,Napão
79,Randy Couture,The Natural
80,Georges St-Pierre,Rush
81,Josh Koscheck,Kos
82,Joe Stevenson,Daddy
83,Kurt Pellegrino,Batman
84,Jason Gilliam,
85,Matt Hughes,
86,Matt Serra,The Terror
87,David Abbott,Tank
88,Kimbo Slice,
89,Branden Lee Hinkle,The Iron Lion
91,Eddie Alvarez,The Underground King
97,Trevor Prangley,
98,Yuki Kondo,Yukisora
99,Jorge Masvidal,Gamebred
100,Yves Edwards,Thugjitsu Master
102,Nick Agallar,
105,Amar Suloev,
106,Chael Sonnen,
109,Diego Sanchez,Nightmare
110,Maurício Rua,Shogun
112,Chris Leben,The Crippler
113,Mike Swick,Quick
114,Chuck Liddell,The Iceman
115,Wanderlei Silva,The Axe Murderer
116,Din Thomas,Dinyero
117,Kuniyoshi Hironaka,
118,Thiago Alves,Pitbull
119,Keith Jardine,The Dean of Mean
120,Kendall Grove,Da Spyder
121,Patrick Cote,The Predator
122,Antoni Hardonk,
123,Frank Mir,
124,Marcus Aurelio,Maximus
125,David Heath,The Headhunter
126,Renato Sobral,Babalu
127,Alberto Crane,
128,Ryan Jensen,
129,Travis Lutter,The Serial Killer
130,Dennis Siver,
131,Naoyuki Kotani,
132,Alessio Sakara,Legionarius
133,Houston Alexander,The Assassin
134,Paul Taylor,Relentless
135,Anthony Johnson,Rumble
136,Jess Liaudin,Joker
137,Jonathan Goulet,The Road Warrior
138,Terry Martin,Dangerous
139,Thiago Tavares,
140,Jason Lambert,The Punisher
141,Wilson Gouveia,
142,Brock Larson,
143,Carlos Condit,The Natural Born Killer
144,Joe Doerksen,El Dirte
146,Jeff Curran,The Big Frog
148,Jamie Varner,C-4
152,Antonio Banuelos,
155,Logan Clark,The Pink Pounder
157,Tiki Ghosn,
159,Steve Cantwell,The Robot
160,Kazuhiro Nakamura,Kaz
161,Lyoto Machida,The Dragon
162,Michihiro Omigawa,Michi
163,Thiago Silva,
164,Tomasz Drwal,Gorilla
165,Alan Belcher,The Talent
166,Kalib Starnes,
167,Júnior Assunção,
168,Joe Veres,Mighty Joe
169,Edilberto de Oliveira,Crocotá
170,Luke Cummo,
171,Nate Quarry,Rock
172,Pete Sell,Drago
173,Brandon Vera,The Truth
174,Tim Sylvia,The Maine-iac
175,Jeff Monson,The Snowman
176,Pedro Rizzo,The Rock
177,Jeremy Horn,Gumby
178,Jorge Santiago,The Sandman
179,Carlo Prater,Neo
180,Keith Wisniewski,The Polish Connection
182,Ron Waterman,H2O
183,Cristiano Marcello,
186,Alex Andrade,El Toro
189,Anthony Njokuani,The Assassin
193,Dennis Hallman,Superman
194,Ricardo Almeida,Cachorrão
195,Terry Etim,
196,Richard Crunkilton,Cleat
199,Rani Yahya,
200,Brian Stann,All American
202,John Alessio,The Natural
207,Jesse Forbes,Kid Hercules
208,Christian Wellisch,The Hungarian Nightmare
209,Justin McCully,The Insane One
210,Jeremy Stephens,Lil' Heathen
211,Josh Burkman,The People's Warrior
212,Eric Schafer,Red
213,Demian Maia,
214,Marvin Eastman,The Beastman
215,Jason Black,The Black Legion
216,Matt Grice,The Real One
217,Anthony Torres,The Crush
219,Miguel Torres,
220,Donald Cerrone,Cowboy
224,Ian McCall,Uncle Creepy
227,Robbie Lawler,Ruthless
229,Nick Diaz,
231,Riki Fukuda,
232,Jake Shields,
233,Renato Verissimo,Charuto
235,Tonya Evinger,Triple Threat
241,Scott Junk,Punk Haole
245,Caol Uno,Shoten
246,Alistair Overeem,The Demolition Man
253,Kazushi Sakuraba,The Gracie Hunter
255,Norifumi Yamamoto,KID
258,Ikuhisa Minowa,Minowaman
259,Kevin Casey,King
261,Marcio Cruz,Pe de Pano
265,Jim Miller,A-10
275,Rich Clementi,No Love
277,Bobby Southworth,
278,Gilbert Melendez,El Nino
280,Eugene Jackson,The Wolf
281,Joe Riggs,Diesel
283,Josh Thomson,The Punk
286,Jason Reinhardt,
287,Akihiro Gono,The Magic Man
289,Hector Lombard,Showeather
290,Karo Parisyan,The Heat
293,Anthony Lapsley,The Recipe
295,David Roberts,
299,Justin Eilers,
307,C.B. Dollaway,The Doberman
309,Ryo Chonan,Piranha
310,Denis Kang,Super Korean
311,Yoshihiro Akiyama,Sexyama
323,John Gunderson,Quick Guns
325,Bart Palaszewski,Bartimus
328,Jay Hieron,The Thoroughbred
329,Delson Heleno,Pé de Chumbo
331,Benji Radach,Razor
333,Brian Foster,
334,Matt Horwich,Suave
336,Vladimir Matyushenko,The Janitor
338,Roy Nelson,Big Country
341,KJ Noons,King Karl
343,Mike Pyle,Quicksand
344,Kyle Noke,KO
347,Brock Lesnar,
348,Fabrício Werdum,Vai Cavalo
349,Antônio Silva,BigFoot
350,Jonathan Wiezorek,Lock and Load
352,Paul Buentello,The Headhunter
353,Cung Le,
354,Sam Morgan,The Squeeze
358,Sean Salmon,
362,Nam Phan,
363,Rameau Thierry Sokoudjou,The African Assassin
366,Jared Rollins,J-Roc
368,Richie Hightower,The Dirty Samurai
369,Troy Mandaloniz,Rude Boy
370,Dorian Price,
371,Roman Mitichyan,The Emperor
372,Paul Georgieff,
373,Jason Miller,Mayhem
374,Tim Kennedy,
375,Edwin Dewees,Bam Bam
376,Frank Trigg,Twinkle Toes
379,Krzysztof Soszynski,The Polish Experiment
386,Urijah Faber,The California Kid
387,Cub Swanson,Killer
393,Hayato Sakurai,Mach
395,Per Eklund,
396,James Lee,
397,Paul Kelly,Tellys
398,Melvin Guillard,The Young Assassin
399,Soa Palelei,The Hulk
400,James Irvin,The Sandman
401,Luiz Cané,Banha
402,Dean Lister,The Boogeyman
403,Tony DeSouza,The Peruvian Savage
404,Mac Danzig,
405,Thomas Speer,The Farmboy
406,Billy Miles,
407,George Sotiropoulos,
408,Ben Saunders,Killa B
409,Daniel Barrera,
410,John Kolosci,
411,Matt Arroyo,No Regard
413,Alex Karalexis,T-Rex
415,Charlie Valencia,
416,Brian Bowles,
418,Nissen Osterneck,
421,Tatsuya Kawajiri,Crusher
423,Corey Hill,The Real Deal
424,Justin Buchholz,
425,Jorge Rivera,El Conquistador
428,Rory Markham,
444,Murilo Bustamante,Bust A Move
446,Mike Russow,
447,Vernon White,Tiger
448,Ricco Rodriguez,Suave
449,Mike Kyle,MAK
450,Mark Kerr,The Smashing Machine
453,Wesley Correira,Cabbage
457,David Loiseau,The Crow
464,Cain Velasquez,
466,Keita Nakamura,K-Taro
469,Scott Jorgensen,Young Guns
474,Kyle Bradley,
475,Tim Boetsch,The Barbarian
477,Paul Daley,Semtex
480,Julie Kedzie,Fireball
483,Evan Tanner,
484,Rob Yundt,
485,Chris Wilson,The Professor
486,David Bielkheden,The Brazilian Swede
487,Andrei Arlovski,The Pitbull
488,Jake O'Brien,Irish
489,John Halverson,The Hurricane
490,Charles McCarthy,Chainsaw
494,Josh Neer,The Dentist
495,Samy Schiavo,The Dog
497,Josh Grispi,The Fluke
498,Mark Hominick,The Machine
499,Dave Herman,Pee-Wee
508,Damacio Page,The Angel of Death
509,Duane Ludwig,Bang
510,Takanori Gomi,The Fireball Kid
512,Josh Barnett,The Warmaster
515,Maurice Smith,Mo
518,Brad Blackburn,Bad
525,Jake Ellenberger,The Juggernaut
526,Pat Healy,Bam Bam
529,Josh Haynes,Bring The Pain
530,Alexandre Ferreira,Cacareco
533,Ian Loveland,The Barn Owl
538,Siyar Bahadurzada,The Great
542,Antônio Braga Neto,
545,Nick Thompson,The Goat
546,Jason Day,Dooms
547,Don Frye,The Predator
549,Gary Goodridge,Big Daddy
552,Ken Shamrock,The World's Most Dangerous Man
554,Jean Silva,Lord
556,Neil Grove,Goliath
557,Rob Broughton,The Bear
559,Tom Watson,Kong
562,Tim McKenzie,Wrecking Machine
570,Brad Morris,
578,Martin Kampmann,Hitman
583,Russell Doane,
584,Tyson Nam,
601,Mark Coleman,The Hammer
606,Carmelo Marrero,The Fury
607,Mike Ciesnolevicz,"""Mike C"""
609,Goran Reljić,Ghost
610,Antonio Mendes,Samuray
611,Yoshiyuki Yoshida,Zenko
612,Dong Hyun Kim,Stun Gun
617,Cris Cyborg,
620,Shane Del Rosario,
621,Chris Cariaso,Kamikaze
623,Ryan Roberts,Are You Ready?
628,Darren Uyenoyama,BC
629,Dan Hardy,The Outlaw
630,Andre Winner,
633,Jim Wallhead,Judo
637,Ivan Salaverry,
638,Rousimar Palhares,Toquinho
639,Shane Carwin,The Engineer
643,Gegard Mousasi,The Dreamcatcher
646,Neil Wain,Old Skool
648,Kevin Randleman,The Monster
651,Yuki Sasaki,
654,Eiji Mitsuoka,Kanaami no Mōshigo
656,Mike Brown,
659,José Aldo,Junior
660,Dominick Cruz,The Dominator
663,Mark Muñoz,The Filipino Wrecking Machine
666,Matt Lindland,The Law
675,Tony Fryklund,The Freak
677,Brad Imes,The Hillbilly Heartthrob
679,Aaron Rosa,
682,Mike Stumpf,
683,Joe Jordan,Porkchop
688,Mike Whitehead,Iron
689,Dan Miller,
692,John Howard,Doomsday
696,Danillo Villefort,Indio
697,Mike Massenzio,The Master of Disaster
700,Roger Gracie,
701,Travis Wiuff,Diesel
704,Evan Dunham,
705,Milton Vieira,Miltinho
707,Sérgio Moraes,The Panther
710,Wilson Reis,
717,Calvin Kattar,The Boston Finisher
720,Zach Makovsky,Fun Size
725,Ronaldo Souza,Jacaré
727,Danny Castillo,Last Call
732,Kevin Burns,The Fire
739,Kazuo Takahashi,Yoshiki
741,Sanae Kikuta,
742,Rodrigo Damm,
743,Ben Rothwell,Big
754,Antônio Rogério Nogueira,Minotouro
755,Vitor Belfort,The Phenom
762,Hector Urbina,El Toro
766,Dan Evensen,The Viking
771,Reese Andy,Riptide
772,Amir Sadollah,
773,Dante Rivera,
774,Matt Riddle,Deep Waters
775,Matt Brown,The Immortal
776,Cale Yarbrough,Aquaman
777,Tim Credeur,Crazy
778,Rob Kimmons,The Rosedale Reaper
779,Shonie Carter,Mr. International
783,Miesha Tate,Cupcake
784,Brodie Farber,
785,James Giboo,
786,Dale Hartt,
787,Shannon Gugerty,
788,Andre Gusmao,
792,Jesse Taylor,JT Money
793,Johnny Rees,The Hater Hurter
794,Nate Loughran,
796,James McSweeney,The Hammer
797,Mostapha Al Turk,
801,Razak Al-Hassan,Razor
803,Shayna Baszler,The Queen of Spades
810,Mark Hunt,Super Samoan
811,Jake Rosholt,
812,Steve Steinbeiss,The Hooligan
813,Johny Hendricks,Big Rig
816,Rafael Cavalcante,Feijão
819,Jon Jones,Bones
820,Ryan Thomas,The Tank Engine
821,Shane Roller,
825,Dong Yi Yang,The Ox
828,Mizuto Hirota,Pugnus
830,Mike Patt,
831,Dan Lauzon,The Upgrade
834,Jason High,The Kansas City Bandit
835,Chase Gormley,
844,Falaniko Vitale,Niko
849,David Baron,
851,Junior dos Santos,Cigano
855,Adriano Martins,
856,Joe Vedepo,The Doctor
857,Jason Brilz,The Hitman
859,Mike Pierce,
883,Seth Petruzelli,The Silverback
893,Nick Catone,The Jersey Devil
894,Josh Hendricks,Heavy
895,Rafael dos Anjos,
904,Brandon Wolff,
905,Aaron Riley,
909,Ryan Jimmo,The Big Deal
910,Victor Valimaki,The Matrix
912,Tim Hague,The Thrashing Machine
914,Jonathan Brookins,
915,Aaron Simpson,A-Train
928,Luke Rockhold,
930,Pat Barry,HD
931,Pat Miletich,The Croation Sensation
934,Diego Nunes,The Gun
936,Roger Hollett,The Hulk
938,Joseph Benavidez,
939,Danny Martinez,The Gremlin
948,Derrick Noble,The Eraser
962,Ryan McGillivray,The Kid
965,Ivan Serati,Il Terrible
966,John Hathaway,The Hitman
967,Tom Egan,The Tank
973,Ramiro Hernandez,Junior
974,Jesse Lennox,The Ox
977,Gilbert Yvel,The Hurricane
984,Efrain Escudero,Hecho en Mexico
985,Phillipe Nover,The Filipino Assassin
986,Vinny Magalhães,Pezão
987,Ryan Bader,Darth
988,Dave Kaplan,Diamond
989,Junie Browning,The Lunatik
990,Shane Primm,Low Down Dirty
991,Eliot Marshall,The Fire
992,Jules Bruchez,Cotton Mouth From The South
993,Kyle Kingsbury,Kingsbu
994,Tom Lawlor,Filthy
995,George Roop,
996,Shane Nelson,Sugar
997,John Polakowski,Buckets of Blood
998,Roli Delgado,The Crazy Cuban
999,Dan Cramer,Cosmo
1001,Semmy Schilt,Hightower
1002,Alexandre Barros,Baixinho
1004,Mike Wessel,The Juggernaut
1005,Denis Stojnić,The Menace
1007,Maximo Blanco,Maxi
1011,Edgar Garcia,
1014,Fredson Paixão,
1021,Stefan Struve,The Skyscraper
1023,Paulo Thiago,Caveira
1029,Brian Cobb,The Bandit
1030,Cyrille Diabate,The Snake
1032,Xavier Foupa-Pokam,Professor X
1034,Lavar Johnson,Big
1042,Michael McDonald,Mayday
1045,Phil Davis,Mr. Wonderful
1049,Chad Mendes,Money
1054,Ben Nguyen,10
1058,Benson Henderson,Smooth
1060,Bobby Green,King
1061,Ryan Madigan,The Lion
1062,Derek Downey,The Gentleman
1063,TJ Grant,
1066,Ulysses Gomez,Useless
1068,Matt Veach,
1072,Jesse Sanders,Iron Jaw
1075,Zak Cummings,
1078,Marcus Jones,Big Baby
1087,Vagner Rocha,Ceará
1098,Buddy Roberts,
1109,Gabe Ruediger,Godzilla
1115,Antonio McKee,Mandingo
1129,Takeya Mizugaki,
1130,Ricardo Lamas,The Bully
1131,Todd Duffee,
1136,Henry Martinez,Sicario
1139,Joe Soto,One Bad Mofo
1140,Estevan Payan,El Terrible
1146,Nick Denis,The Ninja of Love
1147,Hatsu Hioki,
1150,Chan Sung Jung,The Korean Zombie
1153,Masanori Kanehara,
1161,Lyman Good,Cyborg
1164,Dave Menne,The Warrior
1168,Jessica Aguilar,Jag
1169,Rosi Sexton,The Surgeon
1170,Raphael Assunção,
1171,Anthony Pettis,Showtime
1173,Eddie Wineland,
1175,Peter Sobotta,
1191,Kris McCray,Savage
1194,Rick Story,The Horror
1200,Daniel Sarafian,
1213,Leonardo Santos,
1214,Keiichiro Yamamiya,Fierce Dog
1222,Stanislav Nedkov,Staki
1228,Sarah Kaufman,
1231,Joey Beltran,Mexicutioner
1232,Sherman Pendergarst,The Tank
1238,Cole Escovedo,The Apache Kid
1240,Daniel Pineda,The Pit
1246,Jacob Volkmann,Christmas
1248,Leslie Smith,The Peacemaker
1249,Jared Hamman,The Messenger
1250,Waylon Lowe,
1252,Justin Edwards,Fast Eddie
1253,Jessica Penne,
1257,Chuck O'Neil,Cold Steel
1271,Javier Vazquez,Showtime
1284,Jorge Patino,Macaco
1287,David Branch,
1288,Kyle Watson,
1295,Chris Tuchscherer,The Crowbar
1299,Tyron Woodley,The Chosen One
1305,Fabrício Camões,Morango
1318,James Krause,The
1323,Jay Silva,The Spider Killer
1334,Francisco Rivera Jr.,Cisco
1353,Josh Stansbury,The Sandman
1357,Katsunori Kikuno,
1360,Nick Ring,The Promise
1364,Shawn Jordan,The Savage
1378,Nick Pace,
1379,Jimmie Rivera,El Terror
1382,Uriah Hall,Prime Time
1383,Brad Pickett,One Punch
1392,John Salter,
1410,Tateki Matsuda,Tech
1420,Ross Pearson,The Real Deal
1421,DaMarques Johnson,Darkness
1422,James Wilks,Lightning
1435,Humberto Brown Morrison,El Gato Negro
1438,Frank Lester,The Tank
1439,Cameron Dollar,Money Man
1440,Jason Dent,Dynamite
1442,Nick Osipczak,Slick
1456,Rafaello Oliveira,Tractor
1457,Lucio Linhares,Spartan
1459,Ronys Torres,
1464,Erik Koch,The Phoenix
1465,Yves Jabouin,Tiger
1466,Tarec Saffiedine,Sponge
1475,Jason Von Flue,Livewire
1477,Glover Teixeira,
1479,Fábio Maldonado,Caipira de Aço
1480,Vitor Miranda,Lex Luthor
1485,Leandro Silva,Apollo
1496,Blagoy Ivanov,Baga
1497,Kevin Jordan,The Shaman
1498,Patrick Smith,
1500,Pat Audinwood,Awesomely Awesome
1504,Igor Pokrajac,The Duke
1523,Takenori Sato,
1533,Steve Lopez,
1542,Nik Lentz,The Carny
1547,Zach Light,The Lisbon Outlaw
1550,War Machine,
1558,Julio Paulino,Dominican Demon
1559,Alexander Gustafsson,The Mauler
1560,Gerald Harris,Hurricane
1571,Bobby Voelker,Vicious
1576,Drew Dober,
1583,Daniel Cormier,DC
1588,Paul Bradley,The Gentleman
1598,David Mitchell,Bulletproof
1603,Will Campuzano,
1613,Mackens Semerzier,Da Menace
1620,Shamar Bailey,The Watchman
1621,Ricardo Funch,Golden Boy
1623,Mike Guymon,The Joker
1624,Rory MacDonald,Red King
1625,Rodney Wallace,Sho Nuff the Master
1633,Rolles Gracie,
1634,Kamal Shalorus,Prince of Persia
1635,Phil Harris,Billy
1638,Travis Fulton,The Ironman
1646,Roxanne Modafferi,The Happy Warrior
1647,Dustin Neace,The Beast
1649,Tyler Toner,Thunder
1650,Joe Brammer,The Hammer
1657,James Te Huna,
1658,Renzo Gracie,
1665,Michael Chandler,Iron
1671,Francimar Barroso,Bodão
1672,Chris Haseman,The Hammer
1673,Elvis Sinosic,The King of Rock n Rumble
1674,Brendan Schaub,Big Brown
1675,Matt Mitrione,
1676,Jon Madsen,
1677,Justin Wren,The Big Pygmy
1678,Darrill Schoonover,The Boss
1681,Solomon Hutcherson,King
1684,Cody Donovan,Donnybrook
1704,Bryan Caraway,Kid Lightning
1712,Sabah Homasi,The Sleek Sheik
1714,Hayder Hassan,
1715,Yancy Medeiros,
1716,Wes Sims,A Whole Show
1718,Nick Penner,The Quiet Assassin
1721,Claude Patrick,The Prince
1738,Kyung Ho Kang,Mr. Perfect
1741,Charlie Brenneman,The Spaniard
1743,Mario Miranda,Super
1744,Daniel Roberts,Ninja
1747,Tom Gallicchio,Da Tank
1751,Anthony Perosh,The Hippo
1760,Ben Askren,Funky
1763,Felice Herrig,The Lil Bulldog
1764,Greg Soto,
1765,Sean Pierson,Punisher
1768,Darren Elkins,The Damage
1769,Travis Browne,Hapa
1773,Demetrious Johnson,Mighty Mouse
1778,Mike Ricci,The Martian
1782,Josh Schockman,The Warhammer
1783,Dustin Ortiz,
1788,Ovince St. Preux,OSP
1792,Che Mills,Beautiful
1815,Nathan Coy,Soulforce
1816,Julianna Peña,The Venezuelan Vixen
1817,Jessica Rakoczy,The Ragin'
1825,Daron Cruickshank,Detroit Superstar
1829,Anthony Smith,Lionheart
1839,Roger Bowling,Relentless
1842,James Toney,Lights Out
1846,Luke Zachrich,
1849,Karlos Vémola,The Terminator
1857,Renan Barão,The Baron
1858,Mark Holst,Boots
1864,Rafael Natal,Sapo
1869,Stipe Miocic,
1881,Luiz Dutra Jr.,Besouro
1885,Quinn Mulhern,
1893,Charles Oliveira,do Bronx
1900,Johnny Bedford,Brutal
1903,Chas Skelly,The Scrapper
1904,Brian Ebersole,Bad Boy
1915,Cody Gibson,The Renegade
1921,Brian Melancon,
1923,Jimmy Flick,The Brick
1926,Lisa Ellis,
1928,Amilcar Alves,
1931,Ricardo Romero,
1933,Willamy Freire,Chiquerim
1944,Christian Morecraft,
1956,Court McGee,The Crusher
1957,Jamie Yager,The Chosyn 1
1958,Rich Attonito,The Raging Bull
1959,Brad Tavares,
1960,Seth Baczynski,Polish Pistola
1961,Josh Bryant,The Beast
1962,Chris Camozzi,
1963,James Hammortree,Sledge
1970,Danny Downes,Boy
1974,Chris Cope,C-Murder
1980,Maciej Jewtuszko,Irokez
1985,Manny Rodriguez,Chalate
1987,Curt Warburton,The War
1988,Vinicius Queiroz,Spartan
2004,Damian Grabowski,Polish Pitbull
2005,Aisling Daly,Ais the Bash
2006,Sean McCorkle,Big Sexy
2007,Tom Blackledge,
2009,Caros Fodor,The Future
2011,Angela Magana,Your Majesty
2012,Chad Griggs,The Grave Digger
2032,Todd Brown,Bulldog
2033,Josh Shockley,
2034,Dustin Poirier,The Diamond
2035,Paul Sass,Sassangle
2037,Ryan Couture,
2043,Carla Esparza,The Cookie Monster
2047,Liz Carmouche,Girl-Rilla
2048,Tiequan Zhang,The Wolf
2066,Kenny Robertson,
2067,Chico Camus,The King
2068,Kevin Croom,Crash
2078,Andrew Craig,Highlight
2086,Steven Peterson,Ocho
2099,Edson Barboza,Junior
2100,Carlos Eduardo Rocha,Ta Danado
2101,Pascal Krauss,Panzer
2102,Maiquel Falcão,Big Rig
2116,Pablo Garza,The Scarecrow
2123,Jason Young,Shotgun
2125,Jake Hecht,Hitman
2128,Shunichi Shimizu,Rolling Star
2131,Reza Madadi,Mad Dog
2132,Tor Troéng,The Hammer
2137,Magnus Cedenblad,Jycken
2143,Danny Mitchell,The Cheesecake Assassin
2144,Nico Musoke,Nico
2153,Edward Faaloloto,Falo
2156,TJ Waldburger,
2162,Mark Scanlon,Scanno
2163,John Makdessi,The Bull
2169,Jesse Bongfeldt,Water
2172,John Dodson,The Magician
2173,John Moraga,Chicano
2182,T.J. O'Brien,The Spider
2184,Kajan Johnson,Ragin
2187,Ivan Menjivar,Pride of El Salvador
2188,Iuri Alcântara,Marajó
2190,Jorge de Oliveira,Blade
2191,Jussier Formiga,
2200,Dhiego Lima,
2201,Ken Stone,
2203,Justin Lawrence,The American Kid
2207,Mike Lullo,
2219,Michael Johnson,The Menace
2220,Sako Chivitchian,The Psycho
2221,Aaron Wilkinson,The Daywalker
2222,Cody McKenzie,AK Kid
2225,Amanda Nunes,The Lioness
2229,Rin Nakai,
2247,Alex Caceres,Bruce Leeroy
2259,Luke Sanders,Cool Hand
2269,Germaine de Randamie,The Iron Lady
2273,Gian Villante,
2277,Sheldon Westcott,
2296,John Cholish,
2298,Darrell Montague,The Mongoose
2301,Collin Hart,The Dick
2305,Alan Jouban,Brahma
2308,Jorge Lopez,Lil' Monster
2309,Chris Weidman,The All-American
2310,Reuben Duran,Hurricane
2314,Marcin Held,
2329,Joe Duffy,Irish
2335,John Phillips,The Welsh Wrecking Machine
2342,Joseph Sandoval,
2355,Ryan Benoit,Baby Face
2365,Kevin Aguilar,The Angel of Death
2371,Jan Błachowicz,
2384,Nazareno Malegarie,El Tigre
2387,Jerrod Sanders,J-Reazie
2394,Edwin Figueroa,El Feroz
2398,John Olav Einemo,The Viking
2405,Robbie Peralta,Problems
2406,Lorenz Larkin,The Monsoon
2432,Rashid Magomedov,Gorets
2434,Alexander Yakovlev,Thunder of the North
2439,Alexander Volkov,Drago
2442,James Head,
2445,Anthony Birchak,El Toro
2452,Chidi Njokuani,Bang Bang
2455,Walel Watson,The Pharaoh
2459,Alex Perez,
2464,Shane Howell,Insane
2466,Sheila Gaff,The German Tank
2470,Ian Entwistle,Thief
2474,Jack Hermansson,The Joker
2477,Azunna Anyanwu,Zulu
2496,Sam Alvey,Smilin
2503,Sirwan Kakai,Zohan
2510,Eric Wisely,Little Lee
2511,Bristol Marunde,
2526,Thiago Santos,Marreta
2554,Jared Rosholt,The Big Show
2556,Erick Silva,The Tiger
2558,Craig White,The Thundercat
2562,Cathal Pendred,The Punisher
2567,Ramsey Nijem,Nasty
2568,Tony Ferguson,El Cucuy
2571,Clay Harvison,Heavy Metal
2573,Elvis Mutapčić,The King
2576,Steve Garcia,Mean Machine
2579,Jordan Mein,Young Gun
2581,Antonio Carvalho,Pato
2585,Roland Delorme,Stunning
2588,Alex Ricci,
2592,Adlan Amagov,Borz
2593,Ronald Stallings,The Choir Boy
2594,Derek Brunson,The One
2597,Yuri Villefort,
2599,Trevor Smith,Hot Sauce
2601,Nah-shon Burrell,The Rock-n-Rolla
2604,Ryan LaFlare,
2605,Ronny Markes,
2606,Josh Samman,Anqa
2610,Derrick Lewis,The Black Beast
2611,Costas Philippou,
2626,Donny Walker,Eagle Eye
2627,Jeff Hougland,Hellbound
2628,Ilir Latifi,The Sledgehammer
2629,Jeremy Kimball,Grizzly
2633,Charles Byrd,Kid Dynamite
2635,Matt Hobar,The Crowbar
2642,Mairbek Taisumov,Beckan
2651,Erik Perez,Goyito
2674,Felipe Arantes,Sertanejo
2677,Chris Saunders,The So Cal Kid
2692,Johnny Eduardo,Pretinho
2693,Alexis Davis,Ally-Gator
2698,Papy Abedi,Makambo
2702,Lance Benoist,
2703,Mike Easton,The Hulk
2704,Sara McMann,
2705,Jimy Hettes,The Kid
2713,Luis Ramos,Beição
2727,Alex Morono,The Great White
2741,Ronda Rousey,Rowdy
2745,Cezar Ferreira,Mutante
2753,Sean Spencer,Black Magik
2755,Jack Marshman,Hammer
2765,Tom Breese,
2778,Yoel Romero,Soldier of God
2779,Marcos Rogério de Lima,Pezão
2784,Norman Parke,Stormin
2786,Paddy Holohan,The Hooligan
2807,Yan Cabral,
2817,Jessica Eye,Evil
2825,Leandro Issa,Brodinho
2834,Dominique Steele,Nonstop Action-Packed
2845,Eddie Yagin,The Filipino Phenom
2869,Matt Lucas,Luke Duke
2870,Clifford Starks,Big Cat
2887,Francis Carmont,Limitless
2894,Neil Seery,2 Tap
2895,Chris Spang,The Kiss
2906,Dan Spohn,Dragon
2912,John Maguire,The One
2923,Matt Van Buren,Gutter
2925,Justin Frazier,The Grizzly Bear
2934,Byron Bloodworth,
2939,Dustin Jacoby,The Hanyak
2955,Mitch Clarke,Danger Zone
2958,Mike Rio,The Wolverine
2960,Yoislandy Izquierdo,Cuba
2971,Jared Gordon,Flash
2978,Brian Kelleher,Boom
2985,Maxim Grishin,Maximus
2990,Phil De Fries,
2995,Walt Harris,The Big Ticket
3002,Vaughan Lee,
3013,Alex Soto,Extremo
3020,Albert Duraev,Machete
3050,Khabib Nurmagomedov,The Eagle
3051,Dennis Bermudez,The Menace
3052,Diego Brandão,DB
3053,T.J. Dillashaw,
3058,Michael Kuiper,Judo
3063,Louis Gaudinot,Goodnight
3064,Marcus Brimage,The Bama Beast
3065,Stephen Bass,Bigfish
3066,Dustin Pague,The Disciple
3067,John Albert,Prince
3068,Josh Ferguson,Taz
3069,Josh Clopton,The Gentleman
3070,Steven Siler,Super
3074,Jimi Manuwa,Poster Boy
3075,Yasuhiro Urushitani,
3076,Ednaldo Oliveira,Lula
3077,Eddie Mendez,
3081,Caio Magalhães,Hellboy
3084,Mitch Gagnon,The Machine
3086,Oli Thompson,The Spartan
3087,Besam Yousef,
3088,Simeon Thoresen,The Grin
3090,Max Holloway,Blessed
3091,Chris Clements,The Menace
3092,Stephen Thompson,Wonderboy
3093,Tommy Hayden,Wildcard
3094,Jared Papazian,Jackhammer
3095,Pat Schilling,Thrilling
3096,Anton Kuivanen,
3097,Justin Salas,J-Bomb
3098,Bernardo Magalhães,Trekko
3099,Dan Stittgen,The Anvil
3100,Patrick Cummins,Durkin
3110,Mats Nilsson,
3113,Benny Alloway,Blanco
3124,John Lineker,Hands of Stone
3125,Tim Means,The Dirty Bird
3127,Anthony Hamilton,Freight Train
3129,Heather Clark,Hurricane
3132,Scott Holtzman,Hot Sauce
3145,Issei Tamura,
3147,Conor McGregor,The Notorious
3160,Gunnar Nelson,Gunni
3162,Ross Pointon,The Gladiator
3173,Joe Ellenberger,Excalibur
3176,Mirsad Bektić,
3178,Bruno Santos,Carioca
3191,Azamat Gashimov,Tough Guy
3193,Derrick Krantz,D-Rock
3197,Stevie Ray,Braveheart
3198,Jennifer Maia,
3210,Colin Fletcher,The Freakshow
3214,Mark Godbeer,The Hand of
3216,Luke Barnatt,The Bigslow
3221,Al Iaquinta,Raging
3222,Myles Jury,Fury
3227,Matt Bessette,The Mangler
3228,Parker Porter,
3231,CJ Keith,
3232,Jeremy Larsen,
3233,Michael Chiesa,Maverick
3234,Chris Barnett,Beastboy
3248,Marlon Moraes,Magic
3262,Nordine Taleb,
3263,Elias Theodorou,The Spartan
3267,Chad Laprise,The Disciple
3269,Tom DeBlass,
3272,Bubba Bush,The Fighting Texas Aggie
3276,Joe Proctor,
3277,Chris Tickle,BadBoy
3283,John Cofer,The Potter
3284,Vinc Pichel,From Hell
3288,Tim Elliott,
3289,Sam Sicilia,
3291,Marcus LeVesseur,The Prospect
3308,Andy Ogle,The Little Axe
3313,Jim Alers,The Beast
3315,Hacran Dias,Barnabe
3316,James Vick,The Texecutioner
3337,Paul Redmond,Redser
3340,Jake Lindsey,The Librarian
3341,Jordan Johnson,Big Swingin'
3344,Joey Gambino,The Raging Warrior
3348,Barb Honchak,Little Warrior
3353,Raquel Pennington,Rocky
3354,Sarah Moras,Cheesecake
3355,Jessamyn Duke,The Gun
3357,Jocelyn Jones-Lybarger,Lights Out
3360,Brock Jardine,The Machine
3361,Wagner Prado,Caldeirão
3363,Ike Villanueva,Hurricane
3364,Robert Drysdale,
3370,Philipe Lins,Monstro
3380,Roldan Sangcha-an,The Executioner
3381,Akira Corassani,
3398,Marcelo Guimarães,Magrão
3400,Danny Roberts,Hot Chocolate
3402,Hugo Viana,Wolverine
3403,John Teixeira,Macapá
3404,Godofredo Pepey,
3405,Rony Jason,
3413,Nate Landwehr,The Train
3417,Anistavio Medeiros,Gasparzinho
3419,Leonardo Mafra,Macarrão
3421,Marcos Vinicius,Vina
3422,Wagner Campos,Galeto
3424,Allan Nascimento,Puro Osso
3464,Ricky Rainey,The Sniper
3472,Abel Trujillo,Killa
3486,Francisco Trinaldo,Massaranduba
3487,Renee Forte,
3489,Justin Ledet,El Blanco
3492,Matt Schnell,Danger
3495,Charlie Ontiveros,The American Bad Boy
3502,Ryan Spann,Superman
3503,Isaac Vallie-Flagg,
3526,Joby Sanchez,
3540,Artem Lobov,The Russian Hammer
3542,Guto Inocente,
3544,Josh Sampo,The Gremlin
3549,Cat Zingano,Alpha
3554,Joanne Wood,JoJo
3557,Tecia Pennington,The Tiny Tornado
3558,Sean Soriano,
3559,Jake Collier,The Prototype
3560,Thomas Gifford,The Young Lion
3564,Jon Tuck,Super Saiyan
3565,Hyun Gyu Lim,The Ace
3601,José Medina,Chicho
3609,Ricky Glenn,The Gladiator
3615,Rustam Khabilov,Tiger
3617,Kyle Prepolec,Killshot
3628,Gerald Meerschaert,GM3
3630,Malcolm Gordon,X
3633,Kyle Nelson,The Monster
3647,Sergio Pettis,The Phenom
3648,Chris Holdsworth,Hold it Down
3652,Gregor Gillespie,The Gift
3667,Brett Johns,The Pikey
3703,Motonobu Tezuka,
3705,Thiago Perpétuo,Bodão
3706,Jesse Ronson,The Body Snatcher
3719,Thomas Almeida,Thominhas
3723,Domingo Pilarte,Son Of Fire
3736,Jason Saggo,
3739,Des Green,The Predator
3745,Karolina Kowalkiewicz,
3747,Jordan Rinaldi,All Day
3750,Pedro Munhoz,The Young Punisher
3760,Brad Scott,Bear
3761,Robert Whittaker,The Reaper
3762,Brendan Loughnane,
3763,Mike Wilkinson,The Warrior
3766,Scott Askham,
3774,Colton Smith,
3775,Yaotzin Meza,
3777,Belal Muhammad,Remember the Name
3787,Will Brooks,Ill
3792,Cláudia Gadelha,Claudinha
3795,Bec Rawlings,Rowdy
3801,Jodie Esquibel,
3802,Emily Kagan,
3803,Rose Namajunas,Thug
3804,Paige VanZant,12 Gauge
3805,Nandor Guelmino,The Hun
3806,Jon Manley,
3807,Neil Magny,Haitian Sensation
3814,Kurt Holobaugh,The Hurt
3816,Lucas Martins,Mineiro
3818,Kazuki Tokudome,
3819,Pedro Nobre,The Rock
3820,Ildemar Alcântara,Marajó
3821,Dustin Kimura,The Diamond
3828,Damon Jackson,The Leech
3833,Ray Rodriguez,The Judge
3838,Daniel Jolly,The Werewolf of Texas
3864,Chris Fishgold,
3875,Sultan Aliev,
3878,Nicolas Dalby,Danish Dynamite
3880,Joachim Christensen,
3889,Pearl Gonzalez,The Chi-Town Princess
3908,Holly Holm,The Preacher's Daughter
3937,Michael Page,Venom
3944,Michelle Waterson-Gomez,The Karate Hottie
3959,Lauren Murphy,Lucky
3964,Justin Gaethje,The Highlight
3969,Brandon Thatch,Rukus
3974,Chris Wade,The Long Island Killer
3977,Oliver Enkamp,
3986,Abu Azaitar,Captain Morocco
3999,Mike Rhodes,Biggie
4006,Adam Cella,El Natural
4014,Augusto Sakai,
4041,Roger Narvaez,The Silverback
4042,Elias Garcia,El Pescador
4061,Kelvin Gastelum,
4063,Gilbert Smith,Midnight Magic
4064,Bubba McDaniel,The Menace
4065,Dylan Andrews,The Villain
4066,Jimmy Quinlan,Crash
4067,Clint Hester,Headbussa
4074,Davey Grant,Dangerous
4076,Brianna Fortino,The Bull
4087,Mike King,
4104,Emil Weber Meek,Valhalla
4108,Christian Colombo,Godzilla
4114,Iliarde Santos,
4115,Michel Prazeres,Trator
4118,Mizuki Inoue,
4120,Koji Oishi,
4129,Oskar Piechota,Imadło
4132,Piotr Hallmann,Płetwal
4133,Bojan Veličković,Serbian Steel
4134,Krzysztof Jotko,
4142,João Zeferino,The Brazilian Samurai
4151,Cortney Casey,Cast Iron
4159,Billy Quarantillo,
4165,Diego Ferreira,
4166,Alp Ozkilic,The Turkish Delight
4176,Chris Gruetzemacher,Gritz
4178,Cyril Asker,Silverback
4183,Sergey Khandozhko,Honda
4187,William Macário,Patolino
4188,Nikita Krylov,The Miner
4189,Mateusz Gamrot,Gamer
4195,Viscardi Andrade,
4201,Jéssica Andrade,Bate Estaca
4210,Dan Moret,The Hitman
4213,Zak Ottow,The Barbarian
4217,Nad Narimani,Smiler
4218,Arnold Allen,Almighty
4232,Lewis Gonzalez,Lethal
4236,Ricky Turcios,
4242,Paddy Pimblett,The Baddy
4249,Marcin Wrzosek,The Polish Zombie
4254,Ali Bagautinov,Puncher
4266,Daniel Omielańczuk,
4267,Hans Stringer,
4271,José Maria Tomé,No Chance
4289,Brian Houston,B-Hue
4290,Brian Ortega,T-City
4292,Justine Kish,The Machine
4294,James Moontasri,Moonwalker
4315,Ion Cutelaba,The Hulk
4322,Edimilson Souza,Kevin
4323,Elias Silvério,Xuxu
4324,Ivan Jorge,Batman
4340,Charles Radtke,Chuck Buffalo
4341,Lando Vannata,Groovy
4346,Igor Araújo,
4347,Alan Patrick,Nuguette
4348,Garett Whiteley,Goodnight
4366,Martin Svensson,
4380,Tom Niinimaki,Stoneface
4382,Mads Burnell,
4385,Andreas Stahl,Real Steel
4389,Mark Madsen,The Olympian
4395,Austin Springer,
4401,Cain Carrizosa,The Insane
4409,Cameron Else,Camchida
4412,Kyoji Horiguchi,
4414,Omari Akhmedov,Wolverine
4415,Santiago Ponzinibbio,Argentine Dagger
4422,Cole Williams,
4438,Henry Cejudo,Triple C
4444,Ashlee Evans-Smith,Rebel Girl
4466,Andre Fili,Touchy
4468,Robert Whiteford,The Hammer
4473,Volkan Oezdemir,No Time
4475,Luis Saldaña,
4476,Johnny Case,Hollywood
4478,Michael McBride,
4482,Darrick Minner,
4513,Francisco Trevino,
4521,Raoni Barcelos,
4551,Kiichi Kunimoto,Strasser
4553,Bethe Correia,Pitbull
4554,Alex Garcia,The Dominican Nightmare
4555,Justin Scoggins,Tank
4556,Richie Vaculik,Vas
4557,Peggy Morgan,Daywalker
4562,Jon Delos Reyes,The Heat
4563,Will Chope,The Kill
4564,Dave Galera,Scarecrow
4565,Royston Wee,
4567,Ben Wall,Manimal
4581,Nina Nunes,The Strina
4584,Tae Hyun Bang,The Supernatural
4589,Damien Brown,Beatdown
4595,Dequan Townsend,The Tarantula
4608,Leon Edwards,Rocky
4633,Beneil Dariush,Benny
4634,Louis Smolka,Da Last Samurai
4635,Sean O'Connell,The Real OC
4640,Aleksei Oleinik,The Boa Constrictor
4643,Kevin Lee,Motown Phenom
4644,Andy Enz,Tank Mode
4645,Anthony Rocco Martin,
4646,Gasan Umalatov,Cobra
4647,Zubaira Tukhugov,Warrior
4648,Claudio Silva,Hannibal
4649,Yui Chul Nam,The Korean Bulldozer
4650,Mehdi Baghdad,The Sultan
4653,Randa Markos,Quiet Storm
4655,Boston Salmon,Boom Boom
4660,George Sullivan,The Silencer
4664,Kamaru Usman,Nigerian Nightmare
4665,Trevin Giles,The Problem
4670,Albert Tumenov,Einstein
4688,Aljamain Sterling,Funk Master
4689,Ernest Chavez,The Mad Titan
4690,Yosdenis Cedeno,Pink Panther
4699,Guangyou Ning,Smasher
4700,Jianping Yang,Tiger
4701,Alberto Mina,Soldier of God
4702,Albert Cheng,
4703,Anying Wang,Smiley
4704,Zhumabek Tursyn,The Snow Leopard
4705,Mark Eddiva,
4710,Alan Omer,Mr. Erbil
4712,Lipeng Zhang,The Warrior
4713,Sai Wang,The Fire Kylin
4724,Abdul Razak Alhassan,Judo Thunder
4725,Chris Gutierrez,El Guapo
4726,Andrew Sanchez,El Dirte
4727,Chris Heatherly,Stump
4733,Sean Strickland,Tarzan
4735,Herbert Burns,The Blaze
4736,Ruan Potts,Fangzz
4737,Noad Lahat,Neo
4747,Gilbert Burns,Durinho
4762,Damir Hadžović,The Bosnian Bomber
4799,Tim Gorman,The Psycho
4805,Benito Lopez,The Golden Boy
4809,Ray Borg,The Tazmexican Devil
4817,Nick Hein,Sergeant
4818,Paweł Pawlak,Plastinho
4820,Makwan Amirkhani,Mr. Finland
4826,Teemu Packalén,Pacu
4841,Olivier Aubin-Mercier,The Canadian Gangster
4842,Mike De La Torre,El Cucuy
4843,Vik Grujic,The Spartan
4844,Chris Indich,The Savage
4845,Richard Walsh,Filthy
4846,Alex White,The Spartan
4847,Hernani Perpétuo,
4848,Jack May,The Outlaw
4857,Chris Beal,The Real Deal
4858,Patrick Williams,The Animal
4877,Jingliang Li,The Leech
4879,Ruslan Magomedov,Leopard
4880,Viktor Pešta,
4881,Michinori Tanaka,
4886,Chris Kelades,The Greek Assassin
4905,Aaron Phillips,The Dragon
4906,David Michaud,Bulldawg
4907,Niklas Bäckström,King in the North
4909,Guilherme Bomba,
4910,Alexis Dufresne,Sneaky Zebra
4922,Antônio Carlos Júnior,Cara de Sapato
4923,Marcio Alexandre Jr.,Lyoto
4924,Warlley Alves,
4925,Richardson Moreira,Rick Monstro
4926,Ricardo Abreu,Demente
4927,Wagner Silva,Wagnão
4930,Justin Jones,Lazy Bones
4935,Khalil Rountree Jr.,The War Horse
4939,Joanna Jędrzejczyk,
4945,Milana Dudieva,
4946,Valérie Létourneau,Trouble
4948,Darren Stewart,The Dentist
4952,Adrian Yanez,
4964,Elizabeth Phillips,
4965,Caio Machado,Bigfoot
4970,Tony Kelley,PrimeTime
4975,Timur Valiev,Lucky
4976,Justin Jaynes,Guitar Hero
4977,Dashon Johnson,Fly Boy
4978,Jake Matthews,The Celtic Kid
4979,Dan Hooker,The Hangman
4982,Bryan Barberena,Bam Bam
4983,Valmir Lázaro,Bidu
4984,Rob Font,
4988,Dmitriy Sosnovskiy,The Wicked Machine
4990,Tina Lähdemäki,Jellybean
4992,Rodrigo de Lima,Monstro
5003,Juan Manuel Puig,Fenix
5004,Keith Berish,Sha Bang Bang
5008,Corey Anderson,Overtime
5009,Eddie Gordon,Truck
5010,Pat Walsh,
5015,Chris Dempsey,
5016,Juliana Lima,Ju Thai
5019,Akbarh Arreola,El Caballero
5020,Tiago Trator,
5023,Josh Copeland,Cuddly Bear
5026,Marion Reneau,The Belizean Bruiser
5028,Eric Shelton,Showtime
5034,Matt Sayles,Robo
5046,Brendan O'Reilly,Badger
5048,Ulka Sasaki,
5049,Colby Covington,Chaos
5051,Zhikui Yao,The Conqueror
5059,Frankie Saenz,
5060,Nolan Ticman,
5061,Marcin Bandel,Bomba
5070,Steve Montgomery,The Creepy Weasel
5071,Christos Giagos,The Spartan
5076,Shinsho Anzai,Animal
5077,Clay Collard,Cassius
5093,Irene Aldana,
5094,DeAnna Bennett,Vitamin D
5096,Alexa Grasso,
5098,JJ Aldrich,
5099,Jinh Yu Frey,
5113,Łukasz Sajewski,Wookie
5114,Wendell Oliveira,The Machine
5115,Larissa Pacheco,
5116,Paul Felder,The Irish Dragon
5117,Matt Dwyer,
5118,Alexandre Pantoja,The Cannibal
5128,Frankie Perez,
5133,Katlyn Cerminara,Blonde Fighter
5164,Taylor Lapilus,Double Impact
5168,Shane Campbell,Shaolin
5175,Charles Rosa,Boston Strong
5181,Roman Salazar,El Gallito
5188,JC Cottrell,Superstar
5193,Andreas Michailidis,The Spartan
5195,Hakeem Dawodu,Mean
5200,Carl Deaton III,The Anishinaabe Kid
5202,Jordan Griffin,Native Psycho
5221,Cody East,The Bullet Train
5222,Jordan Espinosa,The Gamer
5229,Davi Ramos,The Tasmanian Devil
5230,Kailin Curran,
5231,Doo Ho Choi,The Korean Superboy
5236,Daniel Kelly,
5237,Augusto Montaño,Dodger
5242,Mike Graves,
5260,Andrea Lee,KGB
5262,Jamie Moyle,Love Boat
5279,Diego Rivas,Pitbull
5280,Rodolfo Rubio,Fito
5289,Alejandro Perez,Turbo
5290,Jose Alberto Quiñonez,El Teco
5291,Leonardo Morales,Chimmy
5292,Yair Rodriguez,El Pantera
5293,Guido Cannetti,Ninja
5294,Henry Briones,King
5295,Gabriel Benítez,Moggly
5296,Augusto Mendes,Tanquinho
5298,Geoff Neal,Handz of Steel
5306,Pannie Kianzad,BANZAI
5309,Nathaniel Wood,The Prospect
5310,Anna Elmose,Panda
5311,Molly McCann,Meatball
5314,Kalindra Faria,
5316,Marco Beltran,Psycho
5317,Marlon Vera,Chito
5318,Alexander Torres,Rolo
5319,Masio Fullen,El Lobo
5320,Bentley Syler,Dr. Bolivia
5321,Fredy Serrano,El Profe
5332,Matt Frevola,The Steamrolla
5333,Jared Cannonier,Killa Gorilla
5334,Cindy Dandois,Battlecat
5338,Rachael Ostovich,
5342,Jonathan Wilson,Johnny Bravo
5347,David Zawada,Sagat
5348,Angela Hill,Overkill
5349,Alex Chambers,Astro Girl
5350,Seo Hee Ham,Hamderlei Silva
5361,Willie Gates,Whoop Ass
5362,Sheymon Moraes,
5368,Cody Garbrandt,No Love
5373,Miles Johns,Chapo
5374,Curtis Millender,Curtious
5375,Konstantin Erokhin,The Russian Bear
5378,Dominic Waters,Sho Nuff
5381,Chris Avila,
5383,Joseph Morales,Bopo
5388,Renato Moicano,Money Moicano
5389,Antônio dos Santos Jr.,Junior Alpha
5411,Roberto Sanchez,LittleFury
5416,Tony Christodoulou,
5418,Douglas Silva de Andrade,D'Silva
5424,Albert Morales,The Belizean Warrior
5444,Jared Gooden,NiteTrain
5451,Terrion Ware,Flash
5456,Christian Aguilera,The Beast
5459,Tim Johnson,
5460,Cody Pfister,The Pfist
5464,Aspen Ladd,
5472,Garreth McLellan,Soldier Boy
5475,Valentina Shevchenko,Bullet
5477,Ricardo Ramos,Carcacinha
5499,Levan Makashvili,The Hornet
5501,Carlos Hernandez,
5511,Roger Zapata,Viva
5527,Maryna Moroz,Iron Lady
5528,Rocky Lee,
5529,Jarjis Danho,Man Mountain
5531,Thibault Gouti,GT
5540,Izabela Badurek,
5541,Islam Makhachev,
5542,Leo Kuntz,The Lion
5547,Alex Oliveira,Cowboy
5548,Rashad Coulter,Daywalker
5554,Mark Striegl,Mugen
5555,Bartosz Fabiński,The Butcher
5571,Devin Clark,Brown Bear
5580,Livinha Souza,The Brazilian Gangsta
5587,Sijara Eubanks,Sarj
5590,Mickael Lebout,Ragnar
5593,Damian Stasiak,Webster
5597,Jonavin Webb,The Spider
5606,Steve Bossé,The Boss
5610,Magomed Mustafaev,The Sniper
5633,Ericka Almeida,
5649,Darren Till,The Gorilla
5660,Magomed Bibulatov,Chaborz
5684,Steven Kennedy,The Steamrolla
5685,Khama Worthy,The Death Star
5689,Eric Spicely,Zebrinha
5696,Sage Northcutt,Super
5707,Jessica-Rose Clark,Jessy Jess
5711,Jason Witt,The Vanilla Gorilla
5712,Phil Hawes,No Hype
5714,Joey Merritt,Slash
5715,Tony Sims,2.0
5719,Fernando Bruno,Açougueiro
5720,Glaico França,Brazilian Zombie
5721,Dileno Lopes,
5722,Reginaldo Vieira,
5727,Andrew Holbrook,
5729,Geane Herrera,The Revolutionary
5731,Bobby Moffett,The Wolfman
5732,Curtis Blaydes,Razor
5741,Misha Cirkunov,
5744,Vicente Luque,The Silent Assassin
5746,Abubakar Nurmagomedov,
5753,Cory Hendricks,
5755,Oluwale Bamgbose,Holy War Angel
5756,Joaquim Silva,Netto BJJ
5779,Jason Novelli,Pepsi
5780,Ricky Simón,
5784,Trey Ogden,Shamurai
5790,Megan Anderson,
5793,Yusuke Kasuya,
5809,Pedro Falcão,Pedrinho
5818,Irwin Rivera,The Beast
5832,Muin Gafurov,Tajik
5841,Grant Dawson,KGD
5842,Chance Rencountre,Black Eagle
5847,Francis NGannou,The Predator
5868,Jason Knight,The Kid
5880,Kamuela Kirk,The Jawaiian
5881,Teruto Ishihara,Yashabo
5910,Kevin Holland,Trailblazer
5922,Bruno Korea,
5923,Matheus Nicolau,
5931,Ariel Beck,Sunshine
5932,Jonathan Martinez,Dragon
5957,Darrell Horcher,The Saint
5961,Alonzo Menifield,Atomic
5966,Felipe Olivieri,
5970,Anton Zafir,The Professor
5984,Enrique Marín,Wasabi
5985,Erick Montaño,Perry
5986,Enrique Barzola,El Fuerte
5987,Horacio Gutiérrez,Punisher
5988,Álvaro Herrera,Chango
5989,Vernon Ramos,
5990,Cesar Arzamendia,Goku
5994,Chase Sherman,The Vanilla Gorilla
5996,Jose Torres,Shorty
5998,Julian Marquez,The Cuban Missile Crisis
5999,Brian Camozzi,The Mantis
6020,Chris Curtis,The Action Man
6023,Joey Gomez,KO King
6025,Kyle Bochniak,Crash
6029,Manny Bermudez,The Bermudez Triangle
6030,Mike Rodriguez,Slow
6036,Kelly Faszholz,
6038,Daniel Santos,Willycat
6053,Ariane Lipski da Silva,Queen of Violence
6058,Jiří Procházka,BJP
6071,Shamil Gamzatov,Maverick
6073,Giga Chikadze,Ninja
6081,Antonio Trócoli,Malvado
6087,Abner Lloveras,Skullman
6088,Julian Erosa,Juicy J
6089,Ryan Hall,The Wizard
6092,Anthony Hernandez,Fluffy
6093,Chris Padilla,Taco
6102,Shamil Abdurakhimov,Abrek
6105,David Teymur,
6115,Kron Gracie,
6127,Cory Sandhagen,Sandman
6135,Bryce Mitchell,Thug Nasty
6139,Randy Brown,Rudeboy
6140,Alex Nicholson,The Spartan
6149,Thiago Moisés,
6162,Mickey Gall,
6170,Andre Fialho,
6172,Danilo Belluardo,Caterpillar
6182,Mike Jackson,The Truth
6190,Andre Soukhamthath,The Asian Sensation
6191,Bojan Mihajlović,
6198,Anthony Ivy,Aquaman
6200,Marcin Tybura,Tybur
6203,Brendan Allen,All In
6204,Alessio Di Chirico,Manzo
6210,CM Punk,
6218,Mara Borella,Maravilla
6228,Filip Pejić,Nitro
6231,Anderson dos Santos,Berinja
6233,Austin Arnett,Golden Boy
6239,Kris Moutinho,
6243,Leonardo Guimarães,Leleco
6254,Tom Duquesnoy,Fire Kid
6266,Carlos Candelario,The Cannon
6269,Cristina Stanciu,Barbie
6296,Ian Heinisch,The Hurricane
6299,Maki Pitolo,Coconut Bombz
6302,Adam Milstead,The Prototype
6303,Chris De La Rocha,
6310,Matthew Lopez,
6313,Jay Perrin,The Joker
6316,Vince Morales,Vandetta
6324,Luis Henrique Barbosa,KLB
6332,Alberto Uda,
6346,Marcin Prachnio,
6354,Rolando Dy,The Incredible
6369,Justin Willis,Big Pretty
6383,Miguel Baeza,Caramel Thunder
6384,Luan Chagas,Tarzan
6405,Josh Emmett,CC0
6409,Jack Shore,Tank
6415,Merab Dvalishvili,The Machine
6427,James Mulheron,The Juggernaut
6435,Devin Powell,
6448,Dan Ige,50k
6458,Joaquin Buckley,New Mansa
6469,Sarah Alpar,Too Sweet
6472,Preston Parsons,Pressure
6475,Jamall Emmers,Pretty Boy
6479,Jason Gonzalez,Nicoyas
6488,Mackenzie Dern,
6500,Jessin Ayari,Abacus
6502,Jonathan Meunier,District
6534,Emily Ducote,Gordinha
6541,Marvin Vettori,The Italian Dream
6544,Tatiana Suarez,
6545,Amanda Cooper,ABC
6562,Sodiq Yusuff,Super
6565,Hector Sandoval,Kid Alex
6568,Felipe Silva,
6570,Ryan Janes,
6581,Max Griffin,Pain
6582,Jeremy Kennedy,JBC
6583,Danielle Taylor,Dynamite
6585,Ketlen Vieira,Fenômeno
6587,Gabe Green,Gifted
6596,Mike Perry,Platinum
6618,Maurice Greene,The Crochet Boss
6622,Veronica Hardy,
6633,Mark De La Rosa,The Bumblebee
6662,Marc Diakiese,Bonecrusher
6665,Jenel Lausa,The Demolition Man
6667,Elizeu Zaleski,Capoeira
6675,Kanako Murata,
6679,Polo Reyes,El Toro
6681,Brandon Moreno,The Assassin Baby
6682,Gadzhimurad Antigulov,
6683,Ronnie Lawrence,The Heat
6686,Eryk Anders,Ya Boi
6701,Drakkar Klose,
6723,Alexander Volkanovski,The Great
6751,Peter Barrett,Slippery Pete
6763,Dwight Grant,The Body Snatcher
6777,Yana Santos,Foxy
6779,Ashley Yoder,The Spider Monkey
6780,Miranda Maverick,Fear The
6782,Charlie Ward,Relentless
6784,Kiefer Crosbie,BDK
6791,Paul Craig,Bearjew
6799,Viviane Pereira,Sucuri
6804,Claudio Puelles,Prince of Peru
6805,Martín Bravo,Toro
6818,Kwan Ho Kwak,Handsome
6823,Dmitry Smolyakov,The Lifeguard
6826,Tyson Pedro,
6827,TJ Brown,Downtown
6830,Don'Tale Mayes,Lord Kong
6832,Joe Gigliotti,Capo
6841,Vanessa Melo,Miss Simpatia
6850,Shane Burgos,Hurricane
6854,Jalin Turner,The Tarantula
6856,Daniel Rodriguez,D-Rod
6864,Saparbeg Safarov,
6869,Niklas Stolze,Green Mask
6873,Jai Herbert,The Black Country Banger
6874,Rhys McKee,Skeletor
6875,Richie Smullen,
6895,Niko Price,The Hybrid
6901,Aiemann Zahabi,
6915,Dong Hyun Ma,Maestro
6916,Michel Quiñones,El Capo
6917,Gregory Rodrigues,Robocop
6920,Kai Kara-France,Don't Blink
6928,Bobby Nash,Nashty
6940,Cynthia Calvillo,
6949,Leah Letson,Nidas
6957,Mike Breeden,Money
6966,Paulo Costa,The Eraser
6969,Brandon Jenkins,The Human Highlight Reel
6972,Lina Länsberg,Elbow Queen
6973,Marcel Fortuna,Mãozinha
6974,Gavin Tucker,Guv'nor
6991,Gaston Bolaños,The Dreamkiller
6992,Gina Mazany,Danger
6997,Mallory Martin,
7002,Carlos Vera,Pequeno
7031,Brandon Royval,Raw Dawg
7041,Daniel Spitz,Daddy Long Legs
7052,Felicia Spencer,Feenom
7063,Deiveson Figueiredo,Deus da Guerra
7065,Lucie Pudilová,
7103,Ashkan Mokhtarian,The Assassin
7104,Jerome Rivera,The Renegade
7120,Kyle Stewart,Gunz Up
7121,Bruno Silva,Bulldog
7124,Casey Kenney,
7125,Sean O'Malley,Suga
7126,Carls John de Tomas,Golden Boy
7127,Naoki Inoue,
7128,Danilo Marques,
7132,Sabina Mazo,Colombian Queen
7137,Guan Wang,The Northeast Tiger
7143,Istela Nunes,
7156,Mason Jones,The Dragon
7162,Don Shainis,Shameless
7189,Amir Albazi,The Prince
7204,Luke Jumeau,The Jedi
7213,Galore Bofando,The Paranormal
7224,Alex Reyes,The Executioner
7225,Dominick Reyes,The Devastator
7228,Kyler Phillips,The Matrix
7235,Nadia Kassem,187
7240,Maycee Barber,The Future
7245,Amanda Ribas,
7253,Júnior Albini,Baby
7261,Aleksandra Albu,Stitch
7262,Jarred Brooks,The Monkey God
7264,Azamat Murzakanov,The Professional
7266,Jared Vanderaa,The Mountain
7270,Ji Yeon Kim,Fire Fist
7280,Luis Henrique da Silva,Frankenstein
7282,Chan Mi Jeon,Ottogi Girl
7287,Frank Camacho,The Crank
7294,Arjan Bhullar,Singh
7335,Amanda Lemos,Amandinha
7343,Roman Kopylov,
7346,Tony Gravely,
7351,Abdul-Kerim Edilov,The Chechnyan Lion
7352,Cody Stamann,The Spartan
7353,James Bochnovic,
7356,Aleksandar Rakić,Rocket
7357,Nick Roehrick,
7359,Khalid Taha,The Warrior
7361,Jamie Pickett,The Night Wolf
7362,Daniel Teymur,Kid Dynamite
7363,Danny Henry,The Hatchet
7380,Jeff Molina,El Jefe
7382,Gökhan Saki,The Rebel
7389,Karl Roberson,Baby K
7395,Brandon Davis,Killer B
7396,John Castañeda,Sexi Mexi
7404,Zabit Magomedsharipov,
7409,Syuri Kondo,
7425,Stephanie Egger,
7427,Tracy Cortez,
7431,Humberto Bandenay,
7436,Julio Arce,
7444,Tai Tuivasa,Bam Bam
7448,Martin Day,The Spartan
7450,Daichi Abe,
7451,Rob Wilkinson,Razor
7452,Ramazan Emeev,Gorets
7454,Kennedy Nzechukwu,African Savage
7455,JP Buys,Young Savage
7457,Mike Santiago,
7459,Bevon Lewis,The Extraordinary Gentleman
7461,Allen Crowder,Pretty Boy
7482,Adam Wieczorek,Siwy
7484,Carlos Felipe,Boi
7485,Lauren Mueller,Princess Tiger
7486,Poliana Botelho,
7492,Jack Della Maddalena,
7494,Charles Johnson,InnerG
7496,Dakota Bush,Hairy
7507,Maria Oliveira,Spider Girl
7510,Manel Kape,Starboy
7522,Zarah Fairn,Infinite
7556,Kevin Natividad,Quicksand
7557,Marcelo Golm,
7558,Ismail Naurdiev,
7563,Jeff Hughes,Lights Out
7567,Westin Wilson,
7575,Xiaonan Yan,Nine
7576,Yanan Wu,Mulan
7578,Petr Yan,No Mercy
7598,Tagir Ulanbekov,
7610,Ľudovít Klein,Mr. Highlight
7616,Roque Martinez,Champ
7622,Nasrat Haqparast,
7638,Tanner Boser,The Bulldozer
7639,Michał Oleksiejczuk,Hussar
7652,Salim Touahri,Grizzly
7653,Fernando Padilla,El Valiente
7675,Josh Fremd,
7701,Muslim Salikhov,King of Kung Fu
7702,Juan Adams,The Kraken
7705,Melissa Martinez,Super Mely
7706,Marcelo Rojo,Pitbull
7717,Markus Perez,Maluko
7722,Nikolay Veretennikov,
7724,Ramiz Brahimaj,
7726,Virna Jandiroba,Carcará
7727,Bharat Khandare,Daring
7729,Wulijiburen,The Beastmaster
7730,Shane Young,Maraenui
7731,Kenan Song,The Assassin
7732,Pingyuan Liu,
7742,Yaozong Hu,Totoro
7744,Carlos Leal,The Lion
7754,Priscila Cachoeira,Zombie Girl
7757,Kay Hansen,
7764,Mohammad Yahya,The UAE Warrior
7765,Kai Asakura,
7777,Nicco Montaño,
7778,Melinda Fábián,The Predator
7779,Christina Marks,
7780,Montana De La Rosa,
7781,Karine Gevorgyan,The Princess
7782,Shana Dobson,Danger
7783,Emily Whitmire,Spitfire
7784,Gillian Robertson,The Savage
7792,Talita Bernardo,
7794,Magomed Ankalaev,
7814,Karine Silva,Killer
7816,Maia Kahaunaele,
7817,Polyana Viana,Dama de Ferro
7819,Michel Batista,
7832,Brogan Walker,The Bear
7834,Loma Lookboonmee,
7840,Cory McKenna,Poppins
7845,Israel Adesanya,The Last Stylebender
7848,Jordan Wright,The Beverly Hills Ninja
7865,Modestas Bukauskas,The Baltic Gladiator
7875,Yorgan De Castro,The Mad Titan
7876,Fabio Cherant,Water Buffalo
7881,Roosevelt Roberts,The Predator
7912,Mana Martinez,Manaboi
7928,Liana Jojua,She Wolf
7943,Puja Tomar,The Cyclone
7946,Chelsea Chandler,
7950,Tim Williams,The South Jersey Strangler
7951,Dricus Du Plessis,Stillknocks
7955,Weili Zhang,Magnum
7977,Alexander Hernandez,The Great Ape
8002,Aliaskhab Khizriev,The Black Wolf
8007,Liliya Shakirova,
8036,Jimmy Crute,The Brute
8037,Jack Jenkins,Phar
8045,Zhalgas Zhumagulov,Zhako
8059,Jeremiah Wells,
8067,Mohammed Usman,The Motor
8076,Andre Ewell,Fire Fist
8098,Alexey Kunchenko,Wolverine
8102,Zelim Imadaev,
8132,Rafael Alves,The Turn
8148,Macy Chiasson,
8150,Julia Avila,Raging Panda
8152,Carlo Pedersoli,Semento
8154,Hailey Cowan,All Hail
8166,Chepe Mariscal,Machine Gun
8167,Pat Sabatini,
8169,Khalid Murtazaliev,
8177,Darrius Flowers,Beast Mode
8178,Hyder Amil,The Hurricane
8181,Nohelin Hernandez,Suavé
8190,Don Madge,Magic Man
8191,Greg Hardy,The Prince of War
8192,Said Nurmagomedov,
8207,Austin Hubbard,Thud
8215,Darko Stošić,The Hammer
8218,Jairzinho Rozenstruik,Bigi Boy
8219,Askar Askarov,Bullet
8222,Jarno Errens,
8225,Manon Fiorot,The Beast
8229,Jordan Williams,Bomaye
8230,Jamal Pogues,The Stormtrooper
8232,Deron Winn,
8244,Hector Aldana,El Charro
8245,Yadong Song,Kung Fu Kid
8254,Austen Lane,
8255,Montel Jackson,Quik
8257,Antonina Shevchenko,La Pantera
8258,Rafael Fiziev,Ataman
8265,Abus Magomedov,
8276,Kayla Harrison,
8279,Austin Lingo,Lights Out
8282,Te Edwards,Tango
8322,Ilia Topuria,El Matador
8333,Damir Ismagulov,Qazaq
8336,Erin Blanchfield,Cold Blooded
8346,Luis Pena,Violent Bob Ross
8348,Callan Potter,The Rockstar
8374,Josh Parisian,
8383,Makhmud Muradov,Mach
8409,Allan Zuñiga,Tigre
8410,Joe Giannetti,Skeletor
8411,Michael Trizano,The Lone Wolf
8412,John Gunther,The Machine
8418,Edmen Shahbazyan,The Golden Boy
8422,Alex Munoz,
8423,Mike Davis,Beast Boy
8425,Chase Hooper,The Dream
8426,Brad Katona,Superman
8427,Jay Cucciniello,The Mellow Fellow
8428,Tyler Diamond,
8432,Alen Amedovski,
8450,Omar Morales,Resilient
8457,Movsar Evloev,
8459,Adam Yandiev,Beard
8471,Da'Mon Blackshear,Da Monster
8472,Jacob Kilburn,The Killer
8473,Devonte Smith,King Kage
8477,Mariya Agapova,Money Mashka
8481,Shanna Young,The Shanimal
8508,Ryan MacDonald,Main Event
8520,Gilbert Urbina,The RGV Bad Boy
8521,Sean Brady,
8523,Danyelle Wolf,
8527,Chris Daukaus,
8530,Joe Pyfer,Bodybagz
8534,Raphael Pessoa,Bebezão
8537,Jin Soo Son,
8538,André Muniz,Sergipano
8541,Taila Santos,
8542,Johnny Walker,
8543,Marina Rodriguez,
8546,Mayra Bueno Silva,Sheetara
8547,Rogério Bontorin,
8548,Antônio Arroyo,
8551,Sarah Frota,A Treta
8553,Raulian Paiva,
8554,John Allan,The Hunter
8555,Vinicius Moreira,Mamute
8577,Zarrukh Adashev,The Lion
8582,Saidyokub Kakhramonov,
8602,Dennis Buzukja,The Great
8630,Stefan Sekulić,
8636,Luigi Vendramini,The Italian Stallion
8641,Punahele Soriano,Puna
8646,Adam Fugitt,
8664,Joselyne Edwards,La Pantera
8701,Hannah Cifers,Shockwave
8705,Montserrat Conejo Ruiz,Conejo
8711,Laureano Staropoli,Pepi
8714,Jesus Pinedo,El Mudo
8723,Sergey Morozov,
8746,Sumudaerji,The Tibetan Eagle
8747,Suman Mokhtarian,
8749,Liudvik Sholinian,Palmeyros
8757,Vince Cachero,The Anomaly
8763,Juan Espino,El Guapo
8767,Alex Gorgees,Hitman
8774,Miranda Granger,Danger
8823,Youssef Zalal,The Moroccan Devil
8840,Kyle Daukaus,The D'Arce Knight
8856,William Knight,Knightmare
8861,Chris Duncan,The Problem
8867,Mario Bautista,
8870,Marcos Mariano,Dhalsim
8891,Reinier de Ridder,The Dutch Knight
8893,Billy Goff,
8897,Felipe Colares,Cabocão
8898,Geraldo de Freitas,Spartan
8900,Victoria Leonardo,Fury
8903,Hunter Azure,
8909,Mike Grundy,
8910,Joel Alvarez,El Fenomeno
8930,Tom Aspinall,
8934,Ian Machado Garry,The Future
8944,Klidson Abreu,White Bear
8946,Gabriel Silva,Gambit
8960,Marc-André Barriault,Powerbar
8961,Sergei Pavlovich,
8967,Nicolae Negumereanu,Nicu
8980,Morgan Charrière,The Last Pirate
8981,Manolo Zecchini,Angelo Veneziano
8992,Luana Carolina,Dread
8998,Vanessa Demopoulos,Lil Monster
9000,Fernie Garcia,
9008,Joseph Holmes,Ugly Man
9030,Randy Costa,The Zohan
9034,Arman Tsarukyan,Ahalkalakets
9040,Loik Radzhabov,The Tajik Tank
9052,Bea Malecki,Bad News Barbie
9054,Duda Santana,Cowboyzinha
9063,Serghei Spivac,Polar Bear
9064,Alex da Silva,Leko
9065,Seung Woo Choi,Sting
9071,Michel Pereira,Demolidor
9074,Ange Loosa,The Last Ninja
9084,Garrett Armfield,
9088,Melissa Gatto,
9094,Roman Dolidze,The Caucasian
9107,Oban Elliott,The Welsh Gangster
9109,Cole Smith,The Cole Train
9113,Takashi Sato,Ten
9130,Grigorii Popov,
9131,Charles Jourdain,Air
9135,Joanderson Brito,Tubarão
9139,Dalcha Lungiambula,Champion
9146,Christian Rodriguez,CeeRod
9149,Carlos Huachin,El Perro Malo
9154,Rostem Akman,Kurdimus Prime
9155,Viviane Araujo,Vivi
9159,Natan Levy,Lethal
9168,Brok Weaver,Chata Tuska
9170,Hannah Goldy,24k
9171,Bill Algeo,Señor Perfecto
9183,Sung Bin Jo,Korean Falcon
9198,Nathan Fletcher,
9200,Daniel Zellhuber,Golden Boy
9217,Danny Silva,El Puma
9219,Juancamilo Ronderos,100
9241,Rafa García,Gifted
9245,Joe Solecki,
9246,Jonathan Pearce,JSP
9247,Ottman Azaitar,Bulldozer
9257,Jose Johnson,Lobo Solitario
9273,Ciryl Gane,Bon Gamin
9274,Journey Newson,
9275,Wellington Turman,The Prodigy
9282,Ode Osbourne,The Jamaican Sensation
9286,Terrance McKinney,T.Wrecks
9288,Jamahal Hill,Sweet Dreams
9289,Aleksa Camur,
9290,Aalon Cruz,
9291,Steven Nguyen,The Ninja
9293,Rodrigo Nascimento,Zé Colmeia
9297,Dean Barry,The Sniper
9312,Jun Yong Park,The Iron Turtle
9313,Yoshinori Horie,Rising Star
9314,Nikolas Motta,Iron
9315,Justin Tafa,Bad Man
9316,Eduardo Garagorri,
9317,Ariane Carnelossi,Sorriso
9318,Rodolfo Vieira,The Black Belt Hunter
9342,Sean Woodson,The Sniper
9364,Victor Henry,La Mangosta
9365,Umar Nurmagomedov,
9371,Jesse Strader,Sui Generis
9379,Phil Rowe,The Fresh Prince
9383,Rodrigo Vargas,Kazula
9389,Da Woon Jung,Sseda
9397,Duško Todorović,Thunder
9398,Impa Kasanganay,Tshilobo
9400,Ben Sosoli,Combat Wombat
9411,Jake Hadley,White Kong
9417,Karol Rosa,
9418,Lara Fritzen,
9433,Lerone Murphy,The Miracle
9436,Gustavo Lopez,
9440,Erick Gonzalez,The Ghost Pepper
9450,Diana Belbiţă,The Warrior Princess
9451,Fares Ziam,Smile Killer
9456,Lupita Godinez,Loopy
9461,Landon Quiñones,The Lone Wolf
9468,Batgerel Danaa,Storm
9469,Alatengheili,The Mongolian Knight
9470,Khadis Ibragimov,
9492,Tristan Connelly,Boondock
9509,Edgar Cháirez,Puro Chicali
9515,Jordan Vucenic,The Epidemic
9517,Brad Riddell,Quake
9518,Jamie Mullarkey,
9527,Silvana Gómez Juárez,La Malvada
9537,Khaos Williams,The Oxfighter
9539,Collin Anglin,
9554,Elise Reed,
9662,Victor Altamirano,El Magnifico
9672,Ivan Erslan,
9676,Zviad Lazishvili,
9708,Tafon Nchukwi,Da Don
9738,Askar Mozharov,No Mercy
9740,Muhammad Naimov,Hillman
9746,Carlos Mota,Tizil
9748,Isabela de Pádua,Belinha
9750,Ignacio Bahamondes,La Jaula
9787,Daniel Barez,
9804,Victor Martinez,The Brick
9816,Louis Cosce,The Monster
9818,Dan Argueta,The Determined
9825,Norma Dumont,The Immortal
9841,Kevin Borjas,El Gallo Negro
9863,Sam Hughes,Sampage
9868,Nazim Sadykhov,Black Wolf
9869,Jasmine Jasudavicius,
9906,Max Rohskopf,Rated R
9925,Shavkat Rakhmonov,Nomad
9926,Julija Stoliarenko,
9928,Josh Culibao,Kuya
9930,Spike Carlyle,The Alpha Ginger
9944,David Dvořák,Undertaker
9945,Alexandr Romanov,King Kong
9952,Yohan Lainesse,White Lion
9957,Michal Figlak,Mad Dog
9979,Mandy Böhm,Monster
9980,Charalampos Grigoriou,The Ferocious
9999,Shara Magomedov,Bullet
10059,Łukasz Brzeski,The Bull
10088,Tereza Bledá,
10094,Mounir Lazzez,The Sniper
10115,Roman Bogatov,
10138,T.J. Laramie,The Truth
10168,Cody Brundage,
10170,Drako Rodriguez,The Great Drakolini
10189,Khamzat Chimaev,Borz
10190,Bruno Souza,The Tiger
10210,Jordan Leavitt,The Monkey King
10214,Dustin Stoltzfus,
10215,Nate Maness,Mayhem
10229,Uros Medic,The Doctor
10230,Ronaldo Rodríguez,Lazy Boy
10231,Cody Durden,Custom Made
10235,Charlie Campbell,The Cannibal
10238,Ali AlQaisi,The Royal Fighter
10240,Kai Kamaka III,Fighting Hawaiian
10241,Johnny Munoz Jr.,Kid Kvenbo
10252,Cheyanne Vlismas,The Warrior Princess
10253,Orion Cosce,Galaxy
10259,Danny Chavez,The Colombian Warrior
10266,Tucker Lutz,Top Gun
10268,Matthew Semelsberger,Semi The Jedi
10271,Carlton Minus,Clutch
10279,Trevin Jones,5 Star
10280,Evan Elder,The Phenom
10282,Melsik Baghdasaryan,The Gun
10295,Abdul-Kareem Al-Selwady,Pride Of Palestine
10299,Viacheslav Borshchev,Slava Claus
10300,Clayton Carpenter,
10307,Nassourdine Imavov,The Sniper
10312,Tabatha Ricci,Baby Shark
10315,Nick Maximov,
10316,Josh Quinlan,Bushido
10348,Jacob Malkoun,Mamba
10350,Christian Leroy Duncan,CLD
10377,KB Bhullar,The Bengal
10382,Alan Baudot,The Black Samourai
10385,Guram Kutateladze,Georgian Viking
10388,Andre Petroski,
10404,Carlos Ulberg,Black Jag
10407,Ozzy Diaz,
10416,Victor Rodriguez,Vicious
10420,Gloria de Paula,Glorinha
10428,Juliana Miller,Killer
10437,Jamey Simmons,The Afro Samurai
10438,Harry Hunsucker,The Hurricane
10463,Alex Pereira,Poatan
10468,Luana Pinheiro,
10469,Sasha Palatnikov,
10482,Bassil Hafez,The Habibi
10514,Francisco Figueiredo,Sniper
10524,Casey O'Neill,King
10546,Thomas Petersen,The Train
10547,Natália Silva,
10550,Zac Pauga,The High Chief
10566,Gaetano Pirrello,El Tigre
10576,Denys Bondar,Psycho
10594,Darian Weeks,
10778,Mitch Raposo,
10780,Jaqueline Amorim,Jacque
10791,Carlston Harris,Moçambique
10793,CJ Vergara,
10796,MarQuel Mederos,
10803,Cameron Smotherman,The Baby-Faced Killer
10808,David Onama,Silent Assassin
10816,Isaac Dulgarian,The Midwest Choppa
10819,Felipe Lima,Jungle Boy
10833,Josefine Knutsson,Thunder
10837,Aoriqileng,The Mongolian Murderer
10851,Nursulton Ruziboev,Black
10853,Asu Almabayev,Zulfikar
10870,Anton Turkalj,The Pleasure Man
10897,Azat Maksum,Qazaq
10916,AJ Cunningham,The Savage
10936,Rongzhu,
10937,Na Liang,Dragon Girl
10973,Javid Basharat,The Snow Leopard
10991,Gabriel Miranda,Fly
10994,Ikram Aliskerov,
10995,Muhammad Mokaev,The Punisher
10998,Benardo Sopaj,The Lion King
11019,Timmy Cuamba,Twilight
11029,Josiane Nunes,Josi
11078,Nurullo Aliev,Tajik Eagle
11124,Shayilan Nuerdanbieke,Wolverine
11127,Piera Rodriguez,La Fiera
11138,Fatima Kline,The Archangel
11162,Robert Bryczek,
11217,Cameron Saaiman,MSP
11261,Klaudia Syguła,
11410,Sam Patterson,The Future
11422,Yanis Ghemmouri,The Desert Warrior
11468,Manuel Torres,El Loco
11489,Martin Buday,Badys
11513,Bruno Silva,Blindado
11514,Armen Petrosyan,Superman
11655,Talita Alencar,Problem Child
11723,Ismael Bonfim,Marreta
11734,Kauê Fernandes,
11737,Stephanie Luciano,Rondinha
11740,Luan Lacerda,
11749,Kaynan Kruschewsky,Bahia
11752,Gabriel Bonfim,Marretinha
11785,Tamires Vidal,Tratora
11791,Farid Basharat,Ferocious
12102,Daniel Lacerda,Miojo
12200,James Llontop,Goku
12231,Brady Hiestand,Bam Bam
12232,Martin Sano,Spartan
12265,Bryan Battle,The Butcher
12266,Tresean Gore,Mr. Vicious
12267,Vinicius Salvador,Fenômeno
12268,Saimon Oliveira,
12269,Khusein Askhabov,Nohcho
12270,Chad Anheliger,The Monster
12271,AJ Fletcher,The Ghost
12274,Micheal Gillmore,The Gentleman
12309,Sedriques Dumas,The Reaper
12328,Diego Lopes,
12394,Julia Polastri,Psycho
12427,Jailton Almeida,Malhadinho
12449,Cameron VanCamp,Jumpman
12493,AJ Dobson,
12495,Michael Morales,
12497,Kleydson Rodrigues,KR
12522,Shamil Gaziev,
12547,Quang Le,Bang
12569,Ihor Potieria,Duelist
12570,Caio Borralho,The Natural
12571,Lucas Almeida,
12614,Joshua Weems,Wide Open
12616,Genaro Valdéz,Rayadito
12636,Benoit Saint-Denis,God of War
12679,Oumar Sy,
12689,Jonny Parsons,The Sluggernaut
12701,Marnic Mann,The Sawed-Off Savage
12710,Irina Alekseeva,Russian Ronda
12713,Gadzhi Omargadzhiev,
12717,Long Xiao,
12720,Mansur Abdul-Malik,
12721,Vinicius Oliveira,Lok Dog
12728,Yanal Ashmouz,Red Fox
12733,Maheshate Hayisaer,
12770,Themba Gorimbo,The Answer
12811,Dione Barbosa,The Witch
12830,Waldo Cortes-Acosta,Salsa Boy
12831,Mike Mathetha,Blood Diamond
12838,Victor Hugo,Striker
12971,Zach Scroggin,
13013,Blake Bilder,El Animal
13017,Angel Pacheco,
13028,Connor Matthews,The Controller
13089,Mike Malott,Proper
13104,Pete Rodriguez,Dead Game
13140,Mairon Santos,The Legend
13186,Jesse Butler,
13235,Ivana Petrović,
13242,Felipe Bunes,Felipinho
13254,Karl Williams,
13311,Tatsuro Taira,
13314,Ramona Pascual,
13392,Brendson Ribeiro,The Gorilla
13407,Jacqueline Cavalcanti,The Nightmare
13433,Denise Gomes,Dee
13460,Ketlen Souza,Esquentadinha
13471,Robert Valentin,Robzilla
13474,Denis Tiuliulin,
13555,Myktybek Orolbai,
13557,Rinat Fakhretdinov,Gladiator
13592,Caolán Loughran,The Don
13649,Dylan Budka,The Mindless Hulk
13707,Serhiy Sidey,
13734,Chang Ho Lee,
13774,Melquizael Costa,Melk Cauthy
13778,Bruna Brasil,The Special One
13793,Yazmin Jauregui,
13847,Trey Waters,The Truth
13883,Ailín Pérez,Fiona
13920,Seung Guk Choi,
13922,Toshiomi Kazama,Silent Finisher
13935,Rinya Nakamura,Hybrid
13936,Anshul Jubli,King of Lions
13942,Hyun Sung Park,Peace of Mind
13981,Melissa Mullins,No Mess
14049,Luana Santos,
14050,Marcus McGhee,The Maniac
14110,Jean Matsumoto,
14121,Alessandro Costa,Nono
14124,Iasmin Lucindo,
14134,Lone'er Kavanagh,
14137,Hamdy Abdelwahab,The Hammer
14184,Shannon Ross,The Turkish Delight
14185,Francis Marshall,Fire
14186,Cristian Quiñonez,Problema
14211,Bo Nickal,
14213,Erik Silva,King
14245,Esteban Ribovics,El Gringo
14247,Claudio Ribeiro,
14277,Mick Parkin,
14279,Jesus Aguilar,
14317,Yusaku Kinoshita,Wonderboy
14333,William Gomis,Jaguar
14346,Vitor Petrino,Icão
14364,Trevor Peek,
14365,Daniel Marcos,Soncora
14385,Nora Cornolle,Wonder
14404,Brunno Ferreira,The Hulk
14406,Jafel Filho,Pastor
14501,Mateus Mendonça,Bocão
14504,Montserrat Rendon,Monster
14505,Shauna Bannon,Mama B
14517,Gabriella Fernandes,Gabi
14594,Lucas Alexander,The Lion
14658,Magomed Gadzhiyasulov,MG
14661,Raul Rosas Jr.,El Niño Problema
14690,Darya Zheleznyakova,The Iron Lady
14705,Carlos Prates,The Nightmare
14707,Felipe dos Santos,Lipe Detona
14721,Mingyang Zhang,Mountain Tiger
14745,Joshua Van,The Fearless
14810,Braxton Smith,The Beautiful Monster
14814,Danny Barlow,LeftHand2God
14832,Junior Tafa,The Juggernaut
14867,Steven Koslow,Obi Won Shinobi The Pillow
15004,Bekzat Almakhan,The Turan Warrior
15041,Mateusz Rębecki,Rebeasti
15042,Nick Fiore,
15049,Francisco Prado,
15050,Nick Aguirre,Slick
15072,Jeka Saragih,Si Tendangan Maut
15075,Jeong Yeong Lee,The Korean Tiger
15076,Yizha,
15079,Ryan Loder,Man Of Steel
15109,Elves Brener,
15113,Ernesta Kareckaite,Heavy-Handed
15153,Rolando Bedoya,The Machine
15245,Tainara Lisboa,Thai Panther
15300,Rafael Estevam,Macapá
15320,Alice Ardelean,
15372,Gabriel Santos,Mosquitinho
15422,Payton Talbott,
15531,Jamey-Lyn Horth,
15719,Rayanne Amanda,
15736,Mitch Ramirez,The Fight Stalker
15865,Nyamjargal Tumendemberel,Art of Knockout
15872,Rei Tsuruya,
15879,Baergeng Jieleyisi,
15885,Lucas Rocha,Fenômeno
15904,Steve Erceg,AstroBoy
15905,Victoria Dudakova,
15949,Cortavious Romious,Are You Not Entertained?
16059,Terrence Mitchell,Terr-Bear
16067,Robelis Despaigne,The Big Boy
16106,Val Woodburn,The Animal
16132,André Lima,Mascote
16303,Tom Nolan,Big Train
16304,César Almeida,Cesinha
16318,Eduarda Moura,Ronda
16319,Ibo Aslan,The Last Ottoman
16353,Zach Reese,Savage
16354,Luis Pajuelo,Corazón de León
16384,Bogdan Guskov,Czarevitch
16406,Bolaji Oki,The Zulu Warrior
16429,Kevin Jousset,Air
16460,Ramon Taveras,The Savage
16483,Jhonata Diniz,
16539,Carli Judice,Crispy
16593,Ravena Oliveira,Kenoudy
16595,Mauricio Ruffy,One Shot
16620,Brendon Marotte,The Kid
16739,Jose Ochoa,Kalzifer
17299,Igor Severino,
17371,Valter Walker,The Clean Monster
17649,Tuco Tokkos,
17653,DongHun Choi,
17668,Ming Shi,Doctor
18148,Stewart Nicoll,Kakamora
18152,Cong Wang,The Joker
18212,Cody Haddon,
18251,Zygimantas Ramaska,
18252,Kaan Ofli,Genghis
18344,Navajo Stirling,
18532,Ramazan Temirov,Temurlan
18575,Raffael Cerqueira,The Lion
18607,Sean Sharaf,The Smoke
18771,Kiru Sahota,
18776,Roberto Romero,El Charro Negro
18785,Su Young You,Yoo-Jitsu
18786,Xiaocan Feng,
