id,name,date,location,is_ufc_event,event_order
227,UFC on Fox 7 Henderson vs. Melendez,2013-04-20,"San Jose, California",1,234
173,UFC 159 - Jones vs. Sonnen,2013-04-27,"Newark, New Jersey",1,235
151,UFC on FX 8 - Belfort vs. Rockhold,2013-05-18,"Santa Catarina, Brazil",1,236
150,UFC 160 - Velasquez vs. Bigfoot 2,2013-05-25,"Las Vegas, Nevada",1,237
147,UFC on Fuel TV 10 - Nogueira vs. Werdum,2013-06-08,"Fortaleza, Brazil",1,238
146,UFC 161 - Evans vs. Henderson,2013-06-15,"Winnipeg, Canada",1,239
145,UFC 162 - Silva vs. Weidman,2013-07-06,"Las Vegas, Nevada",1,240
144,UFC on Fox 8 - Johnson vs. Moraga,2013-07-27,"Washington, USA",1,241
143,UFC 163 - Aldo vs. Korean Zombie,2013-08-03,"Rio de Janeiro, Brazil",1,242
142,UFC Fight Night 26 - Shogun vs. Sonnen,2013-08-17,"Boston, Massachusetts",1,243
141,UFC Fight Night 27 - Condit vs. Kampmann 2,2013-08-28,"Indianapolis, United States",1,244
140,UFC 164 - Henderson vs. Pettis 2,2013-08-31,"Milwaukee, United States",1,245
139,UFC Fight Night 28 - Teixeira vs. Bader,2013-09-04,"Belo Horizonte, Brazil",1,246
138,UFC 165 - Jones vs. Gustafsson,2013-09-21,"Toronto, Canada",1,247
137,UFC Fight Night 29 - Maia vs. Shields,2013-10-09,"Sao Paulo, Brazil",1,248
136,UFC 166 - Velasquez vs. dos Santos 3,2013-10-19,"Houston, Texas",1,249
135,UFC Fight Night 30 - Machida vs. Munoz,2013-10-26,"Manchester, England",1,250
116,UFC - Fight for the Troops 3,2013-11-06,"Hopkinsville, Kentucky",1,251
115,UFC Fight Night 32 - Belfort vs. Henderson,2013-11-09,"Goiania, Brazil",1,252
114,UFC 167 - St. Pierre vs. Hendricks,2013-11-16,Las Vegas,1,253
113,UFC - The Ultimate Fighter 18 Finale,2013-11-30,Las Vegas,1,254
112,UFC Fight Night 33 - Hunt vs. Bigfoot,2013-12-07,"Brisbane, Australia",1,255
111,UFC on Fox 9 - Johnson vs. Benavidez 2,2013-12-14,"Sacramento, California",1,256
110,UFC 168 - Weidman vs. Silva 2,2013-12-28,Las Vegas,1,257
109,UFC Fight Night 34 - Saffiedine vs. Lim,2014-01-04,"Marina Bay, Singapore",1,258
108,UFC Fight Night 35 - Rockhold vs. Philippou,2014-01-15,"Duluth, Georgia",1,259
107,UFC on Fox 10 - Henderson vs. Thomson,2014-01-25,"Chicago, Illinois",1,260
106,UFC 169 - Barao vs. Faber 2,2014-02-01,"Newark, New Jersey",1,261
105,UFC Fight Night 36 - Machida vs. Mousasi,2014-02-15,"Santa Catarina, Brazil",1,262
104,UFC 170 - Rousey vs. McMann,2014-02-22,"Las Vegas, Nevada",1,263
127,UFC - The Ultimate Fighter China Finale,2014-03-01,"Macau, China",1,264
99,UFC Fight Night 37 - Gustafsson vs. Manuwa,2014-03-08,"London, England",1,265
98,UFC 171 - Hendricks vs. Lawler,2014-03-15,"Dallas, Texas",1,266
97,UFC Fight Night 38 - Shogun vs. Henderson 2,2014-03-23,"Natal, Brazil",1,267
96,UFC Fight Night 39 - Nogueira vs. Nelson,2014-04-11,"Abu Dhabi, United Arab Emirates",1,268
95,UFC - The Ultimate Fighter Nations Finale,2014-04-16,Quebec,1,269
94,UFC on Fox 11 - Werdum vs. Browne,2014-04-19,"Orlando, Florida",1,270
93,UFC 172 - Jones vs. Teixeira,2014-04-26,"Baltimore, Maryland",1,271
92,UFC Fight Night 40 - Brown vs. Silva,2014-05-10,"Cincinnati, Ohio",1,272
91,UFC 173 - Barao vs. Dillashaw,2014-05-24,Las Vegas,1,273
90,UFC - The Ultimate Fighter Brazil 3 Finale,2014-05-31,"Sao Paulo, Brazil",1,274
89,UFC Fight Night 41 - Munoz vs. Mousasi,2014-05-31,"Berlin, Germany",1,275
88,UFC Fight Night 42 - Henderson vs. Khabilov,2014-06-07,"Albuquerque, New Mexico",1,276
87,UFC 174 - Johnson vs. Bagautinov,2014-06-14,"Vancouver, Canada",1,277
86,UFC Fight Night 43 - Te Huna vs. Marquardt,2014-06-28,"Auckland, New Zealand",1,278
85,UFC Fight Night 44 - Swanson vs. Stephens,2014-06-28,"San Antonio, Texas",1,279
84,UFC 175 - Weidman vs. Machida,2014-07-05,Las Vegas,1,280
83,UFC - The Ultimate Fighter 19 Finale,2014-07-06,Las Vegas,1,281
82,UFC Fight Night 45 - Cerrone vs. Miller,2014-07-16,"Atlantic City, New Jersey",1,282
81,UFC Fight Night 46 - McGregor vs. Brandao,2014-07-19,"Dublin, Ireland",1,283
79,UFC on Fox 12 - Lawler vs. Brown,2014-07-26,"San Jose, California",1,284
78,UFC Fight Night 47 - Bader vs. St. Preux,2014-08-16,"Bangor, Maine",1,285
77,UFC Fight Night 48 - Bisping vs. Le,2014-08-23,"Macau, China",1,286
76,UFC Fight Night 49 - Henderson vs. dos Anjos,2014-08-23,"Tulsa, Oklahoma",1,287
75,UFC 177 - Dillashaw vs. Soto,2014-08-30,"Sacramento, California",1,288
74,UFC Fight Night 50 - Jacare vs. Mousasi 2,2014-09-05,"Mashantucket, Connecticut",1,289
73,UFC Fight Night 51 - Bigfoot vs. Arlovski 2,2014-09-13,Brasilia,1,290
72,UFC Fight Night 52 - Hunt vs. Nelson,2014-09-20,"Saitama, Japan",1,291
71,UFC 178 - Johnson vs. Cariaso,2014-09-27,Las Vegas,1,292
69,UFC Fight Night 54 - MacDonald vs. Saffiedine,2014-10-04,"Halifax, Nova Scotia",1,293
70,UFC Fight Night 53 - Nelson vs. Story,2014-10-04,"Stockholm, Sweden",1,294
68,UFC 179 - Aldo vs. Mendes 2,2014-10-25,Rio de Janeiro,1,295
1,UFC Fight Night - Rockhold vs. Bisping,2014-11-07,"Sydney, Australia",1,296
2,UFC Fight Night - Shogun vs. St. Preux,2014-11-08,"Minas Gerais, Brazil",1,297
3,UFC 180 - Werdum vs. Hunt,2014-11-15,Mexico City,1,298
4,Belator 131 - Tito vs Bonnar,2014-11-15,San Diego,0,
5,UFC Fight Night - Edgar vs. Swanson,2014-11-22,"Austin, Texas",1,299
6,UFC 181 - Hendricks vs. Lawler 2,2014-12-06,Las Vegas,1,300
7,UFC - The Ultimate Fighter 20 Finale,2014-12-12,Las Vegas,1,301
9,UFC on Fox 13 - Dos Santos vs. Miocic,2014-12-13,"Phoenix, Arizona",1,302
8,WSOF 16 - Palhares vs. Fitch,2014-12-13,"Sacramento, California",0,
10,UFC Fight Night - Machida vs. Dollaway,2014-12-20,"Sao Paulo, Brazil",1,303
11,UFC 182 - Jones vs. Cormier,2015-01-03,"Las Vegas, Nevada",1,304
152,Bellator MMA - Bellator 132,2015-01-16,"Temecula, California",0,
153,WSOF 17 - Shields vs. Foster,2015-01-17,"Las Vegas, Nevada",0,
12,UFC Fight Night - McGregor vs. Siver,2015-01-18,"Boston, Massachusetts",1,305
13,UFC on Fox 14 - Gustafsson vs. Johnson,2015-01-24,"Stockholm, Sweden",1,306
14,UFC 183 - Silva vs. Diaz,2015-01-31,Las Vegas,1,307
154,WSOF 18 - Moraes vs. Hill,2015-02-12,"Edmonton, Canada",0,
155,Bellator 133 - Manhoef vs. Shlemenko,2015-02-13,"Fresno, California",0,
15,UFC Fight Night - Henderson vs Thatch,2015-02-14,"Broomfield, Colorado",1,308
16,UFC Fight Night - Mir vs. Bigfoot,2015-02-22,"Porto Alegre, Brazil",1,309
156,Bellator 134 - British Invasion,2015-02-27,"Uncasville, Connecticut",0,
17,UFC 184 - Rousey vs. Zingano,2015-02-28,Los Angeles,1,310
18,UFC 185 - Pettis vs. Dos Anjos,2015-03-14,Dallas,1,311
19,UFC Fight Night - Maia vs. LaFlare,2015-03-21,"Rio de Janeiro, Brazil",1,312
157,Bellator 135 - Warren vs. Galvao,2015-03-27,"Thackerville, Oklahoma",0,
158,WSOF 19 - Gaethje vs. Palomino,2015-03-28,"Phoenix, Arizona",0,
20,UFC Fight Night - Mendes vs. Lamas,2015-04-04,"Fairfax, Virginia",1,313
159,Bellator 136 - Brooks vs. Jansen,2015-04-10,"Irvine, California",0,
21,UFC Fight Night - Gonzaga vs. Cro Cop 2,2015-04-11,"Krakow, Poland",1,314
22,UFC on Fox 15 - Rockhold vs. Machida,2015-04-18,"Newark, New Jersey",1,315
23,UFC 186 - Johnson vs. Horiguchi,2015-04-25,"Montreal, Canada",1,316
24,UFC Fight Night - Hunt vs. Miocic,2015-05-09,"Adelaide, Australia",1,317
25,UFC Fight Night - Edgar vs. Faber,2015-05-16,Philippines,1,318
26,UFC 187 - Cormier vs. Johnson,2015-05-23,Las Vegas,1,319
27,UFC Fight Night - Condit vs. Alves,2015-05-30,"Goias, Brazil",1,320
160,WSOF 21 - Palmer vs. Horodecki,2015-06-05,"Edmonton, Canada",0,
28,UFC Fight Night - Boetsch vs. Henderson,2015-06-06,"New Orleans, USA",1,321
29,UFC 188 - Velasquez vs. Werdum,2015-06-13,Mexico City,1,322
30,UFC Fight Night - Jedrzejczyk vs. Penne,2015-06-20,"Berlin, Germany",1,323
31,UFC Fight Night - Machida vs. Romero,2015-06-27,Florida,1,324
161,Invicta FC 13 - Cyborg vs. Van Duin,2015-07-09,"Las Vegas, Nevada",0,
32,UFC 189 - McGregor vs. Mendes,2015-07-11,Las Vegas,1,325
33,UFC - The Ultimate Fighter 21 Finale,2015-07-12,Las Vegas,1,326
34,UFC Fight Night - Mir vs. Duffee,2015-07-15,San Diego,1,327
41,Bellator 140 - Lima vs. Koreshkov,2015-07-17,"Uncasville,Connecticut",0,
35,UFC Fight Night - Bisping vs. Leites,2015-07-18,"Glasgow, Scotland",1,328
36,UFC on Fox 16 - Dillashaw vs. Barao 2,2015-07-25,"Chicago, Illinois",1,329
37,UFC 190 - Rousey vs. Correia,2015-08-01,"Rio de Janeiro, Brazil",1,330
43,WSOF 22 - Palhares vs. Shields,2015-08-01,Las Vegas,0,
38,UFC Fight Night - St. Preux vs. Teixeira,2015-08-08,"Nashville, Tennessee",1,331
39,UFC Fight Night 74 - Holloway vs. Oliveira,2015-08-23,"Saskatchewan, Canada",1,332
53,Bellator 141 - Guillard vs. Girtz,2015-08-28,"Temecula, California",0,
42,UFC 191 - Johnson vs. Dodson 2,2015-09-05,Las Vegas,1,333
162,WSOF 23 - Gaethje vs. Palomino 2,2015-09-18,"Phoenix, Arizona",0,
56,Bellator 142 - Dynamite,2015-09-19,"San Jose, California",0,
57,Bellator 143: Davis vs. Warren,2015-09-25,Texas,0,
40,UFC Fight Night - Barnett vs. Nelson,2015-09-26,"Saitama, Japan",1,334
44,UFC 192 - Cormier vs. Gustafsson,2015-10-03,"Houston, Texas",1,335
58,WSOF 24: Fitch vs. Okami,2015-10-17,Connecticut,0,
60,Bellator 144: Halsey vs. Carvalho,2015-10-23,Connecticut,0,
45,UFC Fight Night 76 - Holohan vs. Smolka,2015-10-24,"Dublin, Ireland",1,336
62,KSW 32 - Road to Wembley,2015-10-31,"Wembley Arena, London",0,
63,Bellator 145 - Vengeance,2015-11-06,"St. Louis, Missouri",0,
46,UFC Fight Night 77: Belfort vs. Henderson 3,2015-11-07,"Sao Paulo, Brazil",1,337
47,UFC 193 - Rousey vs. Holm,2015-11-14,"Melbourne, Australia",1,338
64,Bellator 146: Kato vs. Manhoef,2015-11-20,"Thackerville, Oklahoma",0,
65,WSOF 25 - 8-Man Lightweight Tournament,2015-11-20,Phoenix,0,
48,UFC Fight Night 78 - Magny vs. Gastelum,2015-11-21,"Monterrey, Mexico",1,339
49,UFC Fight Night 79 - Henderson vs. Masvidal,2015-11-28,"Seoul, South Korea",1,340
67,KSW 33 - Materla vs. Khalidov,2015-11-28,"Krakow, Poland",0,
80,Bellator 147: Thomson vs. Villaseca,2015-12-04,"San Jose, California",0,
55,UFC Fight Night - VanZant vs Namajunas,2015-12-10,Las Vegas,1,341
54,UFC - The Ultimate Fighter 22 Finale,2015-12-12,Las Vegas,1,342
50,UFC 194 - Aldo vs. McGregor,2015-12-12,Las Vegas,1,343
163,WSOF 26 - Palmer vs. Almeida,2015-12-18,"Las Vegas, Nevada",0,
51,UFC on Fox 17 - Dos Anjos vs. Cerrone 2,2015-12-19,"Orlando, Florida",1,344
117,Rizin FF - 2,2015-12-31,"Saitama, Japan",0,
52,UFC 195 - Lawler vs Condit,2016-01-02,Las Vegas,1,345
164,Invicta FC 15 - Cyborg vs. Ibragimova,2016-01-16,"Costa Mesa, California",0,
61,UFC Fight Night - Dillashaw vs. Cruz,2016-01-17,Boston,1,346
118,WSOF 27: Firmino vs. Fodor,2016-01-23,"Memphis, Tennessee",0,
122,Bellator 148 - Daley vs. Uhrich,2016-01-29,"Fresno, California",0,
66,UFC on Fox 18 - Johnson vs. Bader,2016-01-30,"Newark, New Jersey",1,347
100,UFC Fight Night 82 - Hendricks vs. Thompson,2016-02-06,Las Vegas,1,348
128,Bellator 149: Shamrock vs. Gracie 3,2016-02-19,"Houston, Texas",0,
101,UFC Fight Night 82 - Cerrone vs. Oliveira,2016-02-21,Pittsburgh,1,349
129,Bellator 150 - Galvao vs. Dantas 2,2016-02-26,Kansas,0,
102,UFC Fight Night 84 - Silva vs. Bisping,2016-02-27,"London, England",1,350
149,Titan FC 37 - Simon vs. Dos Santos,2016-03-04,"Ridgefield, Washington",0,
148,Bellator 151 - Warren vs. Caldwell,2016-03-04,"Thackerville, Oklahoma",0,
119,UFC 196 - McGregor vs. Diaz,2016-03-05,Las Vegas,1,351
168,Invicta FC 16 - Hamasaki vs. Brown,2016-03-11,"Las Vegas, Nevada",0,
169,WSOF 29 - Gaethje vs. Foster,2016-03-12,"Greeley, Colorado",0,
120,UFC Fight Night 84 - Hunt vs. Mir,2016-03-19,"Brisbane, Australia",1,352
172,Legacy FC 52: Schnell vs. Mai,2016-03-26,"Lake Charles, Louisiana",0,
174,WSOF 30: Branch vs. Starks,2016-04-03,"Las Vegas, Nevada",0,
124,UFC Fight Night 86 - Zagreb,2016-04-10,"Zagreb, Croatia",1,353
123,UFC on Fox 19 - Teixeira vs. Evans,2016-04-16,"Tampa, Florida",1,354
175,Bellator 152 - Freire vs. Souza,2016-04-17,"Torino, Italy",0,
178,Bellator 153 - Koreshkov vs. Henderson,2016-04-23,"Uncasville, Connecticut",0,
126,UFC 197 - Jones vs. St Preux,2016-04-23,Las Vegas,1,355
179,Invicta FC 17: Evinger vs. Schneider,2016-05-07,"Costa Mesa, California",0,
165,UFC Fight Night - Overeem vs. Arlovski,2016-05-08,"Rotterdam, Netherlands",1,356
121,UFC 198 - Werdum vs. Miocic,2016-05-14,"Curitiba, Brazil",1,357
182,Bellator 154 - Davis vs. King Mo,2016-05-15,"San Jose, California",0,
183,Bellator 155 - Carvalho vs. Manhoef,2016-05-20,"Boise, Idaho",0,
170,UFC Fight Night - Almeida vs. Garbrandt,2016-05-29,Las Vegas,1,358
166,UFC 199 - Rockhold vs Bisping 2,2016-06-04,"Los Angeles, California",1,359
187,Titan FC 39: Cavalcante vs. Healy,2016-06-10,"Coral Gables, Florida",0,
188,Bellator 156 - Galvao vs. Dantas 2,2016-06-17,"Fresno, California",0,
167,UFC Fight Night - MacDonald vs. Thompson,2016-06-18,"Ottawa, Canada",1,360
189,Bellator 157 - Dynamite 2,2016-06-24,"St. Louis, Missouri",0,
176,UFC Fight Night - Dos Anjos vs. Alvarez,2016-07-07,Las Vegas,1,361
125,UFC - The Ultimate Fighter 23 Finale,2016-07-08,Las Vegas,1,362
171,UFC 200 - Tate vs. Nunes,2016-07-09,Las Vegas,1,363
180,UFC Fight Night 91 - McDonald vs. Lineker,2016-07-13,"Sioux Falls, South Dakota",1,364
193,Bellator 158 - Daley vs. Lima,2016-07-16,"London, England",0,
177,UFC on Fox 20 - Holm vs. Shevchenko,2016-07-23,"Chicago, Illinois",1,365
195,Invicta FC 18 - Grasso vs. Esquibel,2016-07-29,Kansas City,0,
181,UFC 201 - Lawler vs. Woodley,2016-07-30,"Atlanta, Georgia",1,366
190,UFC Fight Night 92 - Rodriguez vs. Caceres,2016-08-06,"Salt Lake City, Utah",1,367
184,UFC 202 - Diaz vs. McGregor 2,2016-08-20,"Las Vegas, Nevada",1,368
200,Bellator 160 Henderson vs. Pitbull,2016-08-26,"Los Angeles, California",0,
191,UFC on Fox 21 - Condit vs. Maia,2016-08-27,"Vancouver, British Columbia",1,369
186,UFC Fight Night - Arlovski vs. Barnett,2016-09-03,Hamburg. Germany,1,370
185,UFC 203 - Miocic vs. Overeem,2016-09-10,"Cleveland, Ohio",1,371
201,Bellator 161 Kongo vs. Johnson,2016-09-16,"Cedar Park, Texas",0,
194,UFC Fight Night 94 - Poirier vs. Johnson,2016-09-17,"Hidalgo, Texas",1,372
202,Invicta FC 19 Maia vs. Modafferi,2016-09-23,"Kansas City, Missouri",0,
192,UFC Fight Night 95 - Brasilia,2016-09-24,"Brasilia, Brazil",1,373
196,UFC Fight Night 96 - Lineker vs. Dodson,2016-10-01,"Portland, Oregon",1,374
211,WSOF 33 Gaethje vs. Dugulubgov,2016-10-07,"Kansas City, MO",0,
197,UFC 204 - Bisping vs. Henderson 2,2016-10-08,"Manchester, England",1,375
213,Bellator 162 Shlemenko vs. Grove,2016-10-21,"Memphis, Tennessee",0,
214,Bellator 163 McGeary vs. Davis,2016-11-04,"Uncasville, Connecticut",0,
199,UFC Mexico City,2016-11-05,"Mexico City, Mexico",1,376
215,Bellator 164 Koreshkov vs. Lima 2,2016-11-10,"Tel Aviv, Israel",0,
203,UFC 205 - New York City,2016-11-12,New York,1,377
204,UFC Fight Night 99 - Mousasi vs. Hall,2016-11-19,"Belfast, Northern Ireland",1,378
212,"UFC Fight Night 100
Bader vs. Nogueira 2",2016-11-19,"Sao Paulo, Brazil",1,379
216,Bellator 165 Chandler vs. Henderson,2016-11-19,"San Jose, California",0,
205,UFC Fight Night 101,2016-11-26,"Melbourne, Australia",1,380
218,Bellator 166 Dantas vs. Warren 2,2016-12-02,"Thackerville, Oklahoma",0,
206,UFC - The Ultimate Fighter 24 Finale,2016-12-03,"Las Vegas, Nevada",1,381
209,UFC Fight Night 102 Albany,2016-12-09,"Albany, New York",1,382
207,UFC 206,2016-12-10,"Toronto, Canada",1,383
210,UFC on Fox 22,2016-12-17,"Sacramento, California",1,384
208,UFC 207,2016-12-31,"Las Vegas, Nevada",1,385
228,Invicta FC 21 Anderson vs. Tweet,2017-01-14,"Kansas City, MO",0,
217,UFC Fight Night 103 Rodriguez vs. Penn,2017-01-15,"Phoenix, Arizona",1,386
229,Bellator 170 Sonnen vs. Ortiz,2017-01-21,"Inglewood, California",0,
232,Bellator 171 Guillard vs. Njokuani,2017-01-27,"Mulvane, Kansas",0,
220,UFC on FOX 23 Shevchenko vs. Pena,2017-01-28,"Denver, Colorado",1,387
221,UFC FN 104 K. Zombie vs. Bermudez,2017-02-04,"Houston, Texas",1,388
219,UFC 208,2017-02-11,"Brooklyn, New York",1,389
230,Bellator 172,2017-02-18,"San Jose, California",0,
226,UFC Fight Night 105 Lewis vs. Browne,2017-02-19,"Halifax, Nova Scotia",1,390
223,UFC 209,2017-03-04,"Las Vegas, Nevada",1,391
224,UFC Fight Night 106 Belfort vs. Gastelum,2017-03-11,"Fortaleza, Brazil",1,392
225,UFC Fight Night 107 Manuwa vs. Anderson,2017-03-18,"London, England",1,393
239,WSOF 35 Ivanov vs. Jordan,2017-03-18,"Verona, New York",0,
242,Invicta FC 22,2017-03-25,,0,
244,Bellator 175,2017-03-31,"Rosemont, Illinois",0,
245,Bellator 176 Carvalho vs. Manhoef 2,2017-04-08,"Turin, Italy",0,
231,UFC 210 - Cormier vs. Johnson 2,2017-04-08,"Buffalo, New York",1,394
247,Bellator 177 Dantas vs. Higo,2017-04-14,"Budapest, Hungary",0,
235,UFC on Fox 24 -  Johnson vs Reis,2017-04-15,"Kansas City, Missouri",1,395
248,Rizin FF 5: Sakura,2017-04-16,"Kanagawa, Japan",0,
249,Bellator 178: Straus vs. Freire 4,2017-04-21,"Uncasville, Connecticut",0,
234,UFC Fight Night 108 Swanson vs. Lobov,2017-04-22,"Nashville, Tennessee",1,396
233,UFC 211 - Miocic vs. Dos Santos,2017-05-13,"Dallas, Texas",1,397
253,Bellator 179 Daley vs. MacDonald,2017-05-19,"London, England",0,
256,Titan FC 44: Sharipov vs. Torres,2017-05-19,"Pembroke Pines, Florida",0,
255,Invicta FC 23 Porto vs. Niedzwiedz,2017-05-20,"Kansas City, Missouri",0,
258,One FC Dynasty of Heroes,2017-05-26,Singapore,0,
257,KSW 39 Colosseum,2017-05-27,"Warsaw, Poland",0,
237,UFC Fight Night 109 Gustafsson Vs Teixeira,2017-05-28,"Stockholm, Sweden",1,398
259,Cage Warriors 84: Wood vs. Kovacevic,2017-06-02,"London, England",0,
236,UFC 212 Aldo vs Holloway,2017-06-03,"Rio de Janeiro, Brazil",1,399
241,UFC Fight Night 110 Hunt vs. Lewis,2017-06-10,"Auckland, New Zealand",1,400
243,UFC Fight Night 111,2017-06-17,"Kallang, Singapore",1,401
261,LFA 14: Allen vs. Anders,2017-06-23,"Houston, Texas",0,
260,Bellator 180 Sonnen vs. Silva,2017-06-24,New York,0,
240,UFC Fight Night 112,2017-06-25,"Oklahoma City, Oklahoma",1,402
265,PFL 1,2017-06-30,"Daytona Beach, Florida",0,
251,TUF Season 25 Finale,2017-07-07,"Las Vegas, Nevada",1,403
246,UFC 213,2017-07-08,"Las Vegas, Nevada",1,404
266,Dana White's TNCS 1,2017-07-11,"Las Vegas, Nevada",0,
267,Bellator 181 Campos vs. Girtz 3,2017-07-14,"Thackerville, Oklahoma",0,
268,Invicta FC 24,2017-07-15,"Kansas City, Missouri",0,
250,UFC Fight Night 113,2017-07-16,"Glasgow, Scotland",1,405
269,Dana White's TNCS 2,2017-07-18,"Las Vegas, Nevada",0,
270,LFA 17 Moises vs. Watley,2017-07-22,"Charlotte, North Carolina",0,
271,ACB 65: Silva vs Agnaev,2017-07-22,USA,0,
252,UFC on Fox 25,2017-07-22,"Long Island, New York",1,406
272,DWTNF 3,2017-07-25,Las Vegas,0,
254,UFC 214,2017-07-29,"Anaheim, California",1,407
276,PFL Everett,2017-07-29,Everett,0,
277,DWTNCS 4,2017-08-01,"Las Vegas, Nevada",0,
278,LFA 18: Aguilar VS. Rader,2017-08-04,"Shawnee, Oklahoma",0,
262,UFC Fight Night 114 Pettis vs. Moreno,2017-08-05,Mexico City,1,408
283,DWTNCS 5,2017-08-08,"Las Vegas, Nevada",0,
284,DWTNCS 6,2017-08-15,"Las Vegas, Nevada",0,
287,DWTNCS 7,2017-08-22,Las Vegas,0,
282,Bellator 182,2017-08-26,"Verona, New York",0,
288,DWTNCS 8,2017-08-29,Las Vegas,0,
290,Invicta FC 25,2017-09-01,"Lemoore, California",0,
263,UFC Fight Night Struve vs. Volkov,2017-09-02,"Rotterdam, Holland",1,409
264,UFC 215,2017-09-09,"Edmonton, Canada",1,410
273,UFC Fight Night 116 Rockhold vs. Branch,2017-09-16,"Pittsburgh, Pennsylvania",1,411
274,UFC Fight Night 117 St. Preux vs. Shogun 2,2017-09-22,"Saitama, Japan",1,412
292,ACB 70 Barnatt VS. Askham,2017-09-23,"Sheffield, England",0,
291,Bellator 183 Henderson vs. Freire,2017-09-23,"San Jose, California",0,
293,Bellator 184 Dantas vs. Caldwell,2017-10-06,"Thackerville, Oklahoma",0,
275,UFC 216,2017-10-07,"Las Vegas, Nevada",1,413
297,Cage Warriors 87,2017-10-14,England,0,
296,Bellator 185,2017-10-20,Uncasville,0,
280,UFC Fight Night 118 Gdansk,2017-10-21,Gdansk,1,414
281,UFC Fight Night 119 Sao Paulo,2017-10-28,Sao Paulo,1,415
300,Bellator 186,2017-11-03,Pennsylvania,0,
279,UFC 217,2017-11-04,New York,1,416
285,UFC Fight Night 120 Virginia,2017-11-11,"Norfolk, Virginia",1,417
307,Bellator 188,2017-11-16,"Tel Aviv, Israel",0,
286,UFC Fight Night 121 Sydney,2017-11-18,"Sydney, Australia",1,418
295,UFC Fight Night 122 Bisping vs. Gastellum,2017-11-25,"Shanghai, China",1,419
308,Bellator 189,2017-12-01,Thackerville,0,
303,TUF 26 Finale,2017-12-02,Las Vegas,1,420
301,UFC 218,2017-12-02,"Detroit, Michigan",1,421
310,Invicta 26,2017-12-08,Kansas City,0,
309,Bellator 190,2017-12-09,"Florence, Italy",0,
302,UFC Fight Night 123,2017-12-09,"Fresno, California",1,422
313,Bellator 191,2017-12-15,"Newcastle, England",0,
299,UFC on Fox 26 Lawler vs. dos Anjos,2017-12-16,"Winnipeg, Canada",1,423
314,KSW 41,2017-12-23,"Katowice, Poland",0,
294,UFC 219,2017-12-31,Las Vegas,1,424
317,ACB 78,2018-01-13,Russia,0,
318,Invicta FC 27,2018-01-13,Kansas City,0,
304,UFC Fight Night 124,2018-01-14,"St Louis, Missouri",1,425
315,Bellator 192,2018-01-20,"Inglewood, California",0,
305,UFC 220,2018-01-20,"Boston, Massacusetts",1,426
316,Bellator 193,2018-01-26,"Temecula, California",0,
306,UFC on Fox 27,2018-01-27,"Charlotte, North Carolina",1,427
312,UFC Fight Night 125,2018-02-04,"Belem, Brazil",1,428
311,UFC 221,2018-02-10,"Perth, Australia",1,429
324,Bellator 194,2018-02-17,"Uncasville, Connecticut",0,
320,UFC Fight Night 126,2018-02-18,"Austin, Texas",1,430
333,Cage Warriors 90,2018-02-24,Liverpool,0,
319,UFC on Fox 28,2018-02-24,"Orlando, Florida",1,431
338,Bellator 195,2018-03-02,Thackerville,0,
334,Cage Warriors 91,2018-03-03,Newport,0,
335,KSW 42,2018-03-03,"Lodz, Poland",0,
321,UFC 222,2018-03-03,Las Vegas,1,432
322,UFC Fight Night 127,2018-03-17,"London, England",1,433
340,One FC 70,2018-03-24,"Bangkok, Thailand",0,
341,ACB 83,2018-03-24,Azerbaijan,0,
342,CWFC 92,2018-03-24,London,0,
339,Invicta FC 28: Inoue vs. Jandiroba,2018-03-24,"Salt Lake City, Utah",0,
323,UFC 223,2018-04-07,"Brooklyn, New York",1,434
346,Bellator 197,2018-04-13,Missouri,0,
345,KSW 43,2018-04-14,Poland,0,
326,UFC on Fox 29,2018-04-14,"Glendale, Arizona",1,435
347,LFA 37,2018-04-20,Sioux Falls,0,
328,UFC Fight Night 128,2018-04-21,"Atlantic City, NJ",1,436
330,Bellator 198,2018-04-28,Illinois,0,
348,Invicta FC 29,2018-05-04,Kansas City,0,
349,ACB 86,2018-05-05,X,0,
350,Rizin 10,2018-05-06,Japan,0,
351,BAMMA 35,2018-05-12,"Dublin, Ireland",0,
332,UFC 224,2018-05-12,Rio de Janeiro,1,437
331,Bellator 199,2018-05-12,San Jose,0,
353,Fight Nights Global 87,2018-05-19,"Rostov, Russia",0,
354,ACB 87,2018-05-19,"Nottingham, England",0,
336,UFC Fight Night 129,2018-05-19,"Santiago, Chile",1,438
356,M-1 Challenge 92,2018-05-24,"St Petersburg, Russia",0,
355,Bellator 200,2018-05-25,"London, England",0,
357,LFA 40,2018-05-25,USA,0,
343,UFC Fight Night 130,2018-05-27,Liverpool,1,439
337,UFC Fight Night 131,2018-06-01,"Utica, NY",1,440
363,PFL 1,2018-06-07,New York,0,
364,LFA 42,2018-06-09,"Branson, Missouri",0,
362,KSW 44,2018-06-09,Poland,0,
329,UFC 225,2018-06-09,"Chicago, IL",1,441
365,DWTNCS 9,2018-06-12,Las Vegas,0,
366,Cage Warriors 94,2018-06-16,"Antwerp, Belgium",0,
367,DWTNCS 10,2018-06-19,Las Vegas,0,
368,PFL 2,2018-06-21,Chicago,0,
369,LFA 43,2018-06-22,Texas,0,
360,UFC Fight Night 132,2018-06-23,Singapore,1,442
370,DWTNCS 11,2018-06-26,Las Vegas,0,
371,BAMMA London: McKee vs Brazier,2018-06-28,London,0,
373,Bellator 201,2018-06-29,"Temecula, California",0,
374,PFL 3,2018-07-05,Washington DC,0,
361,TUF 27 Finale,2018-07-07,Las Vegas,1,443
327,UFC 226,2018-07-07,"Las Vegas, Nevada",1,444
375,DWTNCS 12,2018-07-10,Las Vegas,0,
376,One FC 77,2018-07-13,Kuala Lumpur,0,
377,Bellator 202,2018-07-13,Thackerville,0,
378,Bellator 203,2018-07-14,"Rome, Italy",0,
359,UFC Fight Night 133,2018-07-14,"Boise, Idaho",1,445
379,DWTNCS 13,2018-07-17,Las Vegas,0,
384,PFL 4,2018-07-19,"Uniondale, NY",0,
385,LFA 45,2018-07-20,California,0,
352,UFC Fight Night 134,2018-07-22,"Hamburg, Germany",1,446
386,DWTNCS 14,2018-07-24,Las Vegas,0,
388,LFA 46,2018-07-27,Virginia,0,
358,UFC on Fox 30,2018-07-28,"Alberta, Canada",1,447
390,DWTNCS 15,2018-07-31,Las Vegas,0,
389,PFL 5,2018-08-02,"Uniondale, NY",0,
344,UFC 227,2018-08-04,"Los Angeles, CA",1,448
395,DWTNCS 16,2018-08-07,Las Vegas,0,
396,LFA 47,2018-08-10,Dallas,0,
397,PFL 6,2018-08-16,Atlantic City,0,
398,Bellator 204,2018-08-17,Sioux Falls,0,
381,UFC Fight Night 135,2018-08-25,"Lincoln, Nebraska",1,449
400,PFL 7,2018-08-30,Atlantic City,0,
401,Cage Warriors 96,2018-09-01,Liverpool,0,
402,Invicta FC 31,2018-09-01,Kansas City,0,
404,LFA 48,2018-09-07,Nebraska,0,
380,UFC 228,2018-09-08,Dallas,1,450
405,LFA 49,2018-09-14,Atlantic City,0,
382,UFC FIght Night Moscow,2018-09-15,"Moscow, Russia",1,451
372,Bellator 205,2018-09-21,Boise,0,
411,LFA 50,2018-09-21,Prior Lake,0,
383,UFC Fight Night Sao Paulo,2018-09-22,Sao Paulo,1,452
412,Cage Warriors 97,2018-09-29,Cardiff,0,
410,Bellator 206,2018-09-29,San Jose,0,
414,PFL 8,2018-10-05,New Orleans,0,
413,KSW 45,2018-10-06,London,0,
391,UFC 229,2018-10-06,Las Vegas,1,453
387,Bellator 207,2018-10-12,Connecticut,0,
416,PFL 9,2018-10-13,"Long Beach, California",0,
415,Bellator 208,2018-10-13,"Uniondale, NY",0,
420,Fight Nights Global 90,2018-10-19,Moscow,0,
419,LFA 52,2018-10-19,"Belton, Texas",0,
417,Cage Warriors 98,2018-10-20,Birmingham,0,
421,PFL 10,2018-10-20,Washington DC,0,
393,UFC Fight Night 138,2018-10-27,New Brunswick,1,454
392,UFC 230,2018-11-03,New York,1,455
424,LFA 53,2018-11-09,Phoenix,0,
425,ACB 90,2018-11-10,Moscow,0,
394,UFC Fight Night Denver,2018-11-10,Denver,1,456
426,Bellator 209,2018-11-15,Tel Aviv,0,
428,LFA 54,2018-11-16,Costa Mesa,0,
427,Invicta 32,2018-11-16,Oklahoma,0,
429,Cage Warriors 99,2018-11-17,Colchester,0,
408,UFC Fight Night 140,2018-11-17,Buenos Aires,1,457
409,UFC Fight Night 141,2018-11-24,Beijing,1,458
422,Golden Boy Liddell vs Ortiz 3,2018-11-25,"Inglewood, California",0,
403,TUF Finale,2018-11-30,Las Vegas,1,459
431,LFA 55,2018-11-30,Dalas,0,
432,Bellator 210,2018-12-01,Thackerville,0,
430,KSW 46,2018-12-01,Silesian,0,
407,UFC Fight Night 142,2018-12-01,Adelaide,1,460
438,LFA 56,2018-12-07,Minnesota,0,
437,Cage Warriors 100,2018-12-08,Cardiff,0,
406,UFC 231,2018-12-08,Toronto,1,461
439,Bellator 212,2018-12-15,Hawaii,0,
423,UFC Fight Night Milwaukee,2018-12-15,Milwaukee,1,462
440,Bellator 213,2018-12-15,Hawaii,0,
399,UFC 232,2018-12-29,Las Vegas,1,463
442,Rizin 14,2018-12-31,Saitama,0,
441,PFL 11: Finals,2018-12-31,New York,0,
433,UFC on ESPN+ 1,2019-01-19,New York,1,464
418,Bellator Los Angeles,2019-01-26,Los Angeles,0,
434,UFC Fight Night 144,2019-02-02,Fortaleza,1,465
449,Bellator Newcastle,2019-02-09,Newcastle,0,
435,UFC 234,2019-02-09,Melbourne,1,466
450,Bellator 215,2019-02-15,Uncasville,0,
452,LFA 60,2019-02-16,Iowa,0,
451,Bellator 216,2019-02-16,Uncasville,0,
443,UFC on ESPN 1,2019-02-17,Phoenix,1,467
455,LFA 61,2019-02-23,Prior Lake,0,
445,UFC Fight Night 145,2019-02-23,Prague,1,468
454,Bellator 217,2019-02-23,Dublin,0,
444,UFC 235,2019-03-02,Las Vegas,1,469
459,Cage Warriors 103,2019-03-09,Copenhagen,0,
436,UFC Fight Night 146,2019-03-09,Anaheim,1,470
446,UFC Fight Night 147,2019-03-16,London,1,471
464,LFA 62,2019-03-22,Dalas,0,
463,Bellator 218,2019-03-22,Thackerville,0,
460,KSW 47,2019-03-23,Lodz,0,
453,UFC Fight Night 148,2019-03-23,Nashville,1,472
466,Bellator 219,2019-03-29,Temecula,0,
448,UFC on ESPN 2,2019-03-30,Philadelphia,1,473
468,One FC - A New Era,2019-03-31,Tokyo,0,
456,UFC 236,2019-04-13,Atlanta,1,474
461,UFC Fight Night 149,2019-04-20,St Petersburg,1,475
471,KSW 48,2019-04-27,Lublin,0,
457,UFC on ESPN 3,2019-04-27,Fort Lauderdale,1,476
467,Bellator 220,2019-04-27,San Jose,0,
474,LFA 65,2019-05-04,Vail,0,
472,Bellator Birmingham,2019-05-04,Birmingham,0,
458,UFC Fight Night 150,2019-05-04,Ottawa,1,477
478,PFL 2019: Week 1,2019-05-09,Uniondale,0,
483,LFA 66,2019-05-10,West Valley City,0,
473,Bellator 221,2019-05-11,Rosemont,0,
447,UFC 237,2019-05-11,Brazil,1,478
484,KSW 49,2019-05-18,Gdansk,0,
462,UFC Fight Night 152,2019-05-18,Rochester,1,479
479,PFL 2019: Week 2,2019-05-23,Uniondale,0,
488,LFA 67,2019-05-24,Branson,0,
491,Cage Warriors 105,2019-05-31,Colchester,0,
489,Combate 38,2019-05-31,Lima,0,
492,LFA 68,2019-05-31,Prior Lake,0,
465,UFC Fight Night 153,2019-06-01,Stockholm,1,480
480,PFL 2019: Week 3,2019-06-06,Uniondale,0,
494,Invicta 35,2019-06-06,USA,0,
493,Combate 39,2019-06-07,Tucson,0,
495,LFA 69,2019-06-07,USA,0,
469,UFC 238,2019-06-08,Chicago,1,481
496,Bellator 222,2019-06-14,New York,0,
498,DWTNCS 17,2019-06-19,Las Vegas,0,
501,Combate 40,2019-06-21,Hidalgo,0,
499,Bellator London,2019-06-22,London,0,
475,UFC Fight Night 154,2019-06-22,Greenville,1,482
502,DWTNCS 18,2019-06-26,Las Vegas,0,
497,Cage Warriors 106,2019-06-29,London,0,
476,UFC on ESPN 3,2019-06-29,Minneapolis,1,483
470,UFC 239,2019-07-06,Las Vegas,1,484
506,DWTNCS 19,2019-07-10,Las Vegas,0,
481,PFL 2019: Week 4,2019-07-11,Atlantic City,0,
508,One FC - Masters of Destiny,2019-07-12,Kuala Lumpur,0,
504,Bellator 224,2019-07-12,Thackerville,0,
490,UFC Fight Night 155,2019-07-13,Sacramento,1,485
511,DWCS 20,2019-07-17,Las Vegas,0,
487,UFC on ESPN 4,2019-07-20,San Antonio,1,486
512,DWCS 21,2019-07-24,Las Vegas,0,
482,PFL 2019: Week 5,2019-07-25,Atlantic City,0,
513,LFA 72,2019-07-27,Phoenix,0,
485,UFC 240,2019-07-27,USA,1,487
516,DWCS 22,2019-07-31,Las Vegas,0,
517,Combate 41,2019-08-02,Fresno,0,
510,UFC on ESPN 5,2019-08-03,Newark,1,488
518,DWCS 23,2019-08-07,Las Vegas,0,
515,PFL 2019: Week 6,2019-08-08,Atlantic City,0,
500,UFC Fight Night 156,2019-08-10,Montevideo,1,489
521,DWCS 24,2019-08-14,Las Vegas,0,
477,UFC 241,2019-08-17,Anaheim,1,490
523,DWCS 25,2019-08-20,Las Vegas,0,
524,Combate 42,2019-08-23,Lake Tahoe,0,
514,Bellator 225,2019-08-24,Bridgeport,0,
525,DWCS 26,2019-08-27,Las Vegas,0,
503,UFC Fight Night 157,2019-08-31,Shenzhen,1,491
529,Cage Warriors Unplugged 2,2019-09-06,London,0,
486,UFC 242,2019-09-07,Abu Dhabi,1,492
530,Cage 48,2019-09-07,Helsinki,0,
522,Bellator 226,2019-09-08,San Jose,0,
532,KSW 50,2019-09-14,London,0,
528,UFC Fight Night 158,2019-09-14,Vancouver,1,493
533,Combate 43,2019-09-20,Mexicali,0,
527,UFC Fight Night 159,2019-09-21,Mexico City,1,494
505,Bellator Dublin,2019-09-27,Dublin,0,
535,Combate 45,2019-09-27,Guadalajara,0,
509,UFC Fight Night 160,2019-09-28,Copenhagen,1,495
534,Bellator 228,2019-09-28,Inglewood,0,
542,Bellator 229,2019-10-05,Temecula,0,
519,UFC 243,2019-10-05,Melbourne,1,496
545,PFL 2019 - Week 7,2019-10-11,Las Vegas,0,
543,Combate 46,2019-10-12,Tuscon,0,
546,Rizin 19,2019-10-12,Osaka,0,
548,Cage Warriors 108,2019-10-12,Cardiff,0,
547,Bellator 230,2019-10-12,Milan,0,
507,UFC on ESPN+ 19,2019-10-12,San Francisco,1,497
544,One FC - Century,2019-10-13,Tokyo,0,
550,PFL 2019 - Week 8,2019-10-18,Las Vegas,0,
520,UFC ESPN 6,2019-10-18,Boston,1,498
549,Combate 47,2019-10-18,Monterrey,0,
552,One - Dawn of Valor,2019-10-25,Jakarta,0,
551,Bellator 231,2019-10-25,Uncasville,0,
536,UFC Fight Night 162,2019-10-26,Kallang,1,499
531,Bellator 232,2019-10-26,Uncasville,0,
554,PFL 2019: Week 9,2019-10-31,Las Vegas,0,
555,Invicta 38,2019-11-01,Kansas City,0,
553,Combate 48,2019-11-01,Garland,0,
526,UFC 244,2019-11-02,New York,1,500
556,Bellator 233,2019-11-09,Thackerville,0,
558,Combate 49,2019-11-09,San Antonio,0,
537,UFC Fight Night 163,2019-11-09,Moscow,1,501
559,KSW 51,2019-11-09,Zagreb,0,
557,Bellator 234,2019-11-14,Tel Aviv,0,
562,ACA 101,2019-11-15,Warsaw,0,
538,UFC Fight Night 164,2019-11-16,Sao Paulo,1,502
566,Cage Warriors 111,2019-11-22,London,0,
565,Combate 50,2019-11-23,Fresno,0,
560,Bellator London,2019-11-23,London,0,
571,Cage 49,2019-11-30,Helsinki,0,
574,One MOG,2019-12-06,Kuala Lumpur,0,
561,KSW 52,2019-12-07,Gliwice,0,
539,UFC on ESPN 7,2019-12-07,Washington,1,503
576,Combate 52,2019-12-13,Stockton,0,
577,ACA 103,2019-12-14,St Petersburg,0,
540,UFC 245,2019-12-15,Las Vegas,1,504
578,Combate 53,2019-12-20,Lima,0,
563,Bellator STT,2019-12-21,Honolulu,0,
541,UFC Fight Night 165,2019-12-21,Busan,1,505
564,Bellator Hawaii,2019-12-22,Honolulu,0,
572,Bellator 237,2019-12-29,Saitama,0,
581,Rizin 20,2019-12-31,Saitama,0,
580,PFL 2019: Week 10,2020-01-01,New York,0,
583,One FC - New Tomorrow,2020-01-10,Bangkok,0,
567,UFC 246,2020-01-18,Las Vegas,1,506
568,UFC Fight Night 166,2020-01-25,Raleigh,1,507
582,Bellator 238,2020-01-26,Inglewood,0,
589,Invicta 39,2020-02-07,Kansas City,0,
570,UFC 247,2020-02-09,Houston,1,508
573,UFC Fight Night 167,2020-02-15,Rio Rancho,1,509
591,Bellator 239,2020-02-21,Thackerville,0,
590,Combate 55,2020-02-21,Mexicali,0,
592,Bellator 240,2020-02-22,Dublin,0,
575,UFC Fight Night 168,2020-02-22,Aukland,1,510
593,Combate 56,2020-02-29,Fresno,0,
579,UFC Fight Night,2020-02-29,Norfolk,1,511
584,UFC 248,2020-03-08,Las Vegas,1,512
600,Bellator 241,2020-03-13,Uncasville,0,
586,UFC Fight Night 169,2020-03-14,Brasilia,1,513
601,Cage Warriors 113,2020-03-20,Manchester,0,
602,GFC 25,2020-03-21,Samara,0,
603,Fame MMA 6,2020-03-28,Czestochwa,0,
604,M-1 Global NFG 3,2020-04-25,Minsk,0,
597,UFC 249,2020-05-10,Florida,1,514
605,UFC Fight Night 170,2020-05-14,Florida,1,515
598,UFC Fight Night 171,2020-05-16,Florida,1,516
606,UFC Fight Night 172,2020-05-30,Las Vegas,1,517
599,UFC 250,2020-06-06,Las Vegas,1,518
607,UFC Fight Night 173,2020-06-13,Las Vegas,1,519
609,UFC Fight Night 174,2020-06-20,Las Vegas,1,520
610,UFC Fight Night 175,2020-06-27,Las Vegas,1,521
620,Invicta 40,2020-07-02,Kansas City,0,
624,LFA 84,2020-07-11,Sioux Falls,0,
621,KSW 53,2020-07-11,Warsaw,0,
608,UFC 251,2020-07-11,Yas Island,1,522
612,UFC Fight Island 1,2020-07-15,Yas Island,1,523
611,UFC Fight Island 2,2020-07-18,Yas Island,1,524
627,ACA 107,2020-07-24,Sochi,0,
628,LFA 86,2020-07-25,Sioux Falls,0,
626,Bellator 242,2020-07-25,Uncasville,0,
617,UFC Fight Island 3,2020-07-25,Yas Island,1,525
630,Invicta 41,2020-07-31,Kansas City,0,
631,LFA 87,2020-08-01,Sioux Falls,0,
613,UFC Vegas 5,2020-08-01,Las Vegas,1,526
634,DWCS 27,2020-08-05,Las Vegas,0,
633,Bellator 243,2020-08-08,Uncasville,0,
618,UFC Vegas 6,2020-08-08,Las Vegas,1,527
636,DWCS 28,2020-08-12,Las Vegas,0,
614,UFC 252,2020-08-15,Las Vegas,1,528
638,DWCS 29,2020-08-19,Las Vegas,0,
640,ACA 109,2020-08-20,Poland,0,
642,LFA 88,2020-08-21,Sioux Falls,0,
637,Bellator 244,2020-08-21,Uncasville,0,
616,UFC Vegas 7,2020-08-22,Las Vegas,1,529
645,DWCS 30,2020-08-26,Las Vegas,0,
646,LFA 89,2020-08-29,Sioux Falls,0,
641,KSW 54,2020-08-29,Warsaw,0,
619,UFC Fight Night 182,2020-08-29,Las Vegas,1,530
647,DWCS 31,2020-09-02,Las Vegas,0,
648,LFA 90,2020-09-05,Sioux Falls,0,
625,UFC Fight Night 183,2020-09-05,Las Vegas,1,531
650,DWCS 32,2020-09-09,Las Vegas,0,
649,Bellator 245,2020-09-11,Uncasville,0,
655,LFA 91,2020-09-12,Sioux Falls,0,
623,UFC Fight Night 184,2020-09-12,Las Vegas,1,532
654,Bellator 246,2020-09-13,Uncasville,0,
656,DWCS 33,2020-09-16,Las Vegas,0,
657,Invicta 42,2020-09-18,Kansas City,0,
622,UFC FN - Covington vs Woodley,2020-09-19,Las Vegas,1,533
659,Cage Warriors 114,2020-09-24,Manchester,0,
660,Cage Warriors 115,2020-09-25,Manchester,0,
658,Bellator Milan,2020-09-26,Milan,0,
615,UFC 253,2020-09-26,Yas Island,1,534
661,Bellator 247,2020-10-01,Milan,0,
663,LFA 92,2020-10-02,Wichita,0,
662,Bellator Europe 9,2020-10-03,Milan,0,
643,UFC FN - Holm vs Aldana,2020-10-04,Yas Island,1,535
665,KSW 55,2020-10-10,Warsaw,0,
664,Bellator 248,2020-10-10,Paris,0,
644,UFC FN - Moraes vs Sandhagen,2020-10-10,Yas Island,1,536
666,Bellator 249,2020-10-15,Uncasville,0,
667,LFA 93,2020-10-16,Wichita,0,
632,UFC FN - Ortega vs Zombie,2020-10-17,Yas Island,1,537
629,UFC 254,2020-10-24,Yas Island,1,538
669,Bellator 250,2020-10-29,Uncasville,0,
673,One FC - Matrix,2020-10-30,Singapore,0,
672,LFA 94,2020-10-30,Wichita,0,
639,UFC Vegas 12,2020-10-31,Las Vegas,1,539
674,DWCS 34,2020-11-05,Las Vegas,0,
675,Bellator 251,2020-11-05,Uncasville,0,
676,ACA 113,2020-11-06,Moscow,0,
670,UFC Vegas 13,2020-11-08,Las Vegas,1,540
678,DWCS 35,2020-11-11,Las Vegas,0,
677,Bellator 252,2020-11-12,Uncasville,0,
679,KSW 56,2020-11-14,Warsaw,0,
671,UFC Vegas 14,2020-11-14,Las Vegas,1,541
680,DWCS 36,2020-11-18,Las Vegas,0,
681,Bellator 253,2020-11-19,Uncasville,0,
684,Invicta 43,2020-11-21,Kansas City,0,
682,LFA 95,2020-11-21,Kansas,0,
685,Rizin 25,2020-11-21,Osaka,0,
635,UFC 255,2020-11-21,Las Vegas,1,542
651,UFC Vegas 15,2020-11-29,Las Vegas,1,543
687,LFA 96,2020-12-05,"Park City, Kansas",0,
652,UFC Vegas 16,2020-12-06,Las Vegas,1,544
689,Cage Warriors 117,2020-12-10,London,0,
688,Bellator 254,2020-12-11,Uncasville,0,
690,Cage Warriors 118,2020-12-11,London,0,
691,Cage Warriors 119,2020-12-12,London,0,
653,UFC 256,2020-12-13,Las Vegas,1,545
697,KSW 57,2020-12-19,Lodz,0,
668,UFC Vegas 17,2020-12-19,Las Vegas,1,546
699,Rizin FF 26,2020-12-31,Saitama,0,
703,LFA 97,2021-01-16,Kansas,0,
686,UFC FN,2021-01-16,Yas Island,1,547
692,UFC on ESPN 20,2021-01-20,Yas Island,1,548
683,UFC 257,2021-01-24,Yas Island,1,549
705,LFA 98,2021-01-29,Kansas,0,
707,Oktagon 21,2021-01-30,Brno,0,
706,KSW 58,2021-01-30,Lodz,0,
708,XMMA 1,2021-01-30,West Palm Beach,0,
711,One 128,2021-02-05,Singapore,0,
694,UFC FN,2021-02-06,Las Vegas,1,550
714,ACA 117,2021-02-12,Russia,0,
713,Titan FC 67,2021-02-12,Miami,0,
712,LFA 99,2021-02-12,"Park City, Kansas",0,
695,UFC 258,2021-02-13,Las Vegas,1,551
715,LFA 100,2021-02-20,Kansas,0,
696,UFC Fight Night 185,2021-02-20,Las Vegas,1,552
716,ACA 118,2021-02-26,Russia,0,
719,UWC Mexico 25,2021-02-26,Tijuana,0,
700,UFC Fight Night 186,2021-02-28,Las Vegas,1,553
698,UFC 259,2021-03-06,Las Vegas,1,554
730,LFA 101,2021-03-12,"Shawnee, Oklahoma",0,
702,UFC Fight Night 187,2021-03-13,Las Vegas,1,555
733,Cage Warriors 120,2021-03-18,London,0,
731,Cage Warriors 121,2021-03-19,London,0,
734,LFA 102,2021-03-20,"Shawnee, Oklahoma",0,
727,KSW 59,2021-03-20,Lodz,0,
732,Cage Warriors 122,2021-03-20,London,0,
701,UFC Fight Night 188,2021-03-20,Las Vegas,1,556
735,ACA 120,2021-03-26,St Petersburg,0,
736,LFA 103,2021-03-27,"Shawnee, Oklahoma",0,
704,UFC 260,2021-03-28,Las Vegas,1,557
742,Brave CF 50,2021-04-01,Bahrain,0,
737,Bellator 255,2021-04-02,Uncasville,0,
740,One on TNT 1,2021-04-07,Singapore,0,
745,ACA 121,2021-04-09,Minsk,0,
717,Bellator 256,2021-04-09,Uncasville,0,
709,UFC FN,2021-04-10,Las Vegas,1,558
746,One on TNT 2,2021-04-15,Singapore,0,
718,Bellator 257,2021-04-16,Uncasville,0,
747,LFA 104,2021-04-16,Oklahoma,0,
710,UFC FN,2021-04-17,Las Vegas,1,559
749,One on TNT 3,2021-04-22,Singapore,0,
751,ACA 122,2021-04-23,Minsk,0,
743,PFL 2021: Week 1,2021-04-23,Atlantic City,0,
750,LFA 105,2021-04-24,Oklahoma,0,
748,KSW 60,2021-04-24,Lodz,0,
720,UFC 261,2021-04-24,Jacksonville,1,560
753,One on TNT 4,2021-04-29,Singapore,0,
752,PFL 2021: Week 2,2021-04-29,Atlantic City,0,
754,LFA 106,2021-04-30,Oklahoma,0,
721,UFC FN,2021-05-01,Las Vegas,1,561
755,PFL 2021: Week 3,2021-05-06,Atlantic City,0,
741,Bellator 258,2021-05-07,Uncasville,0,
756,FAC 8,2021-05-08,Kansas City,0,
722,UFC FN,2021-05-08,Las Vegas,1,562
758,Titan FC 69,2021-05-14,Santo Domingo,0,
759,LFA 107,2021-05-15,Sioux Falls,0,
723,UFC 262,2021-05-15,Houston,1,563
765,Bellator 259,2021-05-21,Uncasville,0,
766,Invicta 44,2021-05-22,Kansas City,0,
767,LFA 108,2021-05-22,Sioux Falls,0,
724,UFC FN,2021-05-22,Las Vegas,1,564
772,Oktagon 24,2021-05-29,Czech Republic,0,
769,Superior Challenge 22,2021-05-29,Stockholm,0,
774,Brave CF 51,2021-06-04,Minsk,0,
775,LFA 109,2021-06-04,Shawnee,0,
770,KSW 61,2021-06-05,Gdansk,0,
726,UFC FN,2021-06-05,Las Vegas,1,565
773,PFL 2021: Week 4,2021-06-10,Atlantic City,0,
776,Bellator 260,2021-06-11,Uncasville,0,
725,UFC 263,2021-06-12,Arizona,1,566
777,PFL 2021: Week 5,2021-06-17,Atlantic City,0,
728,UFC FN,2021-06-19,Las Vegas,1,567
781,Cage Warriors 123,2021-06-24,London,0,
782,Cage Warriors 124,2021-06-25,London,0,
779,PFL 2021: Week 6,2021-06-25,Atlantic City,0,
780,Bellator 261,2021-06-25,Uncasville,0,
783,Cage Warriors 125,2021-06-26,London,0,
729,UFC FN,2021-06-26,Las Vegas,1,568
785,ACA 125,2021-06-29,Sochi,0,
787,Titan FC 70,2021-07-02,Miami,0,
786,LFA 110,2021-07-02,Sioux Falls,0,
789,CFFC 98,2021-07-03,Philadelphia,0,
738,UFC 264,2021-07-10,Las Vegas,1,569
791,Bellator 262,2021-07-16,Uncasville,0,
792,LFA 111,2021-07-16,Rio de Janeiro,0,
739,UFC FN,2021-07-17,Las Vegas,1,570
793,LFA 112,2021-07-18,Rio de Janeiro,0,
798,Oktagon 26,2021-07-24,Prague,0,
744,UFC FN,2021-07-24,Las Vegas,1,571
799,Fury FC 48,2021-07-25,Houston,0,
801,LFA 113,2021-07-30,"Belton, Texas",0,
802,XMMA 2,2021-07-31,Greenville,0,
762,UFC FN,2021-07-31,Las Vegas,1,572
800,Bellator 263,2021-07-31,Los Angeles,0,
803,Cage Warriors 126,2021-08-01,San Diego,0,
804,Titan FC 71,2021-08-06,Miami,0,
757,UFC 265,2021-08-07,Houston,1,573
795,PFL 2021 #7: Playoffs,2021-08-13,Florida,0,
807,Bellator 264,2021-08-13,Uncasville,0,
809,CFFC 99,2021-08-14,Tunica,0,
796,PFL 2021 #8: Playoffs,2021-08-19,Florida,0,
810,Bellator 265,2021-08-20,Sioux Falls,0,
761,UFC FN,2021-08-21,Las Vegas,1,574
813,Invicta 44,2021-08-27,Kansas City,0,
811,LFA 114,2021-08-27,St Louis,0,
797,PFL 2021 #9: Playoffs,2021-08-27,Florida,0,
763,UFC FN,2021-08-28,Las Vegas,1,575
812,DWCS 2021: Week 1,2021-09-01,Las Vegas,0,
816,One Empower,2021-09-03,Kallang,0,
764,UFC FN,2021-09-04,Las Vegas,1,576
815,KSW 63,2021-09-04,Warsaw,0,
817,Fury FC 50,2021-09-05,Houston,0,
818,DWCS 2021: Week 2,2021-09-08,USA,0,
820,EFC 89,2021-09-11,Johannesburg,0,
819,ACA 128,2021-09-11,Minsk,0,
822,Fury FC 51,2021-09-12,Denver,0,
821,DWCS 2021: Week 3,2021-09-14,Las Vegas,0,
823,CFFC 100: Kamchybekov vs. Smith,2021-09-17,Tampa,0,
826,Titan FC 72,2021-09-17,Miami,0,
825,CES 64,2021-09-17,Connecticut,0,
771,UFC FN,2021-09-18,Las Vegas,1,577
824,Bellator 266: Davis vs. Romero,2021-09-18,"San Jose, California",0,
827,DWCS 2021: Week 4,2021-09-22,Las Vegas,0,
833,ACA 129,2021-09-24,Moscow,0,
832,LFA 115,2021-09-24,Wisconsin,0,
836,Brave CF 54,2021-09-25,Konin,0,
834,Oktagon 28,2021-09-25,Prague,0,
768,UFC 266,2021-09-25,Las Vegas,1,578
837,DWCS 2021: Week 5,2021-09-28,Las Vegas,0,
838,Cage Warriors 127,2021-09-30,London,0,
835,Bellator 267,2021-10-01,London,0,
839,Cage Warriors 128,2021-10-01,London,0,
840,Cage Warriors 129,2021-10-02,London,0,
841,CFFC 101,2021-10-02,Bensalem,0,
778,UFC FN,2021-10-02,Las Vegas,1,579
842,ACA 130,2021-10-04,Grozny,0,
843,DWCS 2021: Week 6,2021-10-05,Las Vegas,0,
784,UFC FN,2021-10-09,Las Vegas,1,580
845,DWCS 2021: Week 7,2021-10-12,Las Vegas,0,
788,UFC FN,2021-10-16,Las Vegas,1,581
848,Bellator 268,2021-10-16,Phoenix,0,
849,DWCS 2021: Week 8,2021-10-19,Las Vegas,0,
851,LFA 116,2021-10-22,Vail,0,
850,Bellator 269,2021-10-23,Moscow,0,
794,UFC FN,2021-10-23,Las Vegas,1,582
852,KSW 64,2021-10-23,Lodz,0,
853,XMMA 3,2021-10-23,Florida,0,
854,DWCS 2021: Week 9,2021-10-26,Las Vegas,0,
846,PFL 2021 #10: Championships,2021-10-27,Florida,0,
790,UFC 267,2021-10-30,Abu Dhabi,1,583
855,CFFC 102,2021-10-30,Philadelphia,0,
857,DWCS 2021: Week 10,2021-11-03,Las Vegas,0,
858,Bellator 270,2021-11-05,Dublin,0,
859,LFA 117,2021-11-06,California,0,
860,Brave CF 55,2021-11-06,Rostov-On-Don,0,
805,UFC 268,2021-11-06,New York,1,584
861,Bellator 271,2021-11-12,Florida,0,
862,LFA 118,2021-11-12,California,0,
828,UFC FN,2021-11-13,Las Vegas,1,585
863,Fury FC 53,2021-11-14,Denver,0,
864,ACA 132,2021-11-19,Minsk,0,
865,CFFC 103,2021-11-19,Tunica,0,
829,UFC FN,2021-11-20,Las Vegas,1,586
867,AMC 106,2021-11-27,Syktyvkar,0,
869,LFA 119,2021-12-03,Phoenix,0,
866,Bellator 272,2021-12-03,Uncasville,0,
870,ACA 133,2021-12-04,St Petersburg,0,
868,Oktagon 29,2021-12-04,Ostrava,0,
871,EFC 91,2021-12-04,Johannesburg,0,
830,UFC FN,2021-12-04,Las Vegas,1,587
872,Cage Warriors 131,2021-12-10,London,0,
873,LFA 120,2021-12-10,Prior Lake,0,
876,Ares FC 2,2021-12-11,Paris,0,
874,Cage Warriors 132,2021-12-11,London,0,
814,UFC 269,2021-12-11,Las Vegas,1,588
878,ACA 134,2021-12-17,Krasnodar,0,
877,CFFC 104,2021-12-17,Atlantic City,0,
879,Titan FC 73,2021-12-17,Miami,0,
880,Brave CF 56,2021-12-18,Belgrade,0,
875,KSW 65,2021-12-18,Gliwice,0,
831,UFC FN,2021-12-18,Las Vegas,1,589
881,Fury FC 55,2021-12-19,Houston,0,
883,Oktagon 30,2021-12-30,Prague,0,
885,Rizin 33,2021-12-31,Saitama,0,
886,Invicta 45,2022-01-12,Kansas City,0,
891,LFA 121,2022-01-14,Dallas,0,
884,KSW 66,2022-01-15,Szczecin,0,
847,UFC Fight Night: Kattar vs. Chikadze,2022-01-15,Las Vegas,1,590
895,LFA 122,2022-01-21,St. Louis,0,
844,UFC 270,2022-01-22,Anaheim,1,591
898,ACA 135,2022-01-28,Grozny,0,
899,Babilon MMA 27,2022-01-28,Skierniewice,0,
892,EFC 44,2022-01-28,Miami,0,
900,CFFC 105,2022-01-29,Philadelphia,0,
896,Bellator 273,2022-01-29,Phoenix,0,
901,LFA 123,2022-02-05,Hammond,0,
882,UFC Fight Night: Hermansson vs. Strickland,2022-02-05,Las Vegas,1,592
903,FAC 12,2022-02-06,Independence,0,
902,Fury FC 56,2022-02-06,San Antonio,0,
905,Fury FC 57,2022-02-11,Humble,0,
904,LFA 124,2022-02-11,Phoenix,0,
856,UFC 271,2022-02-12,Houston,1,593
908,EFC 45,2022-02-18,Moscow,0,
906,PFL Challenger Series 1,2022-02-18,Orlando,0,
887,UFC Fight Night: Walker vs. Hill,2022-02-19,Las Vegas,1,594
907,Bellator 274,2022-02-19,Uncasville,0,
910,Bellator 275,2022-02-25,Dublin,0,
913,PFL Challenger Series 2,2022-02-26,USA,0,
912,LFA 125,2022-02-26,New York,0,
914,ACA 136,2022-02-26,Moscow,0,
915,KSW 67,2022-02-26,Warsaw,0,
893,UFC Fight Night: Green vs. Makhachev,2022-02-26,Las Vegas,1,595
911,Fury FC 58,2022-02-27,Dallas,0,
918,CES 66,2022-03-04,"Lincoln, Rhode Island",0,
917,Cage Warriors 133,2022-03-05,San Diego,0,
916,PFL Challenger Series 3,2022-03-05,Orlando,0,
890,UFC 272,2022-03-05,Las Vegas,1,596
919,ACA 137,2022-03-06,Krasnodar,0,
921,Invicta 46,2022-03-10,Kansas City,0,
909,BFL 71,2022-03-10,Canada,0,
922,EFC 46,2022-03-11,Miami,0,
924,LFA 126,2022-03-12,Complexo Ribalta,0,
920,PFL Challenger Series 4,2022-03-12,Orl,0,
889,UFC Fight Night: Santos vs. Ankalaev,2022-03-12,Las Vegas,1,597
923,Bellator 276,2022-03-12,St Louis,0,
932,CFFC 106,2022-03-17,Tampa,0,
931,Cage Warriors 134,2022-03-18,London,0,
930,PFL Challenger Series 5,2022-03-18,Orlando,0,
897,UFC Fight Night: Volkov vs. Aspinall,2022-03-19,London,1,598
929,KSW 68,2022-03-19,Radom,0,
940,PFL Challenger Series 7,2022-03-25,Orlando,0,
934,LFA 127,2022-03-25,California,0,
933,PFL Challenger Series 6,2022-03-25,Orlando,0,
937,One X,2022-03-26,Kallang,0,
938,Oktagon Prime 5,2022-03-26,Samorin,0,
936,ACA 138,2022-03-26,Chechnya,0,
935,FAME 13,2022-03-26,Gliwice,0,
888,UFC Fight Night: Blaydes vs. Daukaus,2022-03-26,Columbus,1,599
939,Cage Warriors 135,2022-04-01,Manchester,0,
945,CES 67,2022-04-01,Connecticut,0,
942,Cage Warriors 136,2022-04-02,Manchester,0,
943,XMMA 4,2022-04-02,New Orleans,0,
944,LFA 128,2022-04-09,Sioux Falls,0,
947,Oktagon 32,2022-04-09,Ostrava,0,
894,UFC 273,2022-04-09,Jacksonville,1,600
946,Bellator 277,2022-04-15,San Jose,0,
953,CFFC 107,2022-04-15,Atlantic City,0,
950,LFA 129,2022-04-15,Minnesota,0,
949,Ares FC 5,2022-04-16,Paris,0,
926,UFC Fight Night: Luque vs. Muhammad II,2022-04-16,Las Vegas,1,601
948,PFL 2022 #1,2022-04-20,Texas,0,
954,LFA 130,2022-04-22,North Dakota,0,
955,Bellator 278,2022-04-23,Hawaii,0,
958,KSW 69,2022-04-23,Warsaw,0,
927,UFC Fight Night: Lemos vs. Andrade,2022-04-23,Las Vegas,1,602
956,Bellator 279,2022-04-23,Hawaii,0,
957,Fury FC 60,2022-04-24,Houston,0,
959,PFL 2022 #2,2022-04-28,Arlington,0,
960,Brave CF 58,2022-04-30,Incheon,0,
928,UFC Fight Night: Font vs. Vera,2022-04-30,Las Vegas,1,603
968,Bellator 280,2022-05-06,Paris,0,
969,LFA 131,2022-05-06,Oshkosh,0,
967,PFL 2022 #3,2022-05-06,Texas,0,
966,Titan FC 76,2022-05-06,Florida,0,
925,UFC 274,2022-05-07,Phoenix,1,604
971,Invicta 47,2022-05-11,Kansas City,0,
972,Bellator 281,2022-05-13,London,0,
970,LFA 132,2022-05-13,Rio de Janeiro,0,
951,UFC Fight Night: Błachowicz vs. Rakić,2022-05-14,Las Vegas,1,605
973,Fury FC 62,2022-05-15,Castle Rock,0,
979,Ares FC 6,2022-05-20,Paris,0,
977,Eagle FC 47,2022-05-20,Miami,0,
980,ACA 139,2022-05-21,Mosco,0,
952,UFC Fight Night: Holm vs. Vieira,2022-05-21,Las Vegas,1,606
978,Fury FC 63,2022-05-22,Texas,0,
982,Cage Warriors 137,2022-05-27,Colchester,0,
985,CFFC 109,2022-05-27,Phildelphia,0,
983,KSW 70,2022-05-28,Łódź,0,
981,Cage Warriors 138,2022-05-28,Colchester,0,
987,LFA 133,2022-06-03,Denver,0,
986,Titan FC 77,2022-06-03,Florida,0,
988,Oktagon 33,2022-06-04,Frankfurt,0,
961,UFC Fight Night: Volkov vs. Rozenstruik,2022-06-04,Las Vegas,1,607
989,Fury FC 64,2022-06-05,Houston,0,
991,Road to UFC: Singapore - Episode 1,2022-06-09,Kallang,0,
993,Road to UFC: Singapore - Episode 2,2022-06-09,Kallang,0,
994,Road to UFC: Singapore - Episode 3,2022-06-10,Kallang,0,
995,Road to UFC: Singapore - Episode 4,2022-06-10,Kallang,0,
996,Cage Warriors 139,2022-06-10,San Diego,0,
992,LFA 134,2022-06-10,Texas,0,
998,Superior Challenge 24,2022-06-11,Stockholm,0,
941,UFC 275,2022-06-11,Kallang,1,608
1002,ACA 140,2022-06-17,Sochi,0,
1003,CES 69,2022-06-17,Rhode Island,0,
997,PFL 2022 #4,2022-06-17,Atlanta,0,
1001,KSW 71,2022-06-18,Torun,0,
962,UFC Fight Night: Kattar vs. Emmett,2022-06-18,Austin,1,609
1005,PFL 2022 #5,2022-06-24,Atlanta,0,
1000,Bellator 282,2022-06-24,Connecticut,0,
1006,Ares FC 7,2022-06-25,Paris,0,
1004,Cage Warriors 140,2022-06-25,Belfast,0,
984,UFC Fight Night: Tsarukyan vs. Gamrot,2022-06-25,Las Vegas,1,610
1007,Fury FC 65,2022-06-26,New Orleans,0,
1008,PFL 2022 #6,2022-07-01,Atlanta,0,
1009,UAE Warriors 30,2022-07-02,Abu Dhabi,0,
963,UFC 276,2022-07-02,Las Vegas,1,611
1011,LFA 135,2022-07-08,Phoenix,0,
1010,Fury FC 66,2022-07-08,California,0,
976,UFC Fight Night: Dos Anjos vs. Fiziev,2022-07-09,Las Vegas,1,612
1013,CFFC 110,2022-07-14,Tampa,0,
1014,LFA 136,2022-07-15,Sao Paulo,0,
975,UFC Fight Night: Ortega vs. Rodriguez,2022-07-16,Long Island,1,613
1022,Invicta 48,2022-07-20,Denver,0,
1021,ACA 141,2022-07-22,Sochi,0,
1020,Cage Warriors 141,2022-07-22,London,0,
1017,Bellator 283,2022-07-22,Tacoma,0,
1015,KSW 72,2022-07-23,Kielce,0,
964,UFC Fight Night: Blaydes vs. Aspinall,2022-07-23,London,1,614
1023,XMMA 5,2022-07-23,South Carolina,0,
1019,DWCS 2022: Week 1,2022-07-26,Las Vegas,0,
1028,CFFC 111,2022-07-29,Tunica,0,
1025,LFA 137,2022-07-29,California,0,
965,UFC 277,2022-07-30,Dallas,1,615
1026,Rizin 37,2022-07-31,Saitama,0,
1024,DWCS 2022: Week 2,2022-08-02,Las Vegas,0,
1027,PFL 2022 #7,2022-08-05,New York,0,
1030,LFA 138,2022-08-05,Oklahoma,0,
1012,UFC Fight Night: Santos vs. Hill,2022-08-06,Las Vegas,1,616
1029,DWCS 2022: Week 3,2022-08-09,Las Vegas,0,
1033,Bellator 284,2022-08-12,Sioux Falls,0,
1035,ACA 142,2022-08-13,Kazan,0,
1032,PFL 2022 #8,2022-08-13,Cardiff,0,
1034,Cage Warriors 142,2022-08-13,Ebbw Vale,0,
990,UFC Fight Night: Vera vs. Cruz,2022-08-13,San Diego,1,617
1036,DWCS 2022: Week 4,2022-08-16,Las Vegas,0,
1038,LFA 139,2022-08-20,Niagra Falls,0,
1039,KSW 73,2022-08-20,Warsaw,0,
1037,PFL 2022 #9,2022-08-20,London,0,
999,UFC 278,2022-08-20,Utah,1,618
1042,Fury FC 68,2022-08-21,San Antonio,0,
1040,DWCS 2022: Week 5,2022-08-23,Las Vegas,0,
1048,Centurion Fights 9,2022-08-24,Belgrade,0,
1050,One 160,2022-08-26,Kallang,0,
1052,Fame MMA 15,2022-08-26,Lodz,0,
1047,CFFC 112,2022-08-26,Philadelphia,0,
1049,LFA 140,2022-08-27,North Dakota,0,
1051,One FC on Prime 1,2022-08-27,Kallang,0,
1053,FEN 41,2022-08-27,Mragowo,0,
1046,ACA 143,2022-08-27,Krasnodar,0,
1045,DWCS 2022: Week 6,2022-08-31,Las Vegas,0,
1054,Ares FC 8,2022-09-02,Paris,0,
974,UFC Fight Night: Gane vs. Tuivasa,2022-09-03,Paris,1,619
1055,DWCS 2022: Week 7,2022-09-06,Las Vegas,0,
1056,LFA 141,2022-09-10,Colorado,0,
1057,KSW 74,2022-09-10,Ostrow,0,
1018,UFC 279,2022-09-10,Las Vegas,1,620
1058,DWCS 2022: Week 8,2022-09-13,Las Vegas,0,
1061,UAE 32,2022-09-16,Yas Island,0,
1060,LFA 142,2022-09-17,Minnesota,0,
1062,UAE 33,2022-09-17,Yas Island,0,
1059,Oktagon 35,2022-09-17,Kridlovicka,0,
1041,UFC Fight Night: Sandhagen vs. Song,2022-09-17,Las Vegas,1,621
1063,DWCS 2022: Week 9,2022-09-21,Las Vegas,0,
1069,ACA 145,2022-09-23,Saint Petersburg,0,
1064,Bellator 285,2022-09-23,Dublin,0,
1068,Fury FC 69,2022-09-23,Dallas,0,
1066,Cage Warriors 143,2022-09-23,San Diego,0,
1067,Unified MMA 46,2022-09-23,Alberta,0,
1071,MMA Attack 4,2022-09-24,Bedzin,0,
1070,Rizin 38,2022-09-25,Saitama,0,
1065,DWCS 2022: Week 10,2022-09-27,Las Vegas,0,
1072,Invicta FC 49,2022-09-29,Oklahoma,0,
1076,ONE 161,2022-09-29,Singapore,0,
1073,Brave CF 62,2022-09-30,Almaty,0,
1074,One on Prime 2,2022-09-30,Kallang,0,
1077,LFA 143,2022-09-30,Recife,0,
1043,UFC Fight Night: Dern vs. Yan,2022-10-01,Las Vegas,1,622
1075,Bellator 286,2022-10-01,Long Beach,0,
1080,ACA 146,2022-10-04,Grozny,0,
1085,EFC 98,2022-10-06,Johannesburg,0,
1082,Cage Warriors 144,2022-10-07,Rome,0,
1086,FAC 16,2022-10-07,"Independence, Missouri",0,
1084,CFFC 113,2022-10-08,Atlantic City,0,
1089,BFL 74,2022-10-12,"Vancouver, British Columbia",0,
1087,KSW 75,2022-10-14,Nowy Sącz,0,
1088,LFA 144,2022-10-14,Sioux Falls,0,
1092,Oktagon 36,2022-10-15,Frankfurt,0,
1091,FEN 42,2022-10-15,Wrocław,0,
1044,UFC Fight Night: Grasso vs. Araujo,2022-10-15,Las Vegas,1,623
1098,Brave CF 63,2022-10-19,Isa Town,0,
1100,UAE Warriors 34,2022-10-20,Abu Dhabi,0,
1104,One 162,2022-10-21,Kuala Lumpur,0,
1099,ONE on Prime 3,2022-10-21,Kuala Lumpur,0,
1095,LFA 145,2022-10-21,"Oshkosh, Wisconsin",0,
1016,UFC 280,2022-10-22,Abu Dhabi,1,624
1102,Brave CF 64,2022-10-22,Isa Town,0,
1101,RIZIN 39,2022-10-23,Fukuoka,0,
1096,Road to UFC 5: Abu Dhabi,2022-10-23,Abu Dhabi,0,
1097,Road to UFC 6: Abu Dhabi,2022-10-23,Abu Dhabi,0,
1106,Brave CF 65,2022-10-28,Isa Town,0,
1105,Bellator 287,2022-10-29,Milan,0,
1081,UFC Fight Night: Kattar vs. Allen,2022-10-29,Las Vegas,1,625
1107,Fury FC 70,2022-10-30,"Edinburg, Texas",0,
1114,EFC 99,2022-11-03,Johannesburg,0,
1109,Ares FC 9,2022-11-03,Paris,0,
1110,ACA 147,2022-11-04,Moscow,0,
1108,Cage Warriors 145,2022-11-04,London,0,
1112,LFA 146,2022-11-05,Sao Paulo,0,
1083,UFC Fight Night: Rodriguez vs. Lemos,2022-11-05,Las Vegas,1,626
1115,Rizin Landmark 4,2022-11-06,"Nagoya, Aichi",0,
1116,Fury FC 71,2022-11-06,Texas,0,
1119,CFFC 114,2022-11-10,"Tampa, Florida",0,
1120,Babilon MMA 32,2022-11-11,Radom,0,
1117,KSW 76,2022-11-12,Grodzisk Mazowiecki,0,
1111,Cage Warriors 146,2022-11-12,Manchester,0,
1031,UFC 281,2022-11-12,New York,1,627
1121,Centurion FC,2022-11-16,La Valletta,0,
1123,Invicta FC 50,2022-11-16,"Denver, Colorado",0,
1127,CES 71,2022-11-17,Rhode Island,0,
1126,ACA 148,2022-11-18,Sochi,0,
1128,CFFC 115,2022-11-18,Tunica,0,
1118,Bellator 288,2022-11-18,"Chicago, Illinois",0,
1124,Anthony Pettis FC 3,2022-11-18,"Franklin, Wisconsin",0,
1125,One on Prime 4,2022-11-18,Singapore,0,
1122,LFA 147,2022-11-18,"Sloan, Iowa",0,
1129,One 163,2022-11-19,Singapore,0,
1090,UFC Fight Night: Nzechukwu vs. Cutelaba,2022-11-19,Las Vegas,1,628
1130,Cage Warriors 147,2022-11-20,London,0,
1094,PFL 2022 #10,2022-11-25,New York,0,
1131,Brave CF 66,2022-11-26,Bali,0,
1133,EFC 100,2022-12-01,Sandton,0,
1138,BFL 75,2022-12-02,Vancouver,0,
1135,One on Prime 5,2022-12-02,Manila,0,
1136,Unified MMA 47,2022-12-02,Calgary,0,
1137,One 164,2022-12-03,Singapore,0,
1134,Oktagon 37,2022-12-03,Ostrava,0,
1093,UFC Fight Night: Thompson vs. Holland,2022-12-03,Orlando,1,629
1139,Ares FC 10,2022-12-08,Paris,0,
1132,Bellator 289,2022-12-09,Uncasville,0,
1140,LFA 148,2022-12-09,Commerce,0,
1079,UFC 282,2022-12-10,Las Vegas,1,630
1142,ACA 149,2022-12-16,Moscow,0,
1144,CFFC 116,2022-12-16,Atlantic City,0,
1145,Brave CF 68,2022-12-17,Dusseldorf,0,
1141,KSW 77,2022-12-17,Gliwice,0,
1078,UFC Fight Night: Cannonier vs. Strickland,2022-12-17,Las Vegas,1,631
1150,Fury FC 72,2022-12-18,Houston,0,
1151,Octagon 38,2022-12-21,Almaty,0,
1149,ACA 150,2022-12-23,Moscow,0,
1154,Oktagon 38,2022-12-30,Prague,0,
1147,Rizin 40,2022-12-31,Saitama,0,
1148,Bellator vs Rizin,2022-12-31,Saitama,0,
1146,Cage Warriors 148,2022-12-31,London,0,
1152,LFA 149,2023-01-06,Arizona,0,
1159,One on Prime 6,2023-01-13,Bangkok,0,
1160,LFA 150,2023-01-13,Minnesota,0,
1163,A1 Combat 7,2023-01-13,California,0,
1143,UFC Fight Night: Strickland vs. Imavov,2023-01-14,Las Vegas,1,632
1162,Invicta FC 51,2023-01-18,Denver,0,
1165,Centurion FC,2023-01-20,Belgrade,0,
1164,Ares FC 11,2023-01-20,Paris,0,
1161,KSW 78,2023-01-21,Szczecin,0,
1113,UFC 283,2023-01-21,Rio de Janeiro,1,633
1168,ACA 151,2023-01-27,Kazan,0,
1167,PFL Challenger Series: Week 1,2023-01-28,"Orlando, Florida",0,
1171,FEN 44,2023-01-28,Ostrów Wielkopolski,0,
1169,LFA 151,2023-01-28,São Paulo,0,
1170,Fury FC 73,2023-01-29,"San Antonio, Texas",0,
1174,PFL Challenger Series: Week 2,2023-02-03,"Orlando, Florida",0,
1173,Bellator 290,2023-02-04,"Inglewood, California",0,
1153,UFC Fight Night: Lewis vs. Spivak,2023-02-04,Las Vegas,1,634
1176,Fury FC 74,2023-02-05,"Houston, Texas",0,
1179,LFA 152,2023-02-10,"Shawnee, Oklahoma",0,
1177,PFL Challenger Series 2023: Week 3,2023-02-10,"Orlando, Florida",0,
1180,Oktagon 39,2023-02-11,Munich,0,
1103,UFC 284,2023-02-11,Perth,1,635
1184,Ares FC 12,2023-02-17,Paris,0,
1183,PFL Challenger Series: Week 4,2023-02-17,"Orlando, Florida",0,
1182,LFA 153,2023-02-17,"Hammond, Indiana",0,
1185,Fury FC 75,2023-02-17,"Dallas, Texas",0,
1186,Brave CF 69,2023-02-18,Serbia,0,
1157,UFC Fight Night: Andrade vs. Blanchfield,2023-02-18,Las Vegas,1,636
1189,One on Prime 7,2023-02-24,Bangkok,0,
1188,PFL Challenger Series: Week 5,2023-02-24,"Orlando, Florida",0,
1191,ACA 152,2023-02-25,"Grozny, Chechnya",0,
1190,FCR 15,2023-02-25,Solna,0,
1181,KSW 79,2023-02-25,Liberec,0,
1187,Bellator 291,2023-02-25,Dublin,0,
1158,UFC Fight Night: Muniz vs. Allen,2023-02-25,Las Vegas,1,637
1195,EFC 101,2023-03-02,Sandton,0,
1192,PFL Challenger Series 2023: Week 6,2023-03-03,"Orlando, Florida",0,
1193,Cage Warriors 149,2023-03-03,"San Diego, California",0,
1194,Oktagon 40,2023-03-04,Ostrava,0,
1155,UFC 285,2023-03-04,Las Vegas,1,638
1200,ACA 153,2023-03-09,Moscow,0,
1198,Ares FC 13,2023-03-09,Paris,0,
1196,Bellator 292,2023-03-10,"San Jose, California",0,
1197,LFA 154,2023-03-10,"Cajamar, São Paulo",0,
1199,PFL Challenger Series 2023: Week 7,2023-03-10,"Orlando, Florida",0,
1201,FEN 45,2023-03-11,Zabki,0,
1166,UFC Fight Night: Yan vs. Dvalishvili,2023-03-11,Las Vegas,1,639
1204,Centurion FC,2023-03-15,Dubai,0,
1202,Invicta FC 52,2023-03-15,"Denver, Colorado",0,
1207,ACA 154,2023-03-17,Krasnodar,0,
1206,KSW 80,2023-03-17,Lubin,0,
1205,Cage Warriors 150,2023-03-17,London,0,
1203,PFL Challenger Series 2023: Week 8,2023-03-17,"Orlando, Florida",0,
1208,UAE Warriors 39,2023-03-18,Abu Dhabi,0,
1156,UFC 286,2023-03-18,London,1,640
1210,Urijah Faber's A1 Combat 9,2023-03-18,Long Beach,0,
1215,Cage Warriors 151,2023-03-24,London,0,
1217,Fury FC 76,2023-03-24,"San Antonio, Texas",0,
1216,One Fight Night 8,2023-03-24,Singapore,0,
1214,LFA 155,2023-03-24,"Niagara Falls, New York",0,
1213,PFL Europe 1,2023-03-25,Newcastle,0,
1175,UFC Fight Night: Vera vs. Sandhagen,2023-03-25,"San Antonio, Texas",1,641
1221,BFL 76,2023-03-31,"Vancouver, British Columbia",0,
1220,Bellator 293,2023-03-31,"Temecula, California",0,
1222,CFFC 117,2023-03-31,"Phildelphia, Pennsylvania",0,
1218,Rizin 41,2023-04-01,Osaka,0,
1219,PFL 1: 2023,2023-04-01,"Las Vegas, Nevada",0,
1223,CFFC 118,2023-04-01,"Phildelphia, Pennsylvania",0,
1226,Ares FC 14,2023-04-07,Paris,0,
1224,PFL 2: 2023,2023-04-07,"Las Vegas, Nevada",0,
1225,ACA 155,2023-04-08,Minsk,0,
1172,UFC 287,2023-04-08,Miami,1,642
1231,EFC 102,2023-04-13,Sandton,0,
1227,PFL 3: 2023,2023-04-14,"Las Vegas, Nevada",0,
1230,LFA 156,2023-04-14,"Sioux Falls, South Dakota",0,
1229,Cage Warriors 152,2023-04-15,Manchester,0,
1228,Oktagon 41,2023-04-15,Liberec,0,
1178,UFC Fight Night: Holloway vs. Allen,2023-04-15,Kansas City,1,643
1232,Fury FC 77,2023-04-16,Denver,0,
1240,CFFC 119,2023-04-20,"Tampa, Florida",0,
1233,Bellator 294,2023-04-21,"Honolulu, Hawaii",0,
1239,LFA 157,2023-04-21,"Prior Lake, Minnesota",0,
1238,One Fight Night 9,2023-04-21,Singapore,0,
1235,KSW 81,2023-04-22,Tomaszów Mazowiecki,0,
1211,UFC Fight Night: Pavlovich vs. Blaydes,2023-04-22,"Las Vegas, Nevada",1,644
1234,Bellator 295,2023-04-22,"Honolulu, Hawaii",0,
1242,Brave CF 70,2023-04-23,Llubljana,0,
1241,Fury FC 78,2023-04-23,"Houston, Texas",0,
1246,ACA 156,2023-04-28,Moscow,0,
1249,A1 Combat 10,2023-04-28,"Lemoore, California",0,
1243,Rizin Landmark 5,2023-04-29,Tokyo,0,
1244,Cage Warriors 153,2023-04-29,Dublin,0,
1245,Oktagon 42,2023-04-29,Bratislava,0,
1212,UFC Fight Night: Song vs. Simón,2023-04-29,"Las Vegas, Nevada",1,645
1254,XMMA 6,2023-05-03,"Myrtle Beach, South Carolina",0,
1251,Invicta FC 53,2023-05-03,"Denver, Colorado",0,
1252,One Fight Night 10,2023-05-05,"Broomfield, Colorado",0,
1253,Rizin 42,2023-05-06,Tokyo,0,
1250,Cage Warriors 154,2023-05-06,Rome,0,
1209,UFC 288,2023-05-06,"Newark, New Jersey",1,646
1260,Fury FC 79,2023-05-07,"Tulsa, Oklahoma",0,
1262,EFC 103,2023-05-11,Sandton,0,
1263,Ares FC 15,2023-05-11,Paris,0,
1259,Bellator 296,2023-05-12,Paris,0,
1264,CES 73,2023-05-12,"Beverly, Massachusetts",0,
1261,KSW 82,2023-05-13,Warsaw,0,
1236,UFC Fight Night: Rozenstruik vs. Almeida,2023-05-13,"Charlotte, North Carolina",1,647
1270,UAE Warriors 41,2023-05-19,Abu Dhabi,0,
1271,ACA 157,2023-05-19,"Kazan, Tatarstan",0,
1265,LFA 158,2023-05-20,Arizona,0,
1272,UAE Warriors 42,2023-05-20,Abu Dhabi,0,
1269,Fame MMA 18,2023-05-20,Lodz,0,
1268,Oktagon 43,2023-05-20,Prague,0,
1247,UFC Fight Night: Hill vs. Dern,2023-05-20,"Las Vegas, Nevada",1,648
1273,Road to UFC: Shanghai Episode 1 & 2,2023-05-27,Shanghai,0,
1276,LFA 159,2023-05-27,São Paulo,0,
1274,Road to UFC: Shanghai Episode 3 & 4,2023-05-28,Shanghai,0,
1278,ACA 158,2023-06-02,Saint Petersburg,0,
1277,Cage Warriors 155,2023-06-02,San Diego,0,
1280,FCR 16,2023-06-03,Västerås,0,
1275,KSW 83,2023-06-03,Warsaw,0,
1248,UFC Fight Night: Kara-France vs. Albazi,2023-06-03,"Las Vegas, Nevada",1,649
1283,PFL 4: Regular Season,2023-06-08,"Atlanta, Georgia",0,
1284,One Fight Night 11,2023-06-09,Bangkok,0,
1237,UFC 289,2023-06-10,Vancouver,1,650
1281,ACA 159,2023-06-16,Sochi,0,
1286,LFA 160,2023-06-16,"Owensboro, Kentucky",0,
1282,Bellator 297,2023-06-16,"Chicago, Illinois",0,
1285,PFL 5: Regular Season,2023-06-16,"Atlanta, Georgia",0,
1288,CFFC 120,2023-06-16,New Jersey,0,
1287,Oktagon 44,2023-06-17,Oberhausen,0,
1255,UFC Fight Night: Vettori vs. Cannonier,2023-06-17,"Las Vegas, Nevada",1,651
1292,Ares FC 16,2023-06-23,Paris,0,
1289,PFL 6: Regular Season,2023-06-23,"Atlanta, Georgia",0,
1290,LFA 161,2023-06-24,California,0,
1291,Rizin 43,2023-06-24,Hokkaido,0,
1256,UFC Fight Night: Emmett vs. Topuria,2023-06-24,"Jacksonville, Florida",1,652
1294,Cage Warriors 156,2023-07-01,Cardiff,0,
1257,UFC Fight Night: Strickland vs. Magomedov,2023-07-01,"Las Vegas, Nevada",1,653
1296,LFA 162,2023-07-07,São Paulo,0,
1295,PFL Europe 2,2023-07-08,Berlin,0,
1258,UFC 290,2023-07-08,"Las Vegas, Nevada",1,654
1303,CFFC 121,2023-07-14,"Tunica, Mississippi",0,
1301,One Fight Night 12,2023-07-14,Bangkok,0,
1297,KSW 84,2023-07-15,Gdynia,0,
1293,UFC Fight Night: Holm vs. Bueno Silva,2023-07-15,"Las Vegas, Nevada",1,655
1304,Fury FC 81,2023-07-16,"San Antonio, Texas",0,
1307,CFFC 122,2023-07-20,Florida,0,
1306,ACA 160,2023-07-21,Sochi,0,
1302,Cage Warriors 157,2023-07-21,London,0,
1305,LFA 163,2023-07-21,"Belton, Texas",0,
1279,UFC Fight Night: Aspinall vs. Tybura,2023-07-22,London,1,656
1309,Cage Warriors 158,2023-07-29,Rome,0,
1300,Oktagon 45,2023-07-29,Prague,0,
1266,UFC 291,2023-07-29,"Salt Lake City, Utah",1,657
1308,Bellator vs Rizin 2,2023-07-30,Saitama,0,
1312,Super Rizin 2,2023-07-30,Saitama,0,
1313,PFL 7: 2023 Playoffs,2023-08-04,"San Antonio, Texas",0,
1315,One Fight Night 13,2023-08-05,Bangkok,0,
1316,A1 Combat 13,2023-08-05,"Lemoore, California",0,
1314,LFA 164,2023-08-05,"El Paso, Texas",0,
1298,UFC Fight Night: Sandhagen vs. Font,2023-08-05,"Nashville, Tennessee",1,658
1311,Contender Series 2023: Week 1,2023-08-08,Las Vegas,0,
1321,EFC 106,2023-08-10,Sandton,0,
1320,ACA 161,2023-08-11,Moscow,0,
1318,Bellator 298,2023-08-11,"Sioux Falls, South Dakota",0,
1299,UFC Fight Night: Luque vs. Dos Anjos,2023-08-12,"Las Vegas, Nevada",1,659
1323,Brave CF 73,2023-08-12,Bogota,0,
1322,Contender Series 2023: Week 2,2023-08-15,Las Vegas,0,
1327,PFL 8: 2023 Playoffs,2023-08-18,"New York City, New York",0,
1329,LFA 165,2023-08-18,"Santa Cruz, California",0,
1319,KSW 85,2023-08-19,Nowy Sącz,0,
1267,UFC 292,2023-08-19,"Boston, Massachusetts",1,660
1328,Contender Series 2023: Week 3,2023-08-22,Las Vegas,0,
1331,PFL 9: 2023 Playoffs,2023-08-23,"New York City, New York",0,
1333,UAE Warriors 43,2023-08-25,Abu Dhabi,0,
1332,FEN 49,2023-08-25,Mrągowo,0,
1317,UFC Fight Night: Holloway vs. Jung,2023-08-26,Singapore,1,661
1334,UAE Warriors 44,2023-08-26,Abu Dhabi,0,
1335,Road to UFC: Singapore Episode 1,2023-08-27,Singapore,0,
1336,Road to UFC: Singapore Episode 2,2023-08-27,Singapore,0,
1340,Fury FC 82,2023-08-27,"Houston, Texas",0,
1337,Contender Series 2023: Week 4,2023-08-29,Las Vegas,0,
1342,CFFC 123,2023-09-01,"Bensalem, Pennsylvania",0,
1344,Fury Challenger Series 6,2023-09-02,"Galveston, Texas",0,
1339,ACA 162,2023-09-02,Krasnodar,0,
1343,FEN 50,2023-09-02,Gliwice,0,
1325,UFC Fight Night: Gane vs. Spivac,2023-09-02,Paris,1,662
1346,A1 Combat 14,2023-09-02,"Los Angeles, California",0,
1345,CFFC 124,2023-09-02,"Bensalem, Pennsylvania",0,
1338,LFA 166,2023-09-02,"Cajamar, São Paulo",0,
1347,Contender Series 2023: Week 5,2023-09-05,Las Vegas,0,
1349,Brave CF 74,2023-09-07,Nantes,0,
1348,Cage Warriors 159,2023-09-09,San Diego,0,
1350,FCR 17,2023-09-09,Uppsala,0,
1326,UFC 293,2023-09-09,Sydney,1,663
1351,Contender Series 2023: Week 6,2023-09-12,Las Vegas,0,
1358,Combat FC 5,2023-09-15,"Wilmington, Massachusetts",0,
1356,CFFC 125,2023-09-15,"New Town, North Dakota",0,
1355,LFA 167,2023-09-15,"Niagara Falls, New York",0,
1353,Oktagon 46,2023-09-16,Frankfurt,0,
1352,KSW 86,2023-09-16,Wroclaw,0,
1324,UFC Fight Night: Grasso vs. Shevchenko II,2023-09-16,Las Vegas,1,664
1359,Fury FC 83,2023-09-17,"Tulsa, Oklahoma",0,
1360,Contender Series 2023: Week 7,2023-09-19,Las Vegas,0,
1362,ACA 163,2023-09-22,Minsk,0,
1361,LFA 168,2023-09-22,"Prior Lake, Minnesota",0,
1357,Bellator 299,2023-09-23,Dublin,0,
1341,UFC Fight Night: Fiziev vs. Gamrot,2023-09-23,Las Vegas,1,665
1363,Rizin 44,2023-09-24,Saitama,0,
1365,Fury Challenger Series 7,2023-09-24,"Houston, Texas",0,
1368,Contender Series 2023: Week 8,2023-09-26,"Las Vegas, Nevada",0,
1367,Cage Warriors 160,2023-09-29,Manchester,0,
1370,One Fight Night 14,2023-09-29,Singapore,0,
1366,PFL Europe 3: 2023 Playoffs,2023-09-30,Paris,0,
1373,Rizin Landmark 6,2023-10-01,"Nagoya, Aichi",0,
1372,Contender Series 2023: Week 9,2023-10-03,"Las Vegas, Nevada",0,
1374,ACA 164,2023-10-04,"Grozny, Chechnya",0,
1377,One Fight Night 15,2023-10-06,Bangkok,0,
1375,LFA 169,2023-10-06,"Dallas, Texas",0,
1376,Oktagon 47,2023-10-07,Bratislava,0,
1354,UFC Fight Night: Dawson vs. Green,2023-10-07,"Las Vegas, Nevada",1,666
1371,Bellator 300,2023-10-07,"San Diego, California",0,
1378,Contender Series 2023: Week 10,2023-10-10,"Las Vegas, Nevada",0,
1382,EFC 108,2023-10-12,Sandton,0,
1383,CFFC 126,2023-10-13,"Tampa, Florida",0,
1384,FEN 51,2023-10-14,Lublin,0,
1380,KSW 87,2023-10-14,Třinec,0,
1381,Cage Warriors 161,2023-10-14,Dublin,0,
1364,UFC Fight Night: Yusuff vs. Barboza,2023-10-14,"Las Vegas, Nevada",1,667
1385,UAE Warriors 45,2023-10-17,Abu Dhabi,0,
1386,BFL 78,2023-10-19,"Vancouver, British Columbia",0,
1387,Octagon 51,2023-10-21,Almaty,0,
1330,UFC 294,2023-10-21,Abu Dhabi,1,668
1390,Fury Challenger Series 8,2023-10-22,"Houston, Texas",0,
1391,Invicta FC 54,2023-10-27,"Boston, Massachusetts",0,
1392,LFA 170,2023-10-28,"Vail, Colorado",0,
1389,Cage Warriors 162,2023-10-28,Rome,0,
1393,Unified MMA 53,2023-10-28,"Ottawa, Ontario",0,
1396,ACA 165,2023-11-03,St. Petersburg,0,
1398,LFA 171,2023-11-03,São Paulo,0,
1399,CFFC 127,2023-11-03,"Tunica, Mississippi",0,
1397,One Fight Night 16,2023-11-03,Bangkok,0,
1394,Rizin Landmark 7,2023-11-04,Baku,0,
1395,Oktagon 48,2023-11-04,Manchester,0,
1379,UFC Fight Night: Lewis vs. Almeida,2023-11-04,Sao Paulo,1,669
1401,Fury Challenger Series 9,2023-11-05,"Houston, Texas",0,
1404,EFC 109,2023-11-09,Sandton,0,
1402,KSW 88,2023-11-11,Radom,0,
1403,Cage Warriors 163,2023-11-11,London,0,
1310,UFC 295,2023-11-11,New York,1,670
1407,Fury Challenger Series 10,2023-11-12,"Houston, Texas",0,
1410,Ares FC 17,2023-11-17,Levallois-Perret,0,
1406,Bellator 301,2023-11-17,"Chicago, Illinois",0,
1409,LFA 172,2023-11-17,"Phoenix, Arizona",0,
1408,Oktagon 49,2023-11-18,Cologne,0,
1388,UFC Fight Night: Allen vs. Craig,2023-11-18,Las Vegas,1,671
1413,A1 Combat 15,2023-11-18,"Wheatland, California",0,
1412,Anthony Pettis FC 9,2023-11-19,"Milwaukee, Wisconsin",0,
1414,ACA 166,2023-11-24,St. Petersburg,0,
1405,PFL 10: 2023 PFL World Championship,2023-11-24,"Washington, D.C.",0,
1418,Brave CF 76,2023-11-25,Jakarta,0,
1417,FCR 18,2023-11-25,Stockholm,0,
1415,Cage Warriors 164,2023-11-25,Newcastle,0,
1400,UFC Fight Night: Dariush vs. Tsarukyan,2023-12-02,"Austin, Texas",1,672
1426,Fury FC 84,2023-12-03,"Houston, Texas",0,
1429,Brave CF 77,2023-12-05,Bahrain,0,
1433,EFC 110,2023-12-07,Sandton,0,
1430,Brave CF 78,2023-12-07,Fortaleza,0,
1424,ACA 167,2023-12-08,"Ufa, Bashkortostan",0,
1432,Brave CF 79,2023-12-08,Isa Town,0,
1425,PFL Europe 4: 2023 Championships,2023-12-08,Dublin,0,
1419,Oktagon 50,2023-12-09,Ostrava,0,
1416,UFC Fight Night: Song vs. Gutierrez,2023-12-09,"Last Vegas, Nevada",1,673
1434,Brave CF 80,2023-12-15,Isa Town,0,
1436,Ares FC 18,2023-12-15,Levallois-Perret,0,
1435,Cage Warriors 165,2023-12-15,San Diego,0,
1437,CFFC 128,2023-12-15,"Atlantic City, New Jersey",0,
1431,LFA 173,2023-12-15,"Las Vegas, Nevada",0,
1427,WOW 11,2023-12-16,Madrid,0,
1420,KSW 89,2023-12-16,Gliwice,0,
1369,UFC 296,2023-12-16,"Las Vegas, Nevada",1,674
1443,Naiza FC 56,2023-12-21,Almaty,0,
1441,Octagon 53,2023-12-23,Almaty,0,
1440,A1 Combat 16,2023-12-23,"Visalia, California",0,
1438,ACA 168,2023-12-24,Moscow,0,
1421,Oktagon 51,2023-12-29,Prague,0,
1422,Rizin 45,2023-12-31,Saitama,0,
1449,One Fight Night 18,2024-01-12,Bangkok,0,
1446,LFA 174,2024-01-12,"Prior Lake, Minnesota",0,
1428,UFC Fight Night: Ankalaev vs. Walker,2024-01-13,"Las Vegas, Nevada",1,675
1453,Octagon 54,2024-01-19,Almaty,0,
1452,Unified MMA 55,2024-01-19,"Toronto, Ontario",0,
1451,A1 Combat 17,2024-01-19,"Sacramento, California",0,
1455,UAE Warriors 46,2024-01-20,Abu Dhabi,0,
1450,KSW 90,2024-01-20,Warsaw,0,
1411,UFC 297,2024-01-20,"Toronto, Ontario",1,676
1456,UAE Warriors 47,2024-01-21,Abu Dhabi,0,
1454,Fury FC 85,2024-01-21,"Houston, Texas",0,
1457,ACA 169,2024-01-26,"Grozny, Chechnya",0,
1445,Oktagon 52,2024-01-27,Newcastle,0,
1462,LFA 175,2024-01-27,Sao Paulo,0,
1458,One 165,2024-01-28,Tokyo,0,
1442,UFC Fight Night: Dolidze vs. Imavov,2024-02-03,"Las Vegas, Nevada",1,677
1463,Road to UFC: Las Vegas,2024-02-04,Las Vegas,0,
1467,Fury Challenger Series 11,2024-02-04,"Houston, Texas",0,
1464,ACA 170,2024-02-09,Moscow,0,
1469,CFFC 129,2024-02-09,"Philadelphia, Pennsylvania",0,
1468,LFA 176,2024-02-09,"Phoenix, Arizona",0,
1459,Oktagon 53,2024-02-10,Oberhausen,0,
1447,UFC Fight Night: Hermansson vs. Pyfer,2024-02-10,"Las Vegas, Nevada",1,678
1473,Octagon 55,2024-02-16,Almaty,0,
1472,One Fight Night 19,2024-02-16,Bangkok,0,
1465,KSW 91,2024-02-17,Liberec,0,
1423,UFC 298,2024-02-17,Anaheim,1,679
1478,A1 Combat 18,2024-02-22,"Lemoore, California",0,
1479,Fury FC 86,2024-02-23,"Dallas, Texas",0,
1476,Cage Warriors 166,2024-02-23,San Diego,0,
1475,LFA 177,2024-02-23,"Niagara Falls, New York",0,
1477,Rizin Landmark 8,2024-02-24,Saga,0,
1481,FCR 19,2024-02-24,Stockholm,0,
1474,KSW Epic,2024-02-24,Gliwice,0,
1471,PFL vs. Bellator: Champs,2024-02-24,Riyadh,0,
1448,UFC Fight Night: Moreno vs. Royval,2024-02-24,Mexico City,1,680
1480,ACA 171,2024-02-25,Krasnodar,0,
1460,One 166,2024-03-01,Lusail,0,
1482,Oktagon 54,2024-03-02,Ostrava,0,
1483,WOW 12,2024-03-02,Madrid,0,
1466,UFC Fight Night: Rozenstruik vs. Gaziev,2024-03-02,"Las Vegas, Nevada",1,681
1484,UAE Warriors 48,2024-03-03,Santa Catarina,0,
1487,PFL Europe 1: 2024 Regular Season,2024-03-07,Paris,0,
1488,Ares FC 19,2024-03-08,Aubervilliers,0,
1491,Centurion FC 18,2024-03-08,Rio de Janeiro,0,
1489,CFFC 130,2024-03-08,"Tampa, Florida",0,
1490,One Fight Night 20,2024-03-08,Bangkok,0,
1486,LFA 178,2024-03-09,"Santa Cruz, California",0,
1485,ACA 172,2024-03-09,Moscow,0,
1439,UFC 299,2024-03-09,"Miami, Florida",1,682
1494,Octagon 56,2024-03-10,Almaty,0,
1493,Fury FC 87,2024-03-10,"Houston, Texas",0,
1497,Cage Warriors 167,2024-03-15,Manchester,0,
1496,KSW 92,2024-03-16,Gorzów Wielkopolski,0,
1498,Cage Warriors 168,2024-03-16,Manchester,0,
1461,UFC Fight Night: Tuivasa vs. Tybura,2024-03-16,Las Vegas,1,683
1499,Bellator Champions Series,2024-03-22,Belfast,0,
1503,Rizin Landmark 9,2024-03-22,"Kobe, Hyogo",0,
1500,Oktagon 55,2024-03-23,Stuttgart,0,
1501,LFA 179,2024-03-23,Rio de Janeiro,0,
1470,UFC Fight Night: Ribas vs. Namajunas,2024-03-23,Las Vegas,1,684
1505,Fury FC 88,2024-03-24,"San Antonio, Texas",0,
1506,ACA 173,2024-03-29,Minsk,0,
1508,LFA 180,2024-03-29,"Louisville, Kentucky",0,
1507,Cage Warriors 169,2024-03-30,London,0,
1492,UFC Fight Night: Blanchfield vs. Fiorot,2024-03-30,"Atlantic City, New Jersey",1,685
1502,PFL 1: 2024 Regular Season,2024-04-04,"San Antonio, Texas",0,
1512,LFA 181,2024-04-05,"Prior Lake, Minnesota",0,
1511,Cage Warriors 170,2024-04-06,Dublin,0,
1504,KSW 93,2024-04-06,Paris,0,
1495,UFC Fight Night: Allen vs. Curtis II,2024-04-06,"Las Vegas, Nevada",1,686
1513,PFL 2: 2024 Regular Season,2024-04-12,"Las Vegas, Nevada",0,
1514,CFFC 131,2024-04-12,"Atlantic City, New Jersey",0,
1444,UFC 300,2024-04-13,"Las Vegas, Nevada",1,687
1519,Ares FC 20,2024-04-18,Paris,0,
1518,ACA 174,2024-04-19,St. Petersburg,0,
1515,PFL 3: 2024 Regular Season,2024-04-19,"Chicago, Illinois, United States",0,
1516,Cage Warriors 171,2024-04-20,Glasgow,0,
1517,Oktagon 56,2024-04-20,Birmingham,0,
1521,LFA 182,2024-04-26,"Sioux Falls, South Dakota",0,
1509,UFC Fight Night: Nicolau vs Perez,2024-04-27,"Las Vegas, Nevada",1,688
1522,Rizin 46,2024-04-29,Tokyo,0,
1526,LFA 183,2024-05-03,Rio de Janeiro,0,
1525,One Fight Night 22,2024-05-03,Bangkok,0,
1523,Oktagon 57,2024-05-04,Frankfurt,0,
1510,UFC 301,2024-05-04,Rio de Janeiro,1,689
1527,PFL MENA 1: Riyadh,2024-05-10,Riyadh,0,
1529,Brave CF 82,2024-05-11,St. Pierre,0,
1524,KSW 94,2024-05-11,Gdańsk,0,
1520,UFC Fight Night: Lewis vs. Nascimento,2024-05-11,"St. Louis, Missouri",1,690
1531,Fury FC 90,2024-05-12,"Houston, Texas",0,
1533,ACA 175,2024-05-17,Moscow,0,
1535,UAE Warriors 49,2024-05-17,Abu Dhabi,0,
1532,Bellator Champions Series,2024-05-17,Paris,0,
1540,A1 Combat 20,2024-05-17,"Wheatland, California,",0,
1541,LFA 184,2024-05-17,"Commerce, California",0,
1536,Road to UFC: Episode 1,2024-05-18,Shanghai,0,
1537,Road to UFC: Episode 2,2024-05-18,Shanghai,0,
1534,UAE Warriors 50,2024-05-18,Abu Dhabi,0,
1528,UFC Fight Night: Barboza vs. Murphy,2024-05-18,"Las Vegas, Nevada",1,691
1543,Centurion FC 20,2024-05-18,Sao Paulo,0,
1538,Road to UFC: Episode 3,2024-05-19,Shanghai,0,
1539,Road to UFC: Episode 4,2024-05-19,Shanghai,0,
1550,Tuff-N-Uff 137,2024-05-24,"Las Vegas, Nevada",0,
1545,Cage Warriors 172,2024-05-25,Newcastle,0,
1546,Brave CF 83,2024-05-25,Alkmaar,0,
1551,Anthony Pettis FC 11,2024-05-25,"Milwaukee, Wisconsin",0,
1547,A1 Combat 21,2024-05-25,"Visalia, California",0,
1552,ACA 176,2024-05-31,"Ufa, Bashkortostan",0,
1553,FCR 20,2024-06-01,Västerås,0,
1530,UFC 302,2024-06-01,"Newark, New Jersey",1,692
1558,KSW 95,2024-06-07,Olsztyn,0,
1560,LFA 185,2024-06-07,"Hammond, Indiana",0,
1559,Cage Warriors 173,2024-06-07,San Diego,0,
1562,One 167,2024-06-07,Bangkok,0,
1557,Oktagon 58,2024-06-08,Prague,0,
1556,PFL Europe 2: 2024 Regular Season,2024-06-08,Newcastle,0,
1549,UFC Fight Night: Cannonier vs. Imavov,2024-06-08,"Louisville, Kentucky",1,693
1561,Rizin 47,2024-06-09,Tokyo,0,
1564,Fury FC 91,2024-06-09,"Rosenberg, Texas",0,
1563,PFL 4: 2024 Regular Season,2024-06-13,"Uncasville, Connecticut",0,
1566,Ares FC 22,2024-06-14,Paris,0,
1565,CFFC 132,2024-06-14,"Phildelphia, Pennsylvania",0,
1569,FEN 55,2024-06-15,Ostróda,0,
1548,UFC Fight Night: Perez vs. Taira,2024-06-15,"Las Vegas, Nevada",1,694
1571,Fury FC 92,2024-06-16,"Houston, Texas",0,
1570,PFL 5: 2024 Regular Season,2024-06-21,"Salt Lake City, Utah",0,
1568,Bellator Champions Series,2024-06-22,Dublin,0,
1554,UFC Fight Night: Whittaker vs. Aliskerov,2024-06-22,Riyadh,1,695
1572,LFA 186,2024-06-22,"Denver, Colorado",0,
1575,Octagon 59,2024-06-23,Almaty,0,
1576,ACA 177,2024-06-28,Sochi,0,
1574,PFL 6: 2024 Regular Season,2024-06-28,"Sioux Falls, South Dakota",0,
1577,Invicta FC 55,2024-06-28,"Kansas City, Kansas",0,
1544,UFC 303,2024-06-29,"Las Vegas, Nevada",1,696
1579,ONE Fight Night 24,2024-07-05,Bangkok,0,
1578,LFA 187,2024-07-06,São Paulo,0,
1586,EFC 115,2024-07-11,Sandton,0,
1587,Ares FC 23,2024-07-11,Aubervilliers,0,
1585,PFL MENA 2,2024-07-12,Riyadh,0,
1588,LFA 188,2024-07-12,"Chandler, Arizona",0,
1567,UFC Fight Night: Namajunas vs. Cortez,2024-07-13,"Denver, Colorado",1,697
1589,Cage Warriors 174,2024-07-20,London,0,
1580,Oktagon 59,2024-07-20,Bratislava,0,
1581,KSW 96,2024-07-20,Łódź,0,
1582,UFC Fight Night: Lemos vs. Jandiroba,2024-07-20,"Las Vegas, Nevada",1,698
1590,A1 Combat 22,2024-07-20,"Sacramento, California",0,
1591,Fury FC 94,2024-07-21,"Houston, Texas",0,
1592,Cage Warriors 175,2024-07-25,Manchester,0,
1597,A1 Combat 23,2024-07-26,"Lemoore, California",0,
1593,CFFC 133,2024-07-26,"Tampa, Florida",0,
1595,UAE Warriors 51,2024-07-27,Abu Dhabi,0,
1542,UFC 304,2024-07-27,Manchester,1,699
1594,Super Rizin 3,2024-07-28,Saitama,0,
1596,UAE Warriors 52,2024-07-28,Abu Dhabi,0,
1599,PFL 7: 2024 Playoffs,2024-08-02,"Nashville, Tennessee",0,
1600,Fury FC 95,2024-08-02,"Dallas, Texas",0,
1601,LFA 189,2024-08-02,"Salamanca, New York",0,
1602,ONE Fight Night 25,2024-08-02,Bangkok,0,
1555,UFC Fight Night: Sandhagen vs. Nurmagomedov,2024-08-03,Abu Dhabi,1,700
1603,Brave CF 84,2024-08-09,Zhengzhou,0,
1604,Invicta FC 56,2024-08-09,"Denver, Colorado",0,
1598,UFC Fight Night: Tybura vs. Spivac II,2024-08-10,"Las Vegas, Nevada",1,701
1606,Contender Series 2024: Week 1,2024-08-13,"Las Vegas, Nevada",0,
1608,ACA 178,2024-08-16,Moscow,0,
1609,PFL 8: 2024 Playoffs,2024-08-16,"Hollywood, Florida",0,
1611,CFFC 134,2024-08-16,"Atlantic City, New Jersey",0,
1573,UFC 305,2024-08-17,Perth,1,702
1610,Brave CF 85,2024-08-18,Lahore,0,
1614,Contender Series 2024: Week 2,2024-08-20,"Las Vegas, Nevada",0,
1618,PFL 9: 2024 Playoffs,2024-08-23,"Washington, D.C.",0,
1620,Road to UFC: Las Vegas,2024-08-23,"Las Vegas, Nevada",0,
1619,LFA 190,2024-08-23,"Commerce, California",0,
1615,KSW 97,2024-08-24,Tarnów,0,
1621,Brave CF 86,2024-08-24,Burgas,0,
1622,Centurion FC 22,2024-08-24,Sao Paulo,0,
1607,UFC Fight Night: Cannonier vs. Borralho,2024-08-24,"Las Vegas, Nevada",1,703
1623,Contender Series 2024: Week 3,2024-08-27,"Las Vegas, Nevada",0,
1624,LFA 191,2024-08-30,"Cajamar, São Paulo",0,
1627,Samourai MMA 11,2024-08-30,"Montreal, Quebec",0,
1626,Contender Series 2024: Week 4,2024-09-03,"Las Vegas, Nevada",0,
1630,Ares FC 24,2024-09-05,Aubervilliers,0,
1634,BFL 81,2024-09-06,Vancouver,0,
1633,A1 Combat 24,2024-09-06,"Wheatland, California",0,
1631,ONE 168,2024-09-06,"Denver, Colorado",0,
1635,FCR 21,2024-09-07,Stockholm,0,
1625,Oktagon 60,2024-09-07,Oberhausen,0,
1628,Cage Warriors 176,2024-09-07,Glasgow,0,
1584,UFC Fight Night: Burns vs. Brady,2024-09-07,"Las Vegas, Nevada",1,704
1629,Bellator Champions Series,2024-09-07,"San Diego, California",0,
1632,ACA 179,2024-09-08,Krasnodar,0,
1636,Contender Series 2024: Week 5,2024-09-10,"Las Vegas, Nevada",0,
1638,LFA 192,2024-09-13,"Santa Cruz, California",0,
1639,KSW 98,2024-09-14,Lubin,0,
1637,Bellator Champions Series,2024-09-14,London,0,
1583,UFC 306,2024-09-14,"Las Vegas, Nevada",1,705
1640,Contender Series 2024: Week 6,2024-09-17,"Las Vegas, Nevada",0,
1644,PFL MENA 3: Playoffs,2024-09-20,Riyadh,0,
1647,Cage Warriors 177,2024-09-20,Manchester,0,
1649,Invicta FC 57,2024-09-20,"Kansas City, Kansas",0,
1648,LFA 193,2024-09-20,"Prior Lake, Minnesota",0,
1641,Oktagon 61,2024-09-21,Brno,0,
1643,Cage Warriors 178,2024-09-21,Manchester,0,
1650,CFFC 135,2024-09-21,"Tampa, Florida",0,
1652,Brave CF 87,2024-09-22,Alkmaar,0,
1651,Fury FC 96,2024-09-22,"Houston, Texas",0,
1645,Contender Series 2024: Week 7,2024-09-24,"Las Vegas, Nevada",0,
1655,Ares FC 25,2024-09-26,Paris,0,
1656,UAE Warriors 53,2024-09-27,Abu Dhabi,0,
1659,CFFC 136,2024-09-27,"New Town, North Dakota",0,
1657,UAE Warriors 54,2024-09-28,Abu Dhabi,0,
1612,UFC Fight Night: Moicano vs. Saint-Denis,2024-09-28,Paris,1,706
1653,PFL Europe 3,2024-09-28,Glasgow,0,
1658,Brave CF 88,2024-09-28,Ljubljana,0,
1654,Rizin 48,2024-09-29,Saitama,0,
1646,Contender Series 2024: Week 8,2024-10-01,"Las Vegas, Nevada",0,
1661,ACA 180,2024-10-04,"Grozny, Chechnya",0,
1662,Unified MMA 59,2024-10-04,"Toronto, Ontario",0,
1663,ONE Fight Night 25,2024-10-04,Bangkok,0,
1617,UFC 307,2024-10-05,"Salt Lake City, Utah",1,707
1664,Fury FC 97,2024-10-06,"Houston, Texas",0,
1665,Contender Series 2024: Week 9,2024-10-08,"Las Vegas, Nevada",0,
1666,Oktagon 62,2024-10-12,Frankfurt,0,
1660,UFC Fight Night: Royval vs. Taira,2024-10-12,"Las Vegas, Nevada",1,708
1671,Centurion FC 23,2024-10-12,Rio de Janeiro,0,
1672,Contender Series 2024: Week 10,2024-10-15,"Las Vegas, Nevada",0,
1673,CFFC 137,2024-10-18,"Phildelphia, Pennsylvania",0,
1675,LFA 194,2024-10-18,"Niagara Falls, New York",0,
1674,KSW 99,2024-10-19,Gliwice,0,
1613,PFL Super Fights: Battle of the Giants,2024-10-19,Riyadh,0,
1676,Brave CF 89,2024-10-19,Tenerife,0,
1670,UFC Fight Night: Pereira vs. Hernandez,2024-10-19,"Las Vegas, Nevada",1,709
1678,UAE Warriors 55,2024-10-22,Abu Dhabi,0,
1679,Ares FC 26,2024-10-24,Aubervilliers,0,
1682,ONE Friday Fights 84,2024-10-25,Bangkok,0,
1680,LFA 195,2024-10-26,"Vail, Colorado",0,
1605,UFC 308,2024-10-26,Abu Dhabi,1,710
1683,Octagon 65,2024-10-27,Almaty,0,
1686,Cage Warriors 179,2024-11-02,Rome,0,
1684,ACA 181,2024-11-02,St. Petersburg,0,
1616,UFC Fight Night: Moreno vs. Albazi,2024-11-02,"Edmonton, Alberta",1,711
1690,Fury FC 98,2024-11-03,"Houston, Texas",0,
1688,Invicta FC 58,2024-11-06,"Kansas City, Kansas",0,
1685,ONE 169,2024-11-09,Bangkok,0,
1689,LFA 196,2024-11-09,"Phoenix, Arizona",0,
1667,Oktagon 63,2024-11-09,Bratislava,0,
1681,UFC Fight Night: Magny vs. Prates,2024-11-09,"Las Vegas, Nevada",1,712
1696,EFC 119,2024-11-14,Sandton,0,
1693,Cage Warriors 180,2024-11-15,London,0,
1699,Samourai MMA 12,2024-11-15,"Montreal, Quebec",0,
1694,A1 Combat 25,2024-11-16,"Wheatland, California",0,
1691,KSW 100,2024-11-16,Gliwice,0,
1642,UFC 309,2024-11-16,"New York City, New York",1,713
1700,Rizin Landmark 10,2024-11-17,"Nagoya, Aichi",0,
1697,LFA 197,2024-11-22,"Cajamar, São Paulo",0,
1695,UFC Fight Night: Yan vs. Figueiredo,2024-11-23,Macau,1,714
1702,Brave CF 90,2024-11-23,Vienna,0,
1698,Cage Warriors 181,2024-11-23,Newcastle,0,
1692,Ares FC 27,2024-11-23,Marseille,0,
1687,PFL 10: 2024 Championships,2024-11-29,Riyadh,0,
1703,FCR 22,2024-11-30,Västerås,0,
1707,LFA 198,2024-12-06,"Commerce, California",0,
1706,ONE Fight Night 26,2024-12-06,Singapore,0,
1668,Oktagon 64,2024-12-07,Munich,0,
1677,UFC 310,2024-12-07,"Las Vegas, Nevada",1,715
1711,Brave CF 91,2024-12-13,Isa Town,0,
1710,Cage Warriors 182,2024-12-13,San Diego,0,
1712,CFFC 138,2024-12-13,"Atlantic City, New Jersey",0,
1713,Invicta FC 59,2024-12-13,"Atlanta, Georgia",0,
1704,PFL Europe 4: 2024 Championships,2024-12-14,Lyon,0,
1701,UFC Fight Night: Covington vs. Buckley,2024-12-14,"Tampa, Florida",1,716
