id,date,name,venue_id,location,attendance
1,1993-11-12,UFC 1: The Beginning,1,"Denver, Colorado, U.S.",7800
2,1994-03-11,UFC 2: No Way Out,2,"Denver, Colorado, U.S.",2000
3,1994-09-09,UFC 3: The American Dream,3,"Charlotte, North Carolina, U.S.",3000
4,1994-12-16,UFC 4: Revenge of the Warriors,4,"Tulsa, Oklahoma, U.S.",5857
5,1995-04-07,UFC 5: The Return of the Beast,5,"Charlotte, North Carolina, U.S.",6000
6,1995-07-14,UFC 6: Clash of the Titans,6,"Casper, Wyoming, U.S.",2700
7,1995-09-08,UFC 7: The Brawl in Buffalo,7,"Buffalo, New York, U.S.",9000
8,1995-12-16,UFC: The Ultimate Ultimate,2,"Denver, Colorado, U.S.",2800
9,1996-02-16,UFC 8: David vs. Goliath,8,"Bayamón, Puerto Rico",13000
10,1996-05-17,UFC 9: Motor City Madness,9,"Detroit, Michigan, U.S.",10000
11,1996-07-12,UFC 10: The Tournament,10,"Birmingham, Alabama, U.S.",4300
12,1996-09-20,UFC 11: The Proving Ground,11,"Augusta, Georgia, U.S.",4500
13,1996-12-07,UFC: The Ultimate Ultimate 2,10,"Birmingham, Alabama, U.S.",6000
14,1997-02-07,UFC 12: Judgement Day,12,"Dothan, Alabama, U.S.",3100
15,1997-05-30,UFC 13: The Ultimate Force,11,"Augusta, Georgia, U.S.",5100
16,1997-07-27,UFC 14: Showdown,13,"Birmingham, Alabama, U.S.",5000
17,1997-10-17,UFC 15: Collision Course,14,"Bay St. Louis, Mississippi, U.S.",
18,1997-12-21,UFC Japan: Ultimate Japan,15,"Yokohama, Japan",5000
19,1998-03-13,UFC 16: Battle in the Bayou,16,"New Orleans, Louisiana, U.S.",4600
20,1998-05-15,UFC 17: Redemption,17,"Mobile, Alabama, U.S.",
21,1998-10-16,UFC Brazil: Ultimate Brazil,18,"São Paulo, Brazil",
22,1999-01-08,UFC 18: The Road to the Heavyweight Title,16,"New Orleans, Louisiana, U.S.",
23,1999-03-05,UFC 19: Ultimate Young Guns,14,"Bay St. Louis, Mississippi, U.S.",
24,1999-05-07,UFC 20: Battle for the Gold,13,"Birmingham, Alabama, U.S.",
25,1999-07-16,UFC 21: Return of the Champions,19,"Cedar Rapids, Iowa, U.S.",
26,1999-09-24,UFC 22: Only One Can be Champion,20,"Lake Charles, Louisiana, U.S.",
27,1999-11-19,UFC 23: Ultimate Japan 2,21,"Chiba, Japan",
28,2000-03-10,UFC 24: First Defense,20,"Lake Charles, Louisiana, U.S.",
29,2000-04-14,UFC 25: Ultimate Japan 3,22,"Tokyo, Japan",
30,2000-06-09,UFC 26: Ultimate Field of Dreams,19,"Cedar Rapids, Iowa, U.S.",1100
31,2000-09-22,UFC 27: Ultimate Bad Boyz,23,"New Orleans, Louisiana, U.S.",
32,2000-11-17,UFC 28: High Stakes,24,"Atlantic City, New Jersey, U.S.",
33,2000-12-16,UFC 29: Defense of the Belts,25,"Tokyo, Japan",1414
34,2001-02-23,UFC 30: Battle on the Boardwalk,24,"Atlantic City, New Jersey, U.S.",3000
35,2001-05-04,UFC 31: Locked and Loaded,24,"Atlantic City, New Jersey, U.S.",
36,2001-06-29,UFC 32: Showdown in the Meadowlands,26,"East Rutherford, New Jersey, U.S.",12500
37,2001-09-28,UFC 33: Victory in Vegas,27,"Las Vegas, Nevada, U.S.",9500
38,2001-11-02,UFC 34: High Voltage,28,"Las Vegas, Nevada, U.S.",9000
39,2002-01-11,UFC 35: Throwdown,29,"Uncasville, Connecticut, U.S.",9600
40,2002-03-22,UFC 36: Worlds Collide,28,"Las Vegas, Nevada, U.S.",10000
41,2002-05-10,UFC 37: High Impact,30,"Bossier City, Louisiana, U.S.",7200
42,2002-06-22,UFC 37.5: As Real As It Gets,31,"Las Vegas, Nevada, U.S.",3700
43,2002-07-13,UFC 38: Brawl at the Hall,32,"London, England, UK",5000
44,2002-09-27,UFC 39: The Warriors Return,29,"Montville, Connecticut, U.S.",7800
45,2002-11-22,UFC 40: Vendetta,28,"Las Vegas, Nevada, U.S.",13770
46,2003-02-28,UFC 41: Onslaught,33,"Atlantic City, New Jersey, U.S.",11707
47,2003-04-25,UFC 42: Sudden Impact,34,"Miami, Florida, U.S.",7500
48,2003-06-06,UFC 43: Meltdown,35,"Las Vegas, Nevada, U.S.",9800
49,2003-09-26,UFC 44: Undisputed,27,"Las Vegas, Nevada, U.S.",10400
50,2003-11-21,UFC 45: Revolution,29,"Montville, Connecticut, U.S.",9200
51,2004-01-31,UFC 46: Supernatural,27,"Las Vegas, Nevada, U.S.",10700
52,2004-04-02,UFC 47: It's On!,27,"Las Vegas, Nevada, U.S.",11437
53,2004-06-19,UFC 48: Payback,27,"Las Vegas, Nevada, U.S.",10000
54,2004-08-21,UFC 49: Unfinished Business,28,"Las Vegas, Nevada, U.S.",12100
55,2004-10-22,UFC 50: The War of '04,33,"Atlantic City, New Jersey, U.S.",9000
56,2005-02-05,UFC 51: Super Saturday,27,"Las Vegas, Nevada, U.S.",11072
57,2005-04-09,The Ultimate Fighter: Team Couture vs. Team Liddell Finale,36,"Las Vegas, Nevada, U.S.",
58,2005-04-16,UFC 52: Couture vs. Liddell,28,"Las Vegas, Nevada, U.S.",14562
59,2005-06-04,UFC 53: Heavy Hitters,33,"Atlantic City, New Jersey, U.S.",12000
60,2005-08-06,UFC Ultimate Fight Night,36,"Las Vegas, Nevada, U.S.",
61,2005-08-20,UFC 54: Boiling Point,28,"Las Vegas, Nevada, U.S.",13520
62,2005-10-03,UFC Ultimate Fight Night 2,37,"Las Vegas, Nevada, U.S.",
63,2005-10-07,UFC 55: Fury,29,"Montville, Connecticut, U.S.",8000
64,2005-11-05,The Ultimate Fighter: Team Hughes vs. Team Franklin Finale,37,"Las Vegas, Nevada, U.S.",
65,2005-11-19,UFC 56: Full Force,28,"Las Vegas, Nevada, U.S.",12000
66,2006-01-16,UFC Ultimate Fight Night 3,37,"Las Vegas, Nevada, U.S.",1008
67,2006-02-04,UFC 57: Liddell vs. Couture 3,27,"Las Vegas, Nevada, U.S.",10659
68,2006-03-04,UFC 58: USA vs. Canada,27,"Las Vegas, Nevada, U.S.",9569
69,2006-04-06,UFC Ultimate Fight Night 4,37,"Las Vegas, Nevada, U.S.",843
70,2006-04-15,UFC 59: Reality Check,38,"Anaheim, California, U.S.",13814
71,2006-05-27,UFC 60: Hughes vs. Gracie,39,"Los Angeles, California, U.S.",14765
72,2006-06-24,The Ultimate Fighter: Team Ortiz vs. Team Shamrock Finale,37,"Las Vegas, Nevada, U.S.",849
73,2006-06-28,UFC Ultimate Fight Night 5,37,"Las Vegas, Nevada, U.S.",606
74,2006-07-08,UFC 61: Bitter Rivals,27,"Las Vegas, Nevada, U.S.",11167
75,2006-08-17,UFC Fight Night 6,40,"Summerlin, Nevada, U.S.",1412
76,2006-08-26,UFC 62: Liddell vs. Sobral,27,"Las Vegas, Nevada, U.S.",10503
77,2006-09-23,UFC 63: Hughes vs. Penn,38,"Anaheim, California, U.S.",12604
78,2006-10-10,UFC Fight Night 6.5,41,"Hollywood, Florida, U.S.",3510
79,2006-10-14,UFC 64: Unstoppable,27,"Las Vegas, Nevada, U.S.",10173
80,2006-11-11,The Ultimate Fighter: The Comeback Finale,37,"Las Vegas, Nevada, U.S.",1000
81,2006-11-18,UFC 65: Bad Intentions,42,"Sacramento, California, U.S.",14666
82,2006-12-13,UFC Fight Night: Sanchez vs. Riggs,43,"San Diego, California, U.S.",3000
83,2006-12-30,UFC 66: Liddell vs. Ortiz,28,"Las Vegas, Nevada, U.S.",13671
84,2007-01-25,UFC Fight Night: Evans vs. Salmon,41,"Hollywood, Florida, U.S.",5287
85,2007-02-03,UFC 67: All or Nothing,27,"Las Vegas, Nevada, U.S.",10787
86,2007-03-03,UFC 68: The Uprising,44,"Columbus, Ohio, U.S.",19079
87,2007-04-05,UFC Fight Night: Stevenson vs. Guillard,45,"Las Vegas, Nevada, U.S.",1734
88,2007-04-07,UFC 69: Shootout,46,"Houston, Texas, U.S.",15269
89,2007-04-21,UFC 70: Nations Collide,47,"Manchester, England, UK",15114
90,2007-05-26,UFC 71: Liddell vs. Jackson,28,"Las Vegas, Nevada, U.S.",14728
91,2007-06-12,UFC Fight Night: Stout vs. Fisher,41,"Hollywood, Florida, U.S.",
92,2007-06-16,UFC 72: Victory,48,"Belfast, Northern Ireland, UK",7850
93,2007-06-23,The Ultimate Fighter: Team Pulver vs. Team Penn Finale,45,"Las Vegas, Nevada, U.S.",
94,2007-07-07,UFC 73: Stacked,42,"Sacramento, California, U.S.",13183
95,2007-08-25,UFC 74: Respect,27,"Las Vegas, Nevada, U.S.",11065
96,2007-09-08,UFC 75: Champion vs. Champion,49,"London, England, UK",16235
97,2007-09-19,UFC Fight Night: Thomas vs. Florian,45,"Las Vegas, Nevada, U.S.",
98,2007-09-22,UFC 76: Knockout,38,"Anaheim, California, U.S.",13770
99,2007-10-20,UFC 77: Hostile Territory,50,"Cincinnati, Ohio, U.S.",16054
100,2007-11-17,UFC 78: Validation,51,"Newark, New Jersey, U.S.",14071
101,2007-12-08,The Ultimate Fighter: Team Hughes vs. Team Serra Finale,45,"Las Vegas, Nevada, U.S.",
102,2007-12-29,UFC 79: Nemesis,27,"Las Vegas, Nevada, U.S.",11075
103,2008-01-19,UFC 80: Rapid Fire,52,"Newcastle upon Tyne, England, UK",8412
104,2008-01-23,UFC Fight Night: Swick vs. Burkman,45,"Las Vegas, Nevada, U.S.",1900
105,2008-02-02,UFC 81: Breaking Point,27,"Las Vegas, Nevada, U.S.",10583
106,2008-03-01,UFC 82: Pride of a Champion,44,"Columbus, Ohio, U.S.",16431
107,2008-04-02,UFC Fight Night: Florian vs. Lauzon,53,"Broomfield, Colorado, U.S.",6742
108,2008-04-19,UFC 83: Serra vs. St-Pierre 2,54,"Montreal, Quebec, Canada",21390
109,2008-05-24,UFC 84: Ill Will,28,"Las Vegas, Nevada, U.S.",14773
110,2008-06-07,UFC 85: Bedlam,49,"London, England, UK",15327
111,2008-06-21,The Ultimate Fighter: Team Rampage vs. Team Forrest Finale,45,"Las Vegas, Nevada, U.S.",1853
112,2008-07-05,UFC 86: Jackson vs. Griffin,27,"Las Vegas, Nevada, U.S.",10990
113,2008-07-19,UFC Fight Night: Silva vs. Irvin,45,"Las Vegas, Nevada, U.S.",2071
114,2008-08-09,UFC 87: Seek and Destroy,55,"Minneapolis, Minnesota, U.S.",15087
115,2008-09-06,UFC 88: Breakthrough,56,"Atlanta, Georgia, U.S.",14736
116,2008-09-17,UFC Fight Night: Diaz vs. Neer,57,"Omaha, Nebraska, U.S.",9103
117,2008-10-18,UFC 89: Bisping vs. Leben,58,"Birmingham, England, UK",9515
118,2008-10-25,UFC 90: Silva vs. Côté,59,"Rosemont, Illinois, U.S.",15359
119,2008-11-15,UFC 91: Couture vs. Lesnar,28,"Las Vegas, Nevada, U.S.",14272
120,2008-12-10,UFC: Fight for the Troops,60,"Fayetteville, North Carolina, U.S.",8500
121,2008-12-13,The Ultimate Fighter: Team Nogueira vs. Team Mir Finale,45,"Las Vegas, Nevada, U.S.",1853
122,2008-12-27,UFC 92: The Ultimate 2008,28,"Las Vegas, Nevada, U.S.",14166
123,2009-01-17,UFC 93: Franklin vs. Henderson,61,"Dublin, Ireland",9369
124,2009-01-31,UFC 94: St-Pierre vs. Penn 2,28,"Las Vegas, Nevada, U.S.",14885
125,2009-02-07,UFC Fight Night: Lauzon vs. Stephens,62,"Tampa, Florida, U.S.",7596
126,2009-02-21,UFC 95: Sanchez vs. Stevenson,49,"London, England, UK",13268
127,2009-03-07,UFC 96: Jackson vs. Jardine,44,"Columbus, Ohio, U.S.",17033
128,2009-04-01,UFC Fight Night: Condit vs. Kampmann,63,"Nashville, Tennessee, U.S.",10267
129,2009-04-18,UFC 97: Redemption,54,"Montreal, Quebec, Canada",21451
130,2009-05-23,UFC 98: Evans vs. Machida,28,"Las Vegas, Nevada, U.S.",12606
131,2009-06-13,UFC 99: The Comeback,64,"Cologne, Germany",12854
132,2009-06-20,The Ultimate Fighter: United States vs. United Kingdom Finale,45,"Las Vegas, Nevada, U.S.",2217
133,2009-07-11,UFC 100,27,"Las Vegas, Nevada, U.S.",10871
134,2009-08-08,UFC 101: Declaration,65,"Philadelphia, Pennsylvania, U.S.",17411
135,2009-08-29,UFC 102: Couture vs. Nogueira,66,"Portland, Oregon, U.S.",16088
136,2009-09-16,UFC Fight Night: Diaz vs. Guillard,67,"Oklahoma City, Oklahoma, U.S.",9490
137,2009-09-19,UFC 103: Franklin vs. Belfort,68,"Dallas, Texas, U.S.",17428
138,2009-10-24,UFC 104: Machida vs. Shogun,39,"Los Angeles, California, U.S.",14892
139,2009-11-14,UFC 105: Couture vs. Vera,47,"Manchester, England, UK",16693
140,2009-11-21,UFC 106: Ortiz vs. Griffin 2,27,"Las Vegas, Nevada, U.S.",10529
141,2009-12-05,The Ultimate Fighter: Heavyweights Finale,45,"Las Vegas, Nevada, U.S.",1791
142,2009-12-12,UFC 107: Penn vs. Sanchez,69,"Memphis, Tennessee, U.S.",13896
143,2010-01-02,UFC 108: Evans vs. Silva,28,"Las Vegas, Nevada, U.S.",13529
144,2010-01-11,UFC Fight Night: Maynard vs. Diaz,70,"Fairfax, Virginia, U.S.",8078
145,2010-02-06,UFC 109: Relentless,27,"Las Vegas, Nevada, U.S.",10753
146,2010-02-21,UFC 110: Nogueira vs. Velasquez,71,"Sydney, Australia",17831
147,2010-03-21,UFC Live: Vera vs. Jones,53,"Broomfield, Colorado, U.S.",6443
148,2010-03-27,UFC 111: St-Pierre vs. Hardy,51,"Newark, New Jersey, U.S.",17000
149,2010-03-31,UFC Fight Night: Florian vs. Gomi,5,"Charlotte, North Carolina, U.S.",7700
150,2010-04-10,UFC 112: Invincible,72,"Abu Dhabi, United Arab Emirates",11008
151,2010-05-08,UFC 113: Machida vs. Shogun 2,54,"Montreal, Quebec, Canada",17647
152,2010-05-29,UFC 114: Rampage vs. Evans,28,"Las Vegas, Nevada, U.S.",14996
153,2010-06-12,UFC 115: Liddell vs. Franklin,73,"Vancouver, British Columbia, Canada",17669
154,2010-06-19,The Ultimate Fighter: Team Liddell vs. Team Ortiz Finale,45,"Las Vegas, Nevada, U.S.",1708
155,2010-07-03,UFC 116: Lesnar vs. Carwin,28,"Las Vegas, Nevada, U.S.",12740
156,2010-08-01,UFC Live: Jones vs. Matyushenko,74,"San Diego, California, U.S.",8132
157,2010-08-07,UFC 117: Silva vs. Sonnen,75,"Oakland, California, U.S.",12971
158,2010-08-28,UFC 118: Edgar vs. Penn 2,76,"Boston, Massachusetts, U.S.",14168
159,2010-09-15,UFC Fight Night: Marquardt vs. Palhares,77,"Austin, Texas, U.S.",7724
160,2010-09-25,UFC 119: Mir vs. Cro Cop,78,"Indianapolis, Indiana, U.S.",15811
161,2010-10-16,UFC 120: Bisping vs. Akiyama,49,"London, England, UK",17133
162,2010-10-23,UFC 121: Lesnar vs. Velasquez,38,"Anaheim, California, U.S.",14856
163,2010-11-13,UFC 122: Marquardt vs. Okami,79,"Oberhausen, Germany",8421
164,2010-11-20,UFC 123: Rampage vs. Machida,80,"Auburn Hills, Michigan, U.S.",16404
165,2010-12-04,The Ultimate Fighter: Team GSP vs. Team Koscheck Finale,45,"Las Vegas, Nevada, U.S.",1903
166,2010-12-11,UFC 124: St-Pierre vs. Koscheck 2,54,"Montreal, Quebec, Canada",23152
167,2011-01-01,UFC 125: Resolution,28,"Las Vegas, Nevada, U.S.",12874
168,2011-01-22,UFC: Fight for the Troops 2,81,"Fort Hood, Texas, U.S.",3200
169,2011-02-05,UFC 126: Silva vs. Belfort,27,"Las Vegas, Nevada, U.S.",10893
170,2011-02-27,UFC 127: Penn vs. Fitch,71,"Sydney, Australia",18186
171,2011-03-03,UFC Live: Sanchez vs. Kampmann,82,"Louisville, Kentucky, U.S.",8319
172,2011-03-19,UFC 128: Shogun vs. Jones,51,"Newark, New Jersey, U.S.",12619
173,2011-03-26,UFC Fight Night: Nogueira vs. Davis,83,"Seattle, Washington, U.S.",13741
174,2011-04-30,UFC 129: St-Pierre vs. Shields,84,"Toronto, Ontario, Canada",55724
175,2011-05-28,UFC 130: Rampage vs. Hamill,28,"Las Vegas, Nevada, U.S.",12753
176,2011-06-04,The Ultimate Fighter: Team Lesnar vs. Team dos Santos Finale,45,"Las Vegas, Nevada, U.S.",2053
177,2011-06-11,UFC 131: dos Santos vs. Carwin,73,"Vancouver, British Columbia, Canada",14685
178,2011-06-26,UFC Live: Kongo vs. Barry,85,"Pittsburgh, Pennsylvania, U.S.",7792
179,2011-07-02,UFC 132: Cruz vs. Faber,28,"Las Vegas, Nevada, U.S.",13109
180,2011-08-06,UFC 133: Evans vs. Ortiz,65,"Philadelphia, Pennsylvania, U.S.",11583
181,2011-08-14,UFC Live: Hardy vs. Lytle,86,"Milwaukee, Wisconsin, U.S.",6751
182,2011-08-27,UFC 134: Silva vs. Okami,87,"Rio de Janeiro, Brazil",14000
183,2011-09-17,UFC Fight Night: Shields vs. Ellenberger,88,"New Orleans, Louisiana, U.S.",7112
184,2011-09-24,UFC 135: Jones vs. Rampage,89,"Denver, Colorado, U.S.",16344
185,2011-10-01,UFC Live: Cruz vs. Johnson,90,"Washington, D.C., U.S.",9380
186,2011-10-08,UFC 136: Edgar vs. Maynard III,46,"Houston, Texas, U.S.",16164
187,2011-10-29,UFC 137: Penn vs. Diaz,27,"Las Vegas, Nevada, U.S.",10313
188,2011-11-05,UFC 138: Leben vs. Muñoz,91,"Birmingham, England, UK",10823
189,2011-11-12,UFC on Fox: Velasquez vs. dos Santos,38,"Anaheim, California, U.S.",11607
190,2011-11-19,UFC 139: Shogun vs. Henderson,92,"San Jose, California, U.S.",13832
191,2011-12-03,The Ultimate Fighter: Team Bisping vs. Team Miller Finale,45,"Las Vegas, Nevada, U.S.",1909
192,2011-12-10,UFC 140: Jones vs. Machida,93,"Toronto, Ontario, Canada",18303
193,2011-12-30,UFC 141: Lesnar vs. Overeem,28,"Las Vegas, Nevada, U.S.",13793
194,2012-01-14,UFC 142: Aldo vs. Mendes,87,"Rio de Janeiro, Brazil",10605
195,2012-01-20,UFC on FX: Guillard vs. Miller,63,"Nashville, Tennessee, U.S.",7728
196,2012-01-28,UFC on Fox: Evans vs. Davis,94,"Chicago, Illinois, U.S.",16963
197,2012-02-04,UFC 143: Diaz vs. Condit,27,"Las Vegas, Nevada, U.S.",9015
198,2012-02-15,UFC on Fuel TV: Sanchez vs. Ellenberger,57,"Omaha, Nebraska, U.S.",6283
199,2012-02-26,UFC 144: Edgar vs. Henderson,95,"Saitama, Japan",21000
200,2012-03-03,UFC on FX: Alves vs. Kampmann,71,"Sydney, Australia",14537
201,2012-04-14,UFC on Fuel TV: Gustafsson vs. Silva,96,"Stockholm, Sweden",15428
202,2012-04-21,UFC 145: Jones vs. Evans,56,"Atlanta, Georgia, U.S.",15545
203,2012-05-05,UFC on Fox: Diaz vs. Miller,26,"East Rutherford, New Jersey, U.S.",10788
204,2012-05-15,UFC on Fuel TV: The Korean Zombie vs. Poirier,70,"Fairfax, Virginia, U.S.",6668
205,2012-05-26,UFC 146: dos Santos vs. Mir,28,"Las Vegas, Nevada, U.S.",14674
206,2012-06-01,The Ultimate Fighter: Live Finale,45,"Las Vegas, Nevada, U.S.",1628
207,2012-06-08,UFC on FX: Johnson vs. McCall 2,97,"Sunrise, Florida, U.S.",6635
208,2012-06-22,UFC on FX: Maynard vs. Guida,98,"Atlantic City, New Jersey, U.S.",4652
209,2012-06-23,UFC 147: Silva vs. Franklin II,99,"Belo Horizonte, Brazil",16643
210,2012-07-07,UFC 148: Silva vs. Sonnen II,28,"Las Vegas, Nevada, U.S.",15104
211,2012-07-11,UFC on Fuel TV: Muñoz vs. Weidman,92,"San Jose, California, U.S.",4250
212,2012-07-21,UFC 149: Faber vs. Barão,100,"Calgary, Alberta, Canada",16089
213,2012-08-04,UFC on Fox: Shogun vs. Vera,39,"Los Angeles, California, U.S.",16080
214,2012-08-11,UFC 150: Henderson vs. Edgar II,89,"Denver, Colorado, U.S.",13027
215,2012-09-22,UFC 152: Jones vs. Belfort,93,"Toronto, Ontario, Canada",16800
216,2012-09-29,UFC on Fuel TV: Struve vs. Miocic,101,"Nottingham, England, UK",7241
217,2012-10-05,UFC on FX: Browne vs. Bigfoot,55,"Minneapolis, Minnesota, U.S.",7049
218,2012-10-13,UFC 153: Silva vs. Bonnar,87,"Rio de Janeiro, Brazil",16844
219,2012-11-10,UFC on Fuel TV: Franklin vs. Le,102,"Macau, SAR, China",8415
220,2012-11-17,UFC 154: St-Pierre vs. Condit,54,"Montreal, Quebec, Canada",17249
221,2012-12-08,UFC on Fox: Henderson vs. Diaz,83,"Seattle, Washington, U.S.",14387
222,2012-12-15,UFC on FX: Sotiropoulos vs. Pearson,103,"Gold Coast, Australia",5133
223,2012-12-15,The Ultimate Fighter: Team Carwin vs. Team Nelson Finale,37,"Las Vegas, Nevada, U.S.",2500
224,2012-12-29,UFC 155: dos Santos vs. Velasquez 2,28,"Las Vegas, Nevada, U.S.",13561
225,2013-01-19,UFC on FX: Belfort vs. Bisping,104,"São Paulo, Brazil",9116
226,2013-01-26,UFC on Fox: Johnson vs. Dodson,94,"Chicago, Illinois, U.S.",16091
227,2013-02-02,UFC 156: Aldo vs. Edgar,27,"Las Vegas, Nevada, U.S.",10275
228,2013-02-16,UFC on Fuel TV: Barão vs. McDonald,105,"London, England, UK",10349
229,2013-02-23,UFC 157: Rousey vs. Carmouche,38,"Anaheim, California, U.S.",13257
230,2013-03-03,UFC on Fuel TV: Silva vs. Stann,95,"Saitama, Japan",14682
231,2013-03-16,UFC 158: St-Pierre vs. Diaz,54,"Montreal, Quebec, Canada",20145
232,2013-04-06,UFC on Fuel TV: Mousasi vs. Latifi,96,"Stockholm, Sweden",14506
233,2013-04-13,The Ultimate Fighter: Team Jones vs. Team Sonnen Finale,27,"Las Vegas, Nevada, U.S.",5918
234,2013-04-20,UFC on Fox: Henderson vs. Melendez,92,"San Jose, California, U.S.",13506
235,2013-04-27,UFC 159: Jones vs. Sonnen,51,"Newark, New Jersey, U.S.",15227
236,2013-05-18,UFC on FX: Belfort vs. Rockhold,106,"Jaraguá do Sul, Brazil",7642
237,2013-05-25,UFC 160: Velasquez vs. Bigfoot 2,28,"Las Vegas, Nevada, U.S.",12380
238,2013-06-08,UFC on Fuel TV: Nogueira vs. Werdum,107,"Fortaleza, Brazil",6286
239,2013-06-15,UFC 161: Evans vs. Henderson,108,"Winnipeg, Manitoba, Canada",14754
240,2013-07-06,UFC 162: Silva vs. Weidman,28,"Las Vegas, Nevada, U.S.",12964
241,2013-07-27,UFC on Fox: Johnson vs. Moraga,83,"Seattle, Washington, U.S.",8967
242,2013-08-03,UFC 163: Aldo vs. Korean Zombie,87,"Rio de Janeiro, Brazil",13873
243,2013-08-17,UFC Fight Night: Shogun vs. Sonnen,76,"Boston, Massachusetts, U.S.",14181
244,2013-08-28,UFC Fight Night: Condit vs. Kampmann 2,109,"Indianapolis, Indiana, U.S.",6417
245,2013-08-31,UFC 164: Henderson vs. Pettis 2,86,"Milwaukee, Wisconsin, U.S.",9178
246,2013-09-04,UFC Fight Night: Teixeira vs. Bader,99,"Belo Horizonte, Brazil",5126
247,2013-09-21,UFC 165: Jones vs. Gustafsson,93,"Toronto, Ontario, Canada",15504
248,2013-10-09,UFC Fight Night: Maia vs. Shields,110,"Barueri, Brazil",6621
249,2013-10-19,UFC 166: Velasquez vs. dos Santos III,46,"Houston, Texas, U.S.",17238
250,2013-10-26,UFC Fight Night: Machida vs. Muñoz,47,"Manchester, England, UK",10355
251,2013-11-06,UFC: Fight for the Troops 3,111,"Fort Campbell, Kentucky, U.S.",
252,2013-11-09,UFC Fight Night: Belfort vs. Henderson 2,112,"Goiânia, Brazil",10565
253,2013-11-16,UFC 167: St-Pierre vs. Hendricks,28,"Las Vegas, Nevada, U.S.",14856
254,2013-11-30,The Ultimate Fighter: Team Rousey vs. Team Tate Finale,27,"Las Vegas, Nevada, U.S.",4853
255,2013-12-07,UFC Fight Night: Hunt vs. Bigfoot,113,"Brisbane, Australia",11393
256,2013-12-14,UFC on Fox: Johnson vs. Benavidez 2,42,"Sacramento, California, U.S.",11573
257,2013-12-28,UFC 168: Weidman vs. Silva 2,28,"Las Vegas, Nevada, U.S.",15650
258,2014-01-04,UFC Fight Night: Saffiedine vs. Lim,114,"Marina Bay, Singapore",5216
259,2014-01-15,UFC Fight Night: Rockhold vs. Philippou,115,"Duluth, Georgia, U.S.",5822
260,2014-01-25,UFC on Fox: Henderson vs. Thomson,94,"Chicago, Illinois, U.S.",10895
261,2014-02-01,UFC 169: Barão vs. Faber 2,51,"Newark, New Jersey, U.S.",14308
262,2014-02-15,UFC Fight Night: Machida vs. Mousasi,106,"Jaraguá do Sul, Brazil",7511
263,2014-02-22,UFC 170: Rousey vs. McMann,27,"Las Vegas, Nevada, U.S.",10217
264,2014-03-01,The Ultimate Fighter China Finale: Kim vs. Hathaway,102,"Macau, SAR, China",6000
265,2014-03-08,UFC Fight Night: Gustafsson vs. Manuwa,49,"London, England, UK",14604
266,2014-03-15,UFC 171: Hendricks vs. Lawler,68,"Dallas, Texas, U.S.",19324
267,2014-03-23,UFC Fight Night: Shogun vs. Henderson 2,116,"Natal, Brazil",6828
268,2014-04-11,UFC Fight Night: Nogueira vs. Nelson,117,"Abu Dhabi, United Arab Emirates",7963
269,2014-04-16,The Ultimate Fighter Nations Finale: Bisping vs. Kennedy,118,"Quebec City, Quebec, Canada",5029
270,2014-04-19,UFC on Fox: Werdum vs. Browne,119,"Orlando, Florida, U.S.",17000
271,2014-04-26,UFC 172: Jones vs. Teixeira,120,"Baltimore, Maryland, U.S.",13485
272,2014-05-10,UFC Fight Night: Brown vs. Silva,50,"Cincinnati, Ohio, U.S.",6143
273,2014-05-24,UFC 173: Barão vs. Dillashaw,28,"Las Vegas, Nevada, U.S.",11036
274,2014-05-31,UFC Fight Night: Muñoz vs. Mousasi,121,"Berlin, Germany",8000
275,2014-05-31,The Ultimate Fighter Brazil 3 Finale: Miocic vs. Maldonado,104,"São Paulo, Brazil",8986
276,2014-06-07,UFC Fight Night: Henderson vs. Khabilov,122,"Albuquerque, New Mexico, U.S.",8775
277,2014-06-14,UFC 174: Johnson vs. Bagautinov,73,"Vancouver, British Columbia, Canada",13506
278,2014-06-28,UFC Fight Night: Te Huna vs. Marquardt,123,"Auckland, New Zealand",8089
279,2014-06-28,UFC Fight Night: Swanson vs. Stephens,124,"San Antonio, Texas, U.S.",9227
280,2014-07-05,UFC 175: Weidman vs. Machida,27,"Las Vegas, Nevada, U.S.",10088
281,2014-07-06,The Ultimate Fighter: Team Edgar vs. Team Penn Finale,27,"Las Vegas, Nevada, U.S.",6500
282,2014-07-16,UFC Fight Night: Cowboy vs. Miller,98,"Atlantic City, New Jersey, U.S.",4115
283,2014-07-19,UFC Fight Night: McGregor vs. Brandão,61,"Dublin, Ireland",9500
284,2014-07-26,UFC on Fox: Lawler vs. Brown,92,"San Jose, California, U.S.",11482
285,2014-08-16,UFC Fight Night: Bader vs. Saint Preux,125,"Bangor, Maine, U.S.",5329
286,2014-08-23,UFC Fight Night: Bisping vs. Le,102,"Macau, SAR, China",7022
287,2014-08-23,UFC Fight Night: Henderson vs. dos Anjos,126,"Tulsa, Oklahoma, U.S.",7119
288,2014-08-30,UFC 177: Dillashaw vs. Soto,42,"Sacramento, California, U.S.",11100
289,2014-09-05,UFC Fight Night: Jacaré vs. Mousasi,127,"Ledyard, Connecticut, U.S.",4086
290,2014-09-13,UFC Fight Night: Bigfoot vs. Arlovski,128,"Brasília, Brazil",8822
291,2014-09-20,UFC Fight Night: Hunt vs. Nelson,95,"Saitama, Japan",12395
292,2014-09-27,UFC 178: Johnson vs. Cariaso,28,"Las Vegas, Nevada, U.S.",10544
293,2014-10-04,UFC Fight Night: Nelson vs. Story,96,"Stockholm, Sweden",10026
294,2014-10-04,UFC Fight Night: MacDonald vs. Saffiedine,129,"Halifax, Nova Scotia, Canada",10782
295,2014-10-25,UFC 179: Aldo vs. Mendes 2,130,"Rio de Janeiro, Brazil",11415
296,2014-11-08,UFC Fight Night: Rockhold vs. Bisping,71,"Sydney, Australia",9904
297,2014-11-08,UFC Fight Night: Shogun vs. Saint Preux,131,"Uberlândia, Brazil",5671
298,2014-11-15,UFC 180: Werdum vs. Hunt,132,"Mexico City, Mexico",21000
299,2014-11-22,UFC Fight Night: Edgar vs. Swanson,77,"Austin, Texas, U.S.",10131
300,2014-12-06,UFC 181: Hendricks vs. Lawler II,27,"Las Vegas, Nevada, U.S.",9617
301,2014-12-12,The Ultimate Fighter: A Champion Will Be Crowned Finale,45,"Las Vegas, Nevada, U.S.",1800
302,2014-12-13,UFC on Fox: dos Santos vs. Miocic,133,"Phoenix, Arizona, U.S.",15300
303,2014-12-20,UFC Fight Night: Machida vs. Dollaway,110,"Barueri, Brazil",
304,2015-01-03,UFC 182: Jones vs. Cormier,28,"Las Vegas, Nevada, U.S.",11575
305,2015-01-18,UFC Fight Night: McGregor vs. Siver,76,"Boston, Massachusetts, U.S.",13828
306,2015-01-24,UFC on Fox: Gustafsson vs. Johnson,134,"Stockholm, Sweden",30000
307,2015-01-31,UFC 183: Silva vs. Diaz,28,"Las Vegas, Nevada, U.S.",13114
308,2015-02-14,UFC Fight Night: Henderson vs. Thatch,53,"Broomfield, Colorado, U.S.",5807
309,2015-02-22,UFC Fight Night: Bigfoot vs. Mir,135,"Porto Alegre, Brazil",5080
310,2015-02-28,UFC 184: Rousey vs. Zingano,39,"Los Angeles, California, U.S.",17654
311,2015-03-14,UFC 185: Pettis vs. dos Anjos,68,"Dallas, Texas, U.S.",17160
312,2015-03-21,UFC Fight Night: Maia vs. LaFlare,130,"Rio de Janeiro, Brazil",7707
313,2015-04-04,UFC Fight Night: Mendes vs. Lamas,70,"Fairfax, Virginia, U.S.",5417
314,2015-04-11,UFC Fight Night: Gonzaga vs. Cro Cop 2,136,"Kraków, Poland",10000
315,2015-04-18,UFC on Fox: Machida vs. Rockhold,51,"Newark, New Jersey, U.S.",13306
316,2015-04-25,UFC 186: Johnson vs. Horiguchi,54,"Montreal, Quebec, Canada",10154
317,2015-05-10,UFC Fight Night: Miocic vs. Hunt,137,"Adelaide, Australia",7984
318,2015-05-16,UFC Fight Night: Edgar vs. Faber,138,"Pasay, Philippines",13446
319,2015-05-23,UFC 187: Johnson vs. Cormier,28,"Las Vegas, Nevada, U.S.",12615
320,2015-05-30,UFC Fight Night: Condit vs. Alves,112,"Goiânia, Brazil",3500
321,2015-06-06,UFC Fight Night: Boetsch vs. Henderson,139,"New Orleans, Louisiana, U.S.",6231
322,2015-06-13,UFC 188: Velasquez vs. Werdum,132,"Mexico City, Mexico",21036
323,2015-06-20,UFC Fight Night: Jędrzejczyk vs. Penne,121,"Berlin, Germany",8155
324,2015-06-27,UFC Fight Night: Machida vs. Romero,41,"Hollywood, Florida, U.S.",5604
325,2015-07-11,UFC 189: Mendes vs. McGregor,28,"Las Vegas, Nevada, U.S.",16019
326,2015-07-12,The Ultimate Fighter: American Top Team vs. Blackzilians Finale,28,"Las Vegas, Nevada, U.S.",4844
327,2015-07-15,UFC Fight Night: Mir vs. Duffee,74,"San Diego, California, U.S.",5471
328,2015-07-18,UFC Fight Night: Bisping vs. Leites,140,"Glasgow, Scotland, UK",10451
329,2015-07-25,UFC on Fox: Dillashaw vs. Barão 2,94,"Chicago, Illinois, U.S.",11663
330,2015-08-01,UFC 190: Rousey vs. Correia,87,"Rio de Janeiro, Brazil",14723
331,2015-08-08,UFC Fight Night: Teixeira vs. Saint Preux,63,"Nashville, Tennessee, U.S.",7539
332,2015-08-23,UFC Fight Night: Holloway vs. Oliveira,141,"Saskatoon, Saskatchewan, Canada",7202
333,2015-09-05,UFC 191: Johnson vs. Dodson 2,28,"Las Vegas, Nevada, U.S.",10873
334,2015-09-27,UFC Fight Night: Barnett vs. Nelson,95,"Saitama, Japan",10137
335,2015-10-03,UFC 192: Cormier vs. Gustafsson,46,"Houston, Texas, U.S.",14622
336,2015-10-24,UFC Fight Night: Holohan vs. Smolka,61,"Dublin, Ireland",9500
337,2015-11-07,UFC Fight Night: Belfort vs. Henderson 3,104,"São Paulo, Brazil",10628
338,2015-11-15,UFC 193: Rousey vs. Holm,142,"Melbourne, Australia",56214
339,2015-11-21,The Ultimate Fighter Latin America 2 Finale: Magny vs. Gastelum,143,"Monterrey, Mexico",10410
340,2015-11-28,UFC Fight Night: Henderson vs. Masvidal,144,"Seoul, South Korea",12156
341,2015-12-10,UFC Fight Night: Namajunas vs. VanZant,145,"Las Vegas, Nevada, U.S.",1643
342,2015-12-11,The Ultimate Fighter: Team McGregor vs. Team Faber Finale,145,"Las Vegas, Nevada, U.S.",2566
343,2015-12-12,UFC 194: Aldo vs. McGregor,28,"Las Vegas, Nevada, U.S.",16516
344,2015-12-19,UFC on Fox: dos Anjos vs. Cowboy 2,119,"Orlando, Florida, U.S.",14459
345,2016-01-02,UFC 195: Lawler vs. Condit,28,"Las Vegas, Nevada, U.S.",10300
346,2016-01-17,UFC Fight Night: Dillashaw vs. Cruz,76,"Boston, Massachusetts, U.S.",12022
347,2016-01-30,UFC on Fox: Johnson vs. Bader,51,"Newark, New Jersey, U.S.",10555
348,2016-02-06,UFC Fight Night: Hendricks vs. Thompson,28,"Las Vegas, Nevada, U.S.",7422
349,2016-02-21,UFC Fight Night: Cowboy vs. Cowboy,85,"Pittsburgh, Pennsylvania, U.S.",7330
350,2016-02-27,UFC Fight Night: Silva vs. Bisping,49,"London, England, UK",16734
351,2016-03-05,UFC 196: McGregor vs. Diaz,28,"Las Vegas, Nevada, U.S.",14898
352,2016-03-20,UFC Fight Night: Hunt vs. Mir,113,"Brisbane, Australia",9552
353,2016-04-10,UFC Fight Night: Rothwell vs. dos Santos,146,"Zagreb, Croatia",13177
354,2016-04-16,UFC on Fox: Teixeira vs. Evans,147,"Tampa, Florida, U.S.",11273
355,2016-04-23,UFC 197: Jones vs. Saint Preux,28,"Las Vegas, Nevada, U.S.",11352
356,2016-05-08,UFC Fight Night: Overeem vs. Arlovski,148,"Rotterdam, Netherlands",10421
357,2016-05-14,UFC 198: Werdum vs. Miocic,149,"Curitiba, Brazil",45207
358,2016-05-29,UFC Fight Night: Almeida vs. Garbrandt,27,"Las Vegas, Nevada, U.S.",5193
359,2016-06-04,UFC 199: Rockhold vs. Bisping 2,150,"Inglewood, California, U.S.",15587
360,2016-06-18,UFC Fight Night: MacDonald vs. Thompson,151,"Ottawa, Ontario, Canada",10490
361,2016-07-07,UFC Fight Night: dos Anjos vs. Alvarez,28,"Las Vegas, Nevada, U.S.",7760
362,2016-07-08,The Ultimate Fighter: Team Joanna vs. Team Cláudia Finale,28,"Las Vegas, Nevada, U.S.",8115
363,2016-07-09,UFC 200: Tate vs. Nunes,152,"Las Vegas, Nevada, U.S.",18202
364,2016-07-13,UFC Fight Night: McDonald vs. Lineker,153,"Sioux Falls, South Dakota, U.S.",5671
365,2016-07-23,UFC on Fox: Holm vs. Shevchenko,94,"Chicago, Illinois, U.S.",10287
366,2016-07-30,UFC 201: Lawler vs. Woodley,56,"Atlanta, Georgia, U.S.",10240
367,2016-08-06,UFC Fight Night: Rodríguez vs. Caceres,154,"Salt Lake City, Utah, U.S.",6689
368,2016-08-20,UFC 202: Diaz vs. McGregor 2,152,"Las Vegas, Nevada, U.S.",15539
369,2016-08-27,UFC on Fox: Maia vs. Condit,73,"Vancouver, British Columbia, Canada",10533
370,2016-09-03,UFC Fight Night: Arlovski vs. Barnett,155,"Hamburg, Germany",11763
371,2016-09-10,UFC 203: Miocic vs. Overeem,156,"Cleveland, Ohio, U.S.",18875
372,2016-09-17,UFC Fight Night: Poirier vs. Johnson,56,"Hidalgo, Texas, U.S.",5624
373,2016-09-24,UFC Fight Night: Cyborg vs. Länsberg,128,"Brasília, Brazil",8410
374,2016-10-01,UFC Fight Night: Lineker vs. Dodson,66,"Portland, Oregon, U.S.",6240
375,2016-10-08,UFC 204: Bisping vs. Henderson 2,47,"Manchester, England, UK",16000
376,2016-11-05,The Ultimate Fighter Latin America 3 Finale: dos Anjos vs. Ferguson,132,"Mexico City, Mexico",11460
377,2016-11-12,UFC 205: Alvarez vs. McGregor,157,"New York City, New York, U.S.",20427
378,2016-11-19,UFC Fight Night: Mousasi vs. Hall 2,48,"Belfast, Northern Ireland, UK",7222
379,2016-11-19,UFC Fight Night: Bader vs. Nogueira 2,104,"São Paulo, Brazil",9028
380,2016-11-27,UFC Fight Night: Whittaker vs. Brunson,158,"Melbourne, Australia",13721
381,2016-12-03,The Ultimate Fighter: Tournament of Champions Finale,45,"Las Vegas, Nevada, U.S.",2044
382,2016-12-09,UFC Fight Night: Lewis vs. Abdurakhimov,159,"Albany, New York, U.S.",6216
383,2016-12-10,UFC 206: Holloway vs. Pettis,93,"Toronto, Ontario, Canada",18057
384,2016-12-17,UFC on Fox: VanZant vs. Waterson,160,"Sacramento, California, U.S.",13136
385,2016-12-30,UFC 207: Nunes vs. Rousey,152,"Las Vegas, Nevada, U.S.",18533
386,2017-01-15,UFC Fight Night: Rodríguez vs. Penn,133,"Phoenix, Arizona, U.S.",11589
387,2017-01-28,UFC on Fox: Shevchenko vs. Peña,89,"Denver, Colorado, U.S.",13233
388,2017-02-04,UFC Fight Night: Bermudez vs. The Korean Zombie,46,"Houston, Texas, U.S.",8119
389,2017-02-11,UFC 208: Holm vs. de Randamie,161,"New York City, New York, U.S.",15628
390,2017-02-19,UFC Fight Night: Lewis vs. Browne,129,"Halifax, Nova Scotia, Canada",8123
391,2017-03-04,UFC 209: Woodley vs. Thompson 2,152,"Las Vegas, Nevada, U.S.",13150
392,2017-03-11,UFC Fight Night: Belfort vs. Gastelum,162,"Fortaleza, Brazil",14069
393,2017-03-18,UFC Fight Night: Manuwa vs. Anderson,49,"London, England, UK",15761
394,2017-04-08,UFC 210: Cormier vs. Johnson 2,163,"Buffalo, New York, U.S.",17110
395,2017-04-15,UFC on Fox: Johnson vs. Reis,164,"Kansas City, Missouri, U.S.",12171
396,2017-04-22,UFC Fight Night: Swanson vs. Lobov,63,"Nashville, Tennessee, U.S.",10144
397,2017-05-13,UFC 211: Miocic vs. dos Santos 2,68,"Dallas, Texas, U.S.",17834
398,2017-05-28,UFC Fight Night: Gustafsson vs. Teixeira,96,"Stockholm, Sweden",12668
399,2017-06-03,UFC 212: Aldo vs. Holloway,87,"Rio de Janeiro, Brazil",15412
400,2017-06-11,UFC Fight Night: Lewis vs. Hunt,123,"Auckland, New Zealand",8649
401,2017-06-17,UFC Fight Night: Holm vs. Correia,165,"Kallang, Singapore",8414
402,2017-06-25,UFC Fight Night: Chiesa vs. Lee,166,"Oklahoma City, Oklahoma, U.S.",7605
403,2017-07-07,The Ultimate Fighter: Redemption Finale,152,"Las Vegas, Nevada, U.S.",6308
404,2017-07-08,UFC 213: Romero vs. Whittaker,152,"Las Vegas, Nevada, U.S.",12834
405,2017-07-16,UFC Fight Night: Nelson vs. Ponzinibbio,140,"Glasgow, Scotland, UK",10589
406,2017-07-22,UFC on Fox: Weidman vs. Gastelum,167,"Hempstead, New York, U.S.",11198
407,2017-07-29,UFC 214: Cormier vs. Jones 2,38,"Anaheim, California, U.S.",16610
408,2017-08-05,UFC Fight Night: Pettis vs. Moreno,132,"Mexico City, Mexico",10172
409,2017-09-02,UFC Fight Night: Volkov vs. Struve,148,"Rotterdam, Netherlands",10224
410,2017-09-09,UFC 215: Nunes vs. Shevchenko 2,168,"Edmonton, Alberta, Canada",16232
411,2017-09-16,UFC Fight Night: Rockhold vs. Branch,85,"Pittsburgh, Pennsylvania, U.S.",7005
412,2017-09-23,UFC Fight Night: Saint Preux vs. Okami,95,"Saitama, Japan",8571
413,2017-10-07,UFC 216: Ferguson vs. Lee,152,"Las Vegas, Nevada, U.S.",10638
414,2017-10-21,UFC Fight Night: Cowboy vs. Till,169,"Gdańsk, Poland",11138
415,2017-10-28,UFC Fight Night: Brunson vs. Machida,104,"São Paulo, Brazil",10265
416,2017-11-04,UFC 217: Bisping vs. St-Pierre,157,"New York City, New York, U.S.",18201
417,2017-11-11,UFC Fight Night: Poirier vs. Pettis,170,"Norfolk, Virginia, U.S.",8442
418,2017-11-19,UFC Fight Night: Werdum vs. Tybura,71,"Sydney, Australia",10021
419,2017-11-25,UFC Fight Night: Bisping vs. Gastelum,171,"Shanghai, China",15128
420,2017-12-01,The Ultimate Fighter: A New World Champion Finale,172,"Las Vegas, Nevada, U.S.",
421,2017-12-02,UFC 218: Holloway vs. Aldo 2,173,"Detroit, Michigan, U.S.",17587
422,2017-12-09,UFC Fight Night: Swanson vs. Ortega,174,"Fresno, California, U.S.",7605
423,2017-12-16,UFC on Fox: Lawler vs. dos Anjos,108,"Winnipeg, Manitoba, Canada",8862
424,2017-12-30,UFC 219: Cyborg vs. Holm,152,"Las Vegas, Nevada, U.S.",13561
425,2018-01-14,UFC Fight Night: Stephens vs. Choi,175,"St. Louis, Missouri, U.S.",10052
426,2018-01-20,UFC 220: Miocic vs. Ngannou,76,"Boston, Massachusetts, U.S.",16015
427,2018-01-27,UFC on Fox: Jacaré vs. Brunson 2,176,"Charlotte, North Carolina, U.S.",10249
428,2018-02-03,UFC Fight Night: Machida vs. Anders,177,"Belém, Brazil",10144
429,2018-02-11,UFC 221: Romero vs. Rockhold,178,"Perth, Australia",12437
430,2018-02-18,UFC Fight Night: Cowboy vs. Medeiros,77,"Austin, Texas, U.S.",10502
431,2018-02-24,UFC on Fox: Emmett vs. Stephens,119,"Orlando, Florida, U.S.",10124
432,2018-03-03,UFC 222: Cyborg vs. Kunitskaya,152,"Las Vegas, Nevada, U.S.",12041
433,2018-03-17,UFC Fight Night: Werdum vs. Volkov,49,"London, England, UK",16274
434,2018-04-07,UFC 223: Khabib vs. Iaquinta,161,"New York, New York, U.S.",17026
435,2018-04-14,UFC on Fox: Poirier vs. Gaethje,179,"Glendale, Arizona, U.S.",11382
436,2018-04-21,UFC Fight Night: Barboza vs. Lee,33,"Atlantic City, New Jersey, U.S.",9541
437,2018-05-12,UFC 224: Nunes vs. Pennington,87,"Rio de Janeiro, Brazil",10696
438,2018-05-19,UFC Fight Night: Maia vs. Usman,180,"Santiago, Chile",11082
439,2018-05-27,UFC Fight Night: Thompson vs. Till,181,"Liverpool, England, UK",8520
440,2018-06-01,UFC Fight Night: Rivera vs. Moraes,182,"Utica, New York, U.S.",5063
441,2018-06-09,UFC 225: Whittaker vs. Romero 2,94,"Chicago, Illinois, U.S.",18117
442,2018-06-23,UFC Fight Night: Cowboy vs. Edwards,165,"Kallang, Singapore",6419
443,2018-07-06,The Ultimate Fighter: Undefeated Finale,45,"Las Vegas, Nevada, U.S.",2123
444,2018-07-07,UFC 226: Miocic vs. Cormier,152,"Las Vegas, Nevada, U.S.",17464
445,2018-07-14,UFC Fight Night: dos Santos vs. Ivanov,183,"Boise, Idaho, U.S.",5648
446,2018-07-22,UFC Fight Night: Shogun vs. Smith,155,"Hamburg, Germany",7798
447,2018-07-28,UFC on Fox: Alvarez vs. Poirier 2,100,"Calgary, Alberta, Canada",10603
448,2018-08-04,UFC 227: Dillashaw vs. Garbrandt 2,39,"Los Angeles, California, U.S.",17794
449,2018-08-25,UFC Fight Night: Gaethje vs. Vick,184,"Lincoln, Nebraska, U.S.",6409
450,2018-09-08,UFC 228: Woodley vs. Till,68,"Dallas, Texas, U.S.",14073
451,2018-09-15,UFC Fight Night: Hunt vs. Oleinik,185,"Moscow, Russia",22603
452,2018-09-22,UFC Fight Night: Santos vs. Anders,104,"São Paulo, Brazil",9485
453,2018-10-06,UFC 229: Khabib vs. McGregor,152,"Las Vegas, Nevada, U.S.",20034
454,2018-10-27,UFC Fight Night: Volkan vs. Smith,186,"Moncton, New Brunswick, Canada",6282
455,2018-11-03,UFC 230: Cormier vs. Lewis,157,"New York City, New York, U.S.",17011
456,2018-11-10,UFC Fight Night: The Korean Zombie vs. Rodríguez,89,"Denver, Colorado, U.S.",11426
457,2018-11-17,UFC Fight Night: Magny vs. Ponzinibbio,187,"Buenos Aires, Argentina",10245
458,2018-11-24,UFC Fight Night: Blaydes vs. Ngannou 2,188,"Beijing, China",10302
459,2018-11-30,The Ultimate Fighter: Heavy Hitters Finale,45,"Las Vegas, Nevada, U.S.",2020
460,2018-12-02,UFC Fight Night: dos Santos vs. Tuivasa,137,"Adelaide, Australia",8652
461,2018-12-08,UFC 231: Holloway vs. Ortega,93,"Toronto, Ontario, Canada",19039
462,2018-12-15,UFC on Fox: Lee vs. Iaquinta 2,189,"Milwaukee, Wisconsin, U.S.",9010
463,2018-12-29,UFC 232: Jones vs. Gustafsson 2,150,"Inglewood, California, U.S.",15862
464,2019-01-19,UFC Fight Night: Cejudo vs. Dillashaw,161,"New York, New York, U.S.",12152
465,2019-02-02,UFC Fight Night: Assunção vs. Moraes 2,162,"Fortaleza, Brazil",10040
466,2019-02-10,UFC 234: Adesanya vs. Silva,158,"Melbourne, Australia",15238
467,2019-02-17,UFC on ESPN: Ngannou vs. Velasquez,133,"Phoenix, Arizona, U.S.",14269
468,2019-02-23,UFC Fight Night: Błachowicz vs. Santos,190,"Prague, Czech Republic",16583
469,2019-03-02,UFC 235: Jones vs. Smith,152,"Las Vegas, Nevada, U.S.",14790
470,2019-03-09,UFC Fight Night: Lewis vs. dos Santos,191,"Wichita, Kansas, U.S.",7265
471,2019-03-16,UFC Fight Night: Till vs. Masvidal,49,"London, England, UK",16602
472,2019-03-23,UFC Fight Night: Thompson vs. Pettis,63,"Nashville, Tennessee, U.S.",10863
473,2019-03-30,UFC on ESPN: Barboza vs. Gaethje,65,"Philadelphia, Pennsylvania, U.S.",11123
474,2019-04-13,UFC 236: Holloway vs. Poirier 2,56,"Atlanta, Georgia, U.S.",14297
475,2019-04-20,UFC Fight Night: Overeem vs. Oleinik,192,"Saint Petersburg, Russia",7236
476,2019-04-27,UFC Fight Night: Jacaré vs. Hermansson,97,"Sunrise, Florida, U.S.",12754
477,2019-05-04,UFC Fight Night: Iaquinta vs. Cowboy,193,"Ottawa, Ontario, Canada",10960
478,2019-05-11,UFC 237: Namajunas vs. Andrade,87,"Rio de Janeiro, Brazil",15193
479,2019-05-18,UFC Fight Night: dos Anjos vs. Lee,194,"Rochester, New York, U.S.",8132
480,2019-06-01,UFC Fight Night: Gustafsson vs. Smith,96,"Stockholm, Sweden",14319
481,2019-06-08,UFC 238: Cejudo vs. Moraes,94,"Chicago, Illinois, U.S.",16083
482,2019-06-22,UFC Fight Night: Moicano vs. The Korean Zombie,195,"Greenville, South Carolina, U.S.",7682
483,2019-06-29,UFC on ESPN: Ngannou vs. dos Santos,55,"Minneapolis, Minnesota, U.S.",10123
484,2019-07-06,UFC 239: Jones vs. Santos,152,"Las Vegas, Nevada, U.S.",18358
485,2019-07-13,UFC Fight Night: de Randamie vs. Ladd,160,"Sacramento, California, U.S.",10306
486,2019-07-20,UFC on ESPN: dos Anjos vs. Edwards,124,"San Antonio, Texas, U.S.",9255
487,2019-07-27,UFC 240: Holloway vs. Edgar,168,"Edmonton, Alberta, Canada",12144
488,2019-08-03,UFC on ESPN: Covington vs. Lawler,51,"Newark, New Jersey, U.S.",10427
489,2019-08-10,UFC Fight Night: Shevchenko vs. Carmouche 2,196,"Montevideo, Uruguay",9225
490,2019-08-17,UFC 241: Cormier vs. Miocic 2,38,"Anaheim, California, U.S.",17304
491,2019-08-31,UFC Fight Night: Andrade vs. Zhang,197,"Shenzhen, China",10302
492,2019-09-07,UFC 242: Khabib vs. Poirier,117,"Abu Dhabi, United Arab Emirates",
493,2019-09-14,UFC Fight Night: Cowboy vs. Gaethje,73,"Vancouver, British Columbia, Canada",15114
494,2019-09-21,UFC Fight Night: Rodríguez vs. Stephens,132,"Mexico City, Mexico",10112
495,2019-09-28,UFC Fight Night: Hermansson vs. Cannonier,198,"Copenhagen, Denmark",12767
496,2019-10-05,UFC 243: Whittaker vs. Adesanya,142,"Melbourne, Australia",57127
497,2019-10-12,UFC Fight Night: Joanna vs. Waterson,147,"Tampa, Florida, U.S.",10597
498,2019-10-18,UFC on ESPN: Reyes vs. Weidman,76,"Boston, Massachusetts, U.S.",12066
499,2019-10-26,UFC Fight Night: Maia vs. Askren,165,"Kallang, Singapore",7155
500,2019-11-02,UFC 244: Masvidal vs. Diaz,157,"New York City, New York, U.S.",20143
501,2019-11-09,UFC Fight Night: Magomedsharipov vs. Kattar,199,"Moscow, Russia",11305
502,2019-11-16,UFC Fight Night: Błachowicz vs. Jacaré,104,"São Paulo, Brazil",10344
503,2019-12-07,UFC on ESPN: Overeem vs. Rozenstruik,90,"Washington, D.C., U.S.",10816
504,2019-12-14,UFC 245: Usman vs. Covington,152,"Las Vegas, Nevada, U.S.",16811
505,2019-12-21,UFC Fight Night: Edgar vs. The Korean Zombie,200,"Busan, South Korea",10651
506,2020-01-18,UFC 246: McGregor vs. Cowboy,152,"Las Vegas, Nevada, U.S.",19040
507,2020-01-25,UFC Fight Night: Blaydes vs. dos Santos,201,"Raleigh, North Carolina, U.S.",14533
508,2020-02-08,UFC 247: Jones vs. Reyes,46,"Houston, Texas, U.S.",17401
509,2020-02-15,UFC Fight Night: Anderson vs. Błachowicz 2,202,"Rio Rancho, New Mexico, U.S.",6449
510,2020-02-23,UFC Fight Night: Felder vs. Hooker,123,"Auckland, New Zealand",10025
511,2020-02-29,UFC Fight Night: Benavidez vs. Figueiredo,170,"Norfolk, Virginia, U.S.",7098
512,2020-03-07,UFC 248: Adesanya vs. Romero,152,"Las Vegas, Nevada, U.S.",15077
513,2020-03-14,UFC Fight Night: Lee vs. Oliveira,128,"Brasília, Brazil",0
514,2020-05-09,UFC 249: Ferguson vs. Gaethje,203,"Jacksonville, Florida, U.S.",0
515,2020-05-13,UFC Fight Night: Smith vs. Teixeira,203,"Jacksonville, Florida, U.S.",0
516,2020-05-16,UFC on ESPN: Overeem vs. Harris,203,"Jacksonville, Florida, U.S.",0
517,2020-05-30,UFC on ESPN: Woodley vs. Burns,204,"Las Vegas, Nevada, U.S.",0
518,2020-06-06,UFC 250: Nunes vs. Spencer,204,"Las Vegas, Nevada, U.S.",0
519,2020-06-13,UFC on ESPN: Eye vs. Calvillo,204,"Las Vegas, Nevada, U.S.",0
520,2020-06-20,UFC on ESPN: Blaydes vs. Volkov,204,"Las Vegas, Nevada, U.S.",0
521,2020-06-27,UFC on ESPN: Poirier vs. Hooker,204,"Las Vegas, Nevada, U.S.",0
522,2020-07-12,UFC 251: Usman vs. Masvidal,205,"Abu Dhabi, United Arab Emirates",0
523,2020-07-16,UFC on ESPN: Kattar vs. Ige,205,"Abu Dhabi, United Arab Emirates",0
524,2020-07-19,UFC Fight Night: Figueiredo vs. Benavidez 2,205,"Abu Dhabi, United Arab Emirates",0
525,2020-07-26,UFC on ESPN: Whittaker vs. Till,205,"Abu Dhabi, United Arab Emirates",0
526,2020-08-01,UFC Fight Night: Brunson vs. Shahbazyan,204,"Las Vegas, Nevada, U.S.",0
527,2020-08-08,UFC Fight Night: Lewis vs. Oleinik,204,"Las Vegas, Nevada, U.S.",0
528,2020-08-15,UFC 252: Miocic vs. Cormier 3,204,"Las Vegas, Nevada, U.S.",0
529,2020-08-22,UFC on ESPN: Munhoz vs. Edgar,204,"Las Vegas, Nevada, U.S.",0
530,2020-08-29,UFC Fight Night: Smith vs. Rakić,204,"Las Vegas, Nevada, U.S.",0
531,2020-09-05,UFC Fight Night: Overeem vs. Sakai,204,"Las Vegas, Nevada, U.S.",0
532,2020-09-12,UFC Fight Night: Waterson vs. Hill,204,"Las Vegas, Nevada, U.S.",0
533,2020-09-19,UFC Fight Night: Covington vs. Woodley,204,"Las Vegas, Nevada, U.S.",0
534,2020-09-27,UFC 253: Adesanya vs. Costa,205,"Abu Dhabi, United Arab Emirates",0
535,2020-10-04,UFC on ESPN: Holm vs. Aldana,205,"Abu Dhabi, United Arab Emirates",0
536,2020-10-11,UFC Fight Night: Moraes vs. Sandhagen,205,"Abu Dhabi, United Arab Emirates",0
537,2020-10-18,UFC Fight Night: Ortega vs. The Korean Zombie,205,"Abu Dhabi, United Arab Emirates",0
538,2020-10-24,UFC 254: Khabib vs. Gaethje,205,"Abu Dhabi, United Arab Emirates",0
539,2020-10-31,UFC Fight Night: Hall vs. Silva,204,"Las Vegas, Nevada, U.S.",0
540,2020-11-07,UFC on ESPN: Santos vs. Teixeira,204,"Las Vegas, Nevada, U.S.",0
541,2020-11-14,UFC Fight Night: Felder vs. dos Anjos,204,"Las Vegas, Nevada, U.S.",0
542,2020-11-21,UFC 255: Figueiredo vs. Perez,204,"Las Vegas, Nevada, U.S.",0
543,2020-11-28,UFC on ESPN: Smith vs. Clark,204,"Las Vegas, Nevada, U.S.",0
544,2020-12-05,UFC on ESPN: Hermansson vs. Vettori,204,"Las Vegas, Nevada, U.S.",0
545,2020-12-12,UFC 256: Figueiredo vs. Moreno,204,"Las Vegas, Nevada, U.S.",0
546,2020-12-19,UFC Fight Night: Thompson vs. Neal,204,"Las Vegas, Nevada, U.S.",0
547,2021-01-16,UFC on ABC: Holloway vs. Kattar,206,"Abu Dhabi, United Arab Emirates",2000
548,2021-01-20,UFC on ESPN: Chiesa vs. Magny,206,"Abu Dhabi, United Arab Emirates",2000
549,2021-01-24,UFC 257: Poirier vs. McGregor 2,206,"Abu Dhabi, United Arab Emirates",2600
550,2021-02-06,UFC Fight Night: Overeem vs. Volkov,204,"Las Vegas, Nevada, U.S.",0
551,2021-02-13,UFC 258: Usman vs. Burns,204,"Las Vegas, Nevada, U.S.",0
552,2021-02-20,UFC Fight Night: Blaydes vs. Lewis,204,"Las Vegas, Nevada, U.S.",0
553,2021-02-27,UFC Fight Night: Rozenstruik vs. Gane,204,"Las Vegas, Nevada, U.S.",0
554,2021-03-06,UFC 259: Błachowicz vs. Adesanya,204,"Las Vegas, Nevada, U.S.",0
555,2021-03-13,UFC Fight Night: Edwards vs. Muhammad,204,"Las Vegas, Nevada, U.S.",0
556,2021-03-20,UFC on ESPN: Brunson vs. Holland,204,"Las Vegas, Nevada, U.S.",0
557,2021-03-27,UFC 260: Miocic vs. Ngannou 2,204,"Las Vegas, Nevada, U.S.",0
558,2021-04-10,UFC on ABC: Vettori vs. Holland,204,"Las Vegas, Nevada, U.S.",0
559,2021-04-17,UFC on ESPN: Whittaker vs. Gastelum,204,"Las Vegas, Nevada, U.S.",0
560,2021-04-24,UFC 261: Usman vs. Masvidal 2,203,"Jacksonville, Florida, U.S.",15269
561,2021-05-01,UFC on ESPN: Reyes vs. Procházka,204,"Las Vegas, Nevada, U.S.",0
562,2021-05-08,UFC on ESPN: Rodriguez vs. Waterson,204,"Las Vegas, Nevada, U.S.",0
563,2021-05-15,UFC 262: Oliveira vs. Chandler,46,"Houston, Texas, U.S.",16005
564,2021-05-22,UFC Fight Night: Font vs. Garbrandt,204,"Las Vegas, Nevada, U.S.",0
565,2021-06-05,UFC Fight Night: Rozenstruik vs. Sakai,204,"Las Vegas, Nevada, U.S.",0
566,2021-06-12,UFC 263: Adesanya vs. Vettori 2,179,"Glendale, Arizona, U.S.",17208
567,2021-06-19,UFC on ESPN: The Korean Zombie vs. Ige,204,"Las Vegas, Nevada, U.S.",0
568,2021-06-26,UFC Fight Night: Gane vs. Volkov,204,"Las Vegas, Nevada, U.S.",0
569,2021-07-10,UFC 264: Poirier vs. McGregor 3,152,"Las Vegas, Nevada, U.S.",20062
570,2021-07-17,UFC on ESPN: Makhachev vs. Moisés,204,"Las Vegas, Nevada, U.S.",0
571,2021-07-24,UFC on ESPN: Sandhagen vs. Dillashaw,204,"Las Vegas, Nevada, U.S.",51
572,2021-07-31,UFC on ESPN: Hall vs. Strickland,204,"Las Vegas, Nevada, U.S.",
573,2021-08-07,UFC 265: Lewis vs. Gane,46,"Houston, Texas, U.S.",16604
574,2021-08-21,UFC on ESPN: Cannonier vs. Gastelum,204,"Las Vegas, Nevada, U.S.",
575,2021-08-28,UFC on ESPN: Barboza vs. Chikadze,204,"Las Vegas, Nevada, U.S.",
576,2021-09-04,UFC Fight Night: Brunson vs. Till,204,"Las Vegas, Nevada, U.S.",
577,2021-09-18,UFC Fight Night: Smith vs. Spann,204,"Las Vegas, Nevada, U.S.",
578,2021-09-25,UFC 266: Volkanovski vs. Ortega,152,"Las Vegas, Nevada, U.S.",19029
579,2021-10-02,UFC Fight Night: Santos vs. Walker,204,"Las Vegas, Nevada, U.S.",
580,2021-10-09,UFC Fight Night: Dern vs. Rodriguez,204,"Las Vegas, Nevada, U.S.",
581,2021-10-16,UFC Fight Night: Ladd vs. Dumont,204,"Las Vegas, Nevada, U.S.",
582,2021-10-23,UFC Fight Night: Costa vs. Vettori,204,"Las Vegas, Nevada, U.S.",
583,2021-10-30,UFC 267: Błachowicz vs. Teixeira,206,"Abu Dhabi, United Arab Emirates",10171
584,2021-11-06,UFC 268: Usman vs. Covington 2,157,"New York City, New York, U.S.",20715
585,2021-11-13,UFC Fight Night: Holloway vs. Rodríguez,204,"Las Vegas, Nevada, U.S.",
586,2021-11-20,UFC Fight Night: Vieira vs. Tate,204,"Las Vegas, Nevada, U.S.",
587,2021-12-04,UFC on ESPN: Font vs. Aldo,204,"Las Vegas, Nevada, U.S.",
588,2021-12-11,UFC 269: Oliveira vs. Poirier,152,"Las Vegas, Nevada, U.S.",18471
589,2021-12-18,UFC Fight Night: Lewis vs. Daukaus,204,"Las Vegas, Nevada, U.S.",
590,2022-01-15,UFC on ESPN: Kattar vs. Chikadze,204,"Las Vegas, Nevada, U.S.",
591,2022-01-22,UFC 270: Ngannou vs. Gane,38,"Anaheim, California, U.S.",17387
592,2022-02-05,UFC Fight Night: Hermansson vs. Strickland,204,"Las Vegas, Nevada, U.S.",
593,2022-02-12,UFC 271: Adesanya vs. Whittaker 2,46,"Houston, Texas, U.S.",17872
594,2022-02-19,UFC Fight Night: Walker vs. Hill,204,"Las Vegas, Nevada, U.S.",
595,2022-02-26,UFC Fight Night: Makhachev vs. Green,204,"Las Vegas, Nevada, U.S.",
596,2022-03-05,UFC 272: Covington vs. Masvidal,152,"Las Vegas, Nevada, U.S.",19425
597,2022-03-12,UFC Fight Night: Santos vs. Ankalaev,204,"Las Vegas, Nevada, U.S.",
598,2022-03-19,UFC Fight Night: Volkov vs. Aspinall,49,"London, England, UK",17081
599,2022-03-26,UFC on ESPN: Blaydes vs. Daukaus,44,"Columbus, Ohio, U.S.",18630
600,2022-04-09,UFC 273: Volkanovski vs. The Korean Zombie,203,"Jacksonville, Florida, U.S.",14605
601,2022-04-16,UFC on ESPN: Luque vs. Muhammad 2,204,"Las Vegas, Nevada, U.S.",
602,2022-04-23,UFC Fight Night: Lemos vs. Andrade,204,"Las Vegas, Nevada, U.S.",
603,2022-04-30,UFC on ESPN: Font vs. Vera,204,"Las Vegas, Nevada, U.S.",
604,2022-05-07,UFC 274: Oliveira vs. Gaethje,133,"Phoenix, Arizona, U.S.",17232
605,2022-05-14,UFC on ESPN: Błachowicz vs. Rakić,204,"Las Vegas, Nevada, U.S.",
606,2022-05-21,UFC Fight Night: Holm vs. Vieira,204,"Las Vegas, Nevada, U.S.",
607,2022-06-04,UFC Fight Night: Volkov vs. Rozenstruik,204,"Las Vegas, Nevada, U.S.",
608,2022-06-12,UFC 275: Teixeira vs. Procházka,165,"Kallang, Singapore",10787
609,2022-06-18,UFC on ESPN: Kattar vs. Emmett,207,"Austin, Texas, U.S.",13689
610,2022-06-25,UFC on ESPN: Tsarukyan vs. Gamrot,204,"Las Vegas, Nevada, U.S.",
611,2022-07-02,UFC 276: Adesanya vs. Cannonier,152,"Las Vegas, Nevada, U.S.",19649
612,2022-07-09,UFC on ESPN: dos Anjos vs. Fiziev,204,"Las Vegas, Nevada, U.S.",
613,2022-07-16,UFC on ABC: Ortega vs. Rodríguez,208,"Hempstead, New York, U.S.",16979
614,2022-07-23,UFC Fight Night: Blaydes vs. Aspinall,49,"London, England, UK",17813
615,2022-07-30,UFC 277: Peña vs. Nunes 2,68,"Dallas, Texas, U.S.",19442
616,2022-08-06,UFC on ESPN: Santos vs. Hill,204,"Las Vegas, Nevada, U.S.",
617,2022-08-13,UFC on ESPN: Vera vs. Cruz,74,"San Diego, California, U.S.",12804
618,2022-08-20,UFC 278: Usman vs. Edwards 2,154,"Salt Lake City, Utah, U.S.",18321
619,2022-09-03,UFC Fight Night: Gane vs. Tuivasa,209,"Paris, France",15405
620,2022-09-10,UFC 279: Diaz vs. Ferguson,152,"Las Vegas, Nevada, U.S.",19125
621,2022-09-17,UFC Fight Night: Sandhagen vs. Song,204,"Las Vegas, Nevada, U.S.",
622,2022-10-01,UFC Fight Night: Dern vs. Yan,204,"Las Vegas, Nevada, U.S.",
623,2022-10-15,UFC Fight Night: Grasso vs. Araújo,204,"Las Vegas, Nevada, U.S.",
624,2022-10-22,UFC 280: Oliveira vs. Makhachev,206,"Abu Dhabi, United Arab Emirates",13400
625,2022-10-29,UFC Fight Night: Kattar vs. Allen,204,"Las Vegas, Nevada, U.S.",
626,2022-11-05,UFC Fight Night: Rodriguez vs. Lemos,204,"Las Vegas, Nevada, U.S.",
627,2022-11-12,UFC 281: Adesanya vs. Pereira,157,"New York City, New York, U.S.",20845
628,2022-11-19,UFC Fight Night: Nzechukwu vs. Cuțelaba,204,"Las Vegas, Nevada, U.S.",
629,2022-12-03,UFC on ESPN: Thompson vs. Holland,119,"Orlando, Florida, U.S.",17065
630,2022-12-10,UFC 282: Błachowicz vs. Ankalaev,152,"Las Vegas, Nevada, U.S.",18455
631,2022-12-17,UFC Fight Night: Cannonier vs. Strickland,204,"Las Vegas, Nevada, U.S.",
632,2023-01-14,UFC Fight Night: Strickland vs. Imavov,204,"Las Vegas, Nevada, U.S.",
633,2023-01-21,UFC 283: Teixeira vs. Hill,87,"Rio de Janeiro, Brazil",13604
634,2023-02-04,UFC Fight Night: Lewis vs. Spivac,204,"Las Vegas, Nevada, U.S.",
635,2023-02-12,UFC 284: Makhachev vs. Volkanovski,178,"Perth, Australia",14124
636,2023-02-18,UFC Fight Night: Andrade vs. Blanchfield,204,"Las Vegas, Nevada, U.S.",
637,2023-02-25,UFC Fight Night: Muniz vs. Allen,204,"Las Vegas, Nevada, U.S.",
638,2023-03-04,UFC 285: Jones vs. Gane,152,"Las Vegas, Nevada, U.S.",19471
639,2023-03-11,UFC Fight Night: Yan vs. Dvalishvili,210,"Las Vegas, Nevada, U.S.",2361
640,2023-03-18,UFC 286: Edwards vs. Usman 3,49,"London, England, UK",17588
641,2023-03-25,UFC on ESPN: Vera vs. Sandhagen,124,"San Antonio, Texas, U.S.",16076
642,2023-04-08,UFC 287: Pereira vs. Adesanya 2,34,"Miami, Florida, U.S.",19032
643,2023-04-15,UFC on ESPN: Holloway vs. Allen,164,"Kansas City, Missouri, U.S.",16234
644,2023-04-22,UFC Fight Night: Pavlovich vs. Blaydes,204,"Las Vegas, Nevada, U.S.",
645,2023-04-29,UFC on ESPN: Song vs. Simón,204,"Las Vegas, Nevada, U.S.",
646,2023-05-06,UFC 288: Sterling vs. Cejudo,51,"Newark, New Jersey, U.S.",17559
647,2023-05-13,UFC on ABC: Rozenstruik vs. Almeida,176,"Charlotte, North Carolina, U.S.",18712
648,2023-05-20,UFC Fight Night: Dern vs. Hill,204,"Las Vegas, Nevada, U.S.",
649,2023-06-03,UFC on ESPN: Kara-France vs. Albazi,204,"Las Vegas, Nevada, U.S.",
650,2023-06-10,UFC 289: Nunes vs. Aldana,73,"Vancouver, British Columbia, Canada",17628
651,2023-06-17,UFC on ESPN: Vettori vs. Cannonier,204,"Las Vegas, Nevada, U.S.",
652,2023-06-24,UFC on ABC: Emmett vs. Topuria,203,"Jacksonville, Florida, U.S.",14101
653,2023-07-01,UFC on ESPN: Strickland vs. Magomedov,204,"Las Vegas, Nevada, U.S.",
654,2023-07-08,UFC 290: Volkanovski vs. Rodríguez,152,"Las Vegas, Nevada, U.S.",19204
655,2023-07-15,UFC on ESPN: Holm vs. Bueno Silva,204,"Las Vegas, Nevada, U.S.",
656,2023-07-22,UFC Fight Night: Aspinall vs. Tybura,49,"London, England, UK",15078
657,2023-07-29,UFC 291: Poirier vs. Gaethje 2,154,"Salt Lake City, Utah, U.S.",18467
658,2023-08-05,UFC on ESPN: Sandhagen vs. Font,63,"Nashville, Tennessee, U.S.",17792
659,2023-08-12,UFC on ESPN: Luque vs. dos Anjos,204,"Las Vegas, Nevada, U.S.",
660,2023-08-19,UFC 292: Sterling vs. O'Malley,76,"Boston, Massachusetts, U.S.",18293
661,2023-08-26,UFC Fight Night: Holloway vs. The Korean Zombie,165,"Kallang, Singapore",10263
662,2023-09-02,UFC Fight Night: Gane vs. Spivac,209,"Paris, France",15610
663,2023-09-10,UFC 293: Adesanya vs. Strickland,71,"Sydney, Australia",18168
664,2023-09-16,UFC Fight Night: Grasso vs. Shevchenko 2,152,"Las Vegas, Nevada, U.S.",18766
665,2023-09-23,UFC Fight Night: Fiziev vs. Gamrot,204,"Las Vegas, Nevada, U.S.",
666,2023-10-07,UFC Fight Night: Dawson vs. Green,204,"Las Vegas, Nevada, U.S.",
667,2023-10-14,UFC Fight Night: Yusuff vs. Barboza,204,"Las Vegas, Nevada, U.S.",
668,2023-10-21,UFC 294: Makhachev vs. Volkanovski 2,206,"Abu Dhabi, United Arab Emirates",
669,2023-11-04,UFC Fight Night: Almeida vs. Lewis,104,"São Paulo, Brazil",10792
670,2023-11-11,UFC 295: Procházka vs. Pereira,157,"New York City, New York, U.S.",19039
671,2023-11-18,UFC Fight Night: Allen vs. Craig,204,"Las Vegas, Nevada, U.S.",
672,2023-12-02,UFC on ESPN: Dariush vs. Tsarukyan,207,"Austin, Texas, U.S.",14485
673,2023-12-09,UFC Fight Night: Song vs. Gutiérrez,204,"Las Vegas, Nevada, U.S.",
674,2023-12-16,UFC 296: Edwards vs. Covington,152,"Las Vegas, Nevada, U.S.",19039
675,2024-01-13,UFC Fight Night: Ankalaev vs. Walker 2,204,"Las Vegas, Nevada, U.S.",
676,2024-01-20,UFC 297: Strickland vs. du Plessis,93,"Toronto, Ontario, Canada",18559
677,2024-02-03,UFC Fight Night: Dolidze vs. Imavov,204,"Las Vegas, Nevada, U.S.",
678,2024-02-10,UFC Fight Night: Hermansson vs. Pyfer,204,"Las Vegas, Nevada, U.S.",
679,2024-02-17,UFC 298: Volkanovski vs. Topuria,38,"Anaheim, California, U.S.",18186
680,2024-02-24,UFC Fight Night: Moreno vs. Royval 2,132,"Mexico City, Mexico",21546
681,2024-03-02,UFC Fight Night: Rozenstruik vs. Gaziev,204,"Las Vegas, Nevada, U.S.",
682,2024-03-09,UFC 299: O'Malley vs. Vera 2,34,"Miami, Florida, U.S.",19165
683,2024-03-16,UFC Fight Night: Tuivasa vs. Tybura,204,"Las Vegas, Nevada, U.S.",
684,2024-03-23,UFC on ESPN: Ribas vs. Namajunas,204,"Las Vegas, Nevada, U.S.",
685,2024-03-30,UFC on ESPN: Blanchfield vs. Fiorot,33,"Atlantic City, New Jersey, U.S.",12198
686,2024-04-06,UFC Fight Night: Allen vs. Curtis 2,204,"Las Vegas, Nevada, U.S.",
687,2024-04-13,UFC 300: Pereira vs. Hill,152,"Las Vegas, Nevada, U.S.",20067
688,2024-04-27,UFC on ESPN: Nicolau vs. Perez,204,"Las Vegas, Nevada, U.S.",
689,2024-05-04,UFC 301: Pantoja vs. Erceg,87,"Rio de Janeiro, Brazil",14514
690,2024-05-11,UFC on ESPN: Lewis vs. Nascimento,175,"St. Louis, Missouri, U.S.",15960
691,2024-05-18,UFC Fight Night: Barboza vs. Murphy,204,"Las Vegas, Nevada, U.S.",
692,2024-06-01,UFC 302: Makhachev vs. Poirier,51,"Newark, New Jersey, U.S.",17834
693,2024-06-08,UFC on ESPN: Cannonier vs. Imavov,82,"Louisville, Kentucky, U.S.",19578
694,2024-06-15,UFC on ESPN: Perez vs. Taira,204,"Las Vegas, Nevada, U.S.",
695,2024-06-22,UFC on ABC: Whittaker vs. Aliskerov,211,"Riyadh, Saudi Arabia",
696,2024-06-29,UFC 303: Pereira vs. Procházka 2,152,"Las Vegas, Nevada, U.S.",18881
697,2024-07-13,UFC on ESPN: Namajunas vs. Cortez,89,"Denver, Colorado, U.S.",16884
698,2024-07-20,UFC on ESPN: Lemos vs. Jandiroba,204,"Las Vegas, Nevada, U.S.",
699,2024-07-27,UFC 304: Edwards vs. Muhammad 2,212,"Manchester, England, UK",17907
700,2024-08-03,UFC on ABC: Sandhagen vs. Nurmagomedov,206,"Abu Dhabi, United Arab Emirates",
701,2024-08-10,UFC on ESPN: Tybura vs. Spivac 2,204,"Las Vegas, Nevada, U.S.",
702,2024-08-18,UFC 305: du Plessis vs. Adesanya,178,"Perth, Australia",14152
703,2024-08-24,UFC on ESPN: Cannonier vs. Borralho,204,"Las Vegas, Nevada, U.S.",
704,2024-09-07,UFC Fight Night: Burns vs. Brady,204,"Las Vegas, Nevada, U.S.",
705,2024-09-14,UFC 306: O'Malley vs. Dvalishvili,213,"Las Vegas, Nevada, U.S.",16024
706,2024-09-28,UFC Fight Night: Moicano vs. Saint Denis,209,"Paris, France",15449
707,2024-10-05,UFC 307: Pereira vs. Rountree Jr.,154,"Salt Lake City, Utah, U.S.",17487
708,2024-10-12,UFC Fight Night: Royval vs. Taira,204,"Las Vegas, Nevada, U.S.",
709,2024-10-19,UFC Fight Night: Hernandez vs. Pereira,204,"Las Vegas, Nevada, U.S.",
710,2024-10-26,UFC 308: Topuria vs. Holloway,206,"Abu Dhabi, United Arab Emirates",
711,2024-11-02,UFC Fight Night: Moreno vs. Albazi,168,"Edmonton, Alberta, Canada",16439
712,2024-11-09,UFC Fight Night: Magny vs. Prates,204,"Las Vegas, Nevada, U.S.",
713,2024-11-16,UFC 309: Jones vs. Miocic,157,"New York City, New York, U.S.",20200
714,2024-11-23,UFC Fight Night: Yan vs. Figueiredo,214,"Macau, SAR, China",12615
715,2024-12-07,UFC 310: Pantoja vs. Asakura,152,"Las Vegas, Nevada, U.S.",18648
716,2024-12-14,UFC on ESPN: Covington vs. Buckley,147,"Tampa, Florida, U.S.",18625
