id,ufcstats_id,sherdog_id,bestfightodds_id,ufc_id,name,event_order
ufc-1-the-beginning,,7,,,UFC 1: The Beginning,1
ufc-2-no-way-out,,8,,,UFC 2: No Way Out,2
ufc-3-the-american-dream,,9,,,UFC 3: The American Dream,3
ufc-4-revenge-of-the-warriors,,10,,,UFC 4: Revenge of the Warriors,4
ufc-5-return-of-the-beast,,11,,,UFC 5: Return of the Beast,5
ufc-6-clash-of-the-titans,,12,,,UFC 6: Clash of the Titans,6
ufc-7-the-brawl-in-buffalo,,13,,,UFC 7: The Brawl in Buffalo,7
ufc-75-ultimate-ultimate-1995,,14,,,UFC 7.5: Ultimate Ultimate 1995,8
ufc-8-david-vs-goliath,,15,,,UFC 8: David vs Goliath,9
ufc-9-motor-city-madness,,16,,,UFC 9: Motor City Madness,10
ufc-10-the-tournament,,17,,,UFC 10: The Tournament,11
ufc-11-the-proving-ground,,18,,,UFC 11: The Proving Ground,12
ufc-115-ultimate-ultimate-1996,,19,,,UFC 11.5: Ultimate Ultimate 1996,13
ufc-12-judgement-day,,20,,,UFC 12: Judgement Day,14
ufc-13-ultimate-force,,21,,,UFC 13: Ultimate Force,15
ufc-14-showdown,,22,,,UFC 14: Showdown,16
ufc-15-collision-course,,23,,,UFC 15: Collision Course,17
ufc-155-ultimate-japan,,24,,,UFC 15.5: Ultimate Japan,18
ufc-16-battle-in-the-bayou,,25,,,UFC 16: Battle in the Bayou,19
ufc-17-redemption,,26,,,UFC 17: Redemption,20
ufc-175-ultimate-brazil,,27,,,UFC 17.5: Ultimate Brazil,21
ufc-18-the-road-to-the-heavyweight-title,,28,,,UFC 18: The Road to the Heavyweight Title,22
ufc-19-ultimate-young-guns,,29,,,UFC 19: Ultimate Young Guns,23
ufc-20-battle-for-the-gold,,30,,,UFC 20: Battle for the Gold,24
ufc-21-return-of-the-champions,,31,,,UFC 21: Return of the Champions,25
ufc-22-only-one-can-be-champion,,32,,,UFC 22: Only One Can be Champion,26
ufc-23-ultimate-japan-2,,33,,,UFC 23: Ultimate Japan 2,27
ufc-24-first-defense,,34,,,UFC 24: First Defense,28
ufc-25-ultimate-japan-3,,35,,,UFC 25: Ultimate Japan 3,29
ufc-26-ultimate-field-of-dreams,,36,,,UFC 26: Ultimate Field of Dreams,30
ufc-27-ultimate-bad-boyz,,37,,,UFC 27: Ultimate Bad Boyz,31
ufc-28-high-stakes,,38,,,UFC 28: High Stakes,32
ufc-29-defense-of-the-belts,,39,,,UFC 29: Defense of the Belts,33
ufc-30-battle-on-the-boardwalk,,40,,,UFC 30: Battle on the Boardwalk,34
ufc-31-locked-and-loaded,,282,,,UFC 31: Locked and Loaded,35
ufc-32-showdown-in-the-meadowlands,,429,,,UFC 32: Showdown in the Meadowlands,36
ufc-33-victory-in-vegas,,430,,,UFC 33: Victory in Vegas,37
ufc-34-high-voltage,,540,,,UFC 34: High Voltage,38
ufc-35-throwdown,,668,,,UFC 35: Throwdown,39
ufc-36-worlds-collide,,771,,,UFC 36: Worlds Collide,40
ufc-37-high-impact,,850,,,UFC 37: High Impact,41
ufc-375-as-real-as-it-gets,9ccdd2ce45903f34,901,,,UFC 37.5: As Real As It Gets,42
ufc-38-brawl-at-the-hall,1dc56b59cb28425d,923,,,UFC 38: Brawl at the Hall,43
ufc-39-the-warriors-return,0cf935519d439ba6,1085,,,UFC 39: The Warriors Return,44
ufc-40-vendetta,e06fd1260ac865a7,1220,,,UFC 40: Vendetta,45
ufc-41-onslaught,bba678d312590087,1424,,,UFC 41: Onslaught,46
ufc-42-sudden-impact,ae58685caf8e4a0d,1469,,,UFC 42: Sudden Impact,47
ufc-43-meltdown,108afe61a26bcbf4,1614,,,UFC 43: Meltdown,48
ufc-44-undisputed,c61f66d8c3fd5f07,1688,,,UFC 44: Undisputed,49
ufc-45-revolution,e670f8cc2969a789,1863,,,UFC 45: Revolution,50
ufc-46-supernatural,94609dd91731d428,1943,,,UFC 46: Supernatural,51
ufc-47-its-on,e8fb8e53bc2e29d6,2121,,,UFC 47: It's On!,52
ufc-48-payback,429e7d3725852ce9,2203,,,UFC 48: Payback,53
ufc-49-unfinished-business,b4bc2e3353a770b5,2400,,,UFC 49: Unfinished Business,54
ufc-50-the-war-of-04,ce783bf73b5131f9,2512,,,UFC 50: The War of '04,55
ufc-51-super-saturday,85d905f7c4f5a1af,2690,,,UFC 51: Super Saturday,56
the-ultimate-fighter-1-finale,fbbde91f7bc2d3c5,2971,,,The Ultimate Fighter 1 Finale,57
ufc-52-couture-vs-liddell-2,c933d423ebdbbbdb,2930,,,UFC 52: Couture vs. Liddell 2,58
ufc-53-heavy-hitters,d3711d3784b76255,3054,,,UFC 53: Heavy Hitters,59
ufc-fight-night-1,3f24c96753dbd9f9,3100,,,UFC Fight Night 1,60
ufc-54-boiling-point,669a3cb6e394f515,3093,,,UFC 54: Boiling Point,61
ufc-fight-night-2,efaf544314bb5c2e,3255,,,UFC Fight Night 2,62
ufc-55-fury,271fe91f4ba9d2c5,3250,,,UFC 55: Fury,63
the-ultimate-fighter-2-finale,31ceaf0e670c1578,3375,,,The Ultimate Fighter 2 Finale,64
ufc-56-full-force,c7e9d15cfce52f1d,3328,,,UFC 56: Full Force,65
ufc-fight-night-3,2ee09ec2a0695eb9,3486,,,UFC Fight Night 3,66
ufc-57-liddell-vs-couture-3,977081bc01197656,3508,,,UFC 57: Liddell vs. Couture 3,67
ufc-58-usa-vs-canada,0e9869d712e81f8f,3512,,,UFC 58: USA vs Canada,68
ufc-fight-night-4,b361180739bed4b0,3665,,,UFC Fight Night 4,69
ufc-59-reality-check,03688dc3c3af3ac1,3577,,,UFC 59: Reality Check,70
ufc-60-hughes-vs-gracie,a54a35a670d8e852,3666,,,UFC 60: Hughes vs Gracie,71
the-ultimate-fighter-3-finale,1dab0d1d81dd06db,3952,,,The Ultimate Fighter 3 Finale,72
ufc-fight-night-5-leben-vs-silva,445a98acb8985970,3815,,,UFC Fight Night 5: Leben vs. Silva,73
ufc-61-bitter-rivals,f70144caea5c4c80,3910,,,UFC 61: Bitter Rivals,74
ufc-fight-night-6-sanchez-vs-parisyan,46c8ec317aff28ac,4026,,,UFC Fight Night 6: Sanchez vs Parisyan,75
ufc-62-liddell-vs-sobral,f717b6002486f73f,4027,,,UFC 62: Liddell vs Sobral,76
ufc-63-hughes-vs-penn,13e62d766b709aa6,4094,,,UFC 63: Hughes vs Penn,77
ufc-the-final-chapter-ortiz-vs-shamrock-3,577ec7e108b94be3,4112,,,UFC The Final Chapter: Ortiz vs Shamrock 3,78
ufc-64-unstoppable,13b2f59210dda9cc,4181,,,UFC 64: Unstoppable,79
the-ultimate-fighter-4-finale,baf942f4bcb09894,4314,,,The Ultimate Fighter 4 Finale,80
ufc-65-bad-intentions,3fed746acfd026dd,4313,,,UFC 65: Bad Intentions,81
ufc-fight-night-7-sanchez-vs-riggs,21b8a0f5c231096f,4626,,,UFC Fight Night 7: Sanchez vs Riggs,82
ufc-66-liddell-vs-ortiz-2,ee5df903f80c6816,4312,,,UFC 66: Liddell vs. Ortiz 2,83
ufc-fight-night-8-evans-vs-salmon,13c4313ed0f744f3,4664,,,UFC Fight Night 8: Evans vs Salmon,84
ufc-67-all-or-nothing,63b65af1c5cb02cb,4311,,,UFC 67: All or Nothing,85
ufc-68-uprising,de3ed2e152520c8d,4662,,,UFC 68: Uprising,86
ufc-fight-night-9-stevenson-vs-guillard,a6c2f5381d575920,4682,,,UFC Fight Night 9: Stevenson vs Guillard,87
ufc-69-shootout,c1684f00c626f4c0,4663,,,UFC 69: Shootout,88
ufc-70-nations-collide,4604ab1de9058474,4862,,,UFC 70: Nations Collide,89
ufc-71-liddell-vs-jackson,2e04a3b4a2011b97,4993,,,UFC 71: Liddell vs Jackson,90
ufc-fight-night-10-stout-vs-fisher,304fcd812f12c589,5227,,,UFC Fight Night 10: Stout vs Fisher,91
ufc-72-victory,5ca158b1cc9cb242,5084,2,,UFC 72: Victory,92
the-ultimate-fighter-5-finale,e7ec11096eac0282,4681,3,,The Ultimate Fighter 5 Finale,93
ufc-73-stacked,2a6f8136da1e52c0,5158,1,,UFC 73: Stacked,94
ufc-74-respect,a5c53b3ddb31cc7d,5297,7,,UFC 74: Respect,95
ufc-75-champion-vs-champion,0aa92558424ced9e,5298,6,,UFC 75: Champion vs Champion,96
ufc-fight-night-11-thomas-vs-florian,f341f9551ba744e2,5454,13,,UFC Fight Night 11: Thomas vs Florian,97
ufc-76-knockout,bad28b7b34f334de,5417,12,,UFC 76: Knockout,98
ufc-77-hostile-territory,91181b29be041f1c,5482,10,,UFC 77: Hostile Territory,99
ufc-78-validation,1d147d4163a6989b,5708,14,,UFC 78: Validation,100
the-ultimate-fighter-6-finale,df85d6ec3493d120,5459,8,,The Ultimate Fighter 6 Finale,101
ufc-79-nemesis,7269329bd87eb479,5458,22,,UFC 79: Nemesis,102
ufc-80-rapid-fire,a24e080000fa7a35,5982,27,,UFC 80: Rapid Fire,103
ufc-fight-night-12-swick-vs-burkman,33e33d51f289d2a1,6179,36,,UFC Fight Night 12: Swick vs. Burkman,104
ufc-81-breaking-point,597db668b01c442c,6038,28,,UFC 81: Breaking Point,105
ufc-82-pride-of-a-champion,598a58db87b890ee,6039,30,,UFC 82: Pride of a Champion,106
ufc-fight-night-13-florian-vs-lauzon,b9e871af730f826c,6552,44,,UFC Fight Night 13: Florian vs. Lauzon,107
ufc-83-serra-vs-st-pierre-2,ad047e3073a775f3,6339,40,,UFC 83: Serra vs. St. Pierre 2,108
ufc-84-ill-will,2549d63da9c456cb,6394,47,,UFC 84: Ill Will,109
ufc-85-bedlam,2efbc83a6b9b7f86,6778,46,,UFC 85: Bedlam,110
the-ultimate-fighter-7-finale,2299605af59fd309,6954,70,,The Ultimate Fighter 7 Finale,111
ufc-86-jackson-vs-griffin,bf12aca029bfcc47,7021,53,,UFC 86: Jackson vs. Griffin,112
ufc-fight-night-14-silva-vs-irvin,46f11d15c0134fe3,7835,83,,UFC Fight Night 14: Silva vs. Irvin,113
ufc-87-seek-and-destroy,19ffeb5e3fffd6d5,6779,57,,UFC 87: Seek and Destroy,114
ufc-88-breakthrough,0db70ca89e1c7374,7837,80,,UFC 88: Breakthrough,115
ufc-fight-night-15,279093302a6f44b3,7916,84,,UFC Fight Night 15: Diaz vs. Neer,116
ufc-89-bisping-vs-leben,312f47c3d2f83ffa,8070,86,,UFC 89: Bisping vs Leben,117
ufc-90-silva-vs-cote,c670aa48827d6be6,8188,92,,UFC 90: Silva vs Cote,118
ufc-91-couture-vs-lesnar,a2b06ca02bca14c0,8406,98,,UFC 91: Couture vs Lesnar,119
ufc-fight-night-16-fight-for-the-troops,30cd319d39ee689b,8724,111,,UFC Fight Night 16: Fight for the Troops,120
the-ultimate-fighter-8-finale,ea398c802d9998ee,8765,120,,The Ultimate Fighter 8 Finale,121
ufc-92-the-ultimate-2008,23ab42947c1990e3,8732,95,,UFC 92: The Ultimate 2008,122
ufc-93-franklin-vs-henderson,68c6cd5287b473a7,8864,105,,UFC 93: Franklin vs. Henderson,123
ufc-94-st-pierre-vs-penn-2,2a542ee8a8b83559,8465,107,,UFC 94: St-Pierre vs. Penn 2,124
ufc-fight-night-17-lauzon-vs-stephens,d1759b2b7be9be56,9307,123,,UFC Fight Night 17: Lauzon vs. Stephens,125
ufc-95-sanchez-vs-stevenson,7d21de9c6d7c98b2,9250,121,,UFC 95: Sanchez vs. Stevenson,126
ufc-96-jackson-vs-jardine,29b5791e51e7e832,9427,125,,UFC 96: Jackson vs. Jardine,127
ufc-fight-night-18-condit-vs-kampmann,04d5718ed2661e8c,9448,129,,UFC Fight Night 18: Condit vs. Kampmann,128
ufc-97-redemption,1652f3213655b935,9432,126,,UFC 97: Redemption,129
ufc-98-evans-vs-machida,c4b6099f0d25f75e,9529,132,,UFC 98: Evans vs. Machida,130
ufc-99-the-comeback,cb6783c39c01d896,9297,136,,UFC 99: The Comeback,131
the-ultimate-fighter-9-finale,4908c5ee68a50ee5,9751,147,,The Ultimate Fighter 9 Finale,132
ufc-100,0ee783aa00e468f0,9568,137,,UFC 100,133
ufc-101-declaration,48d1f690b763934c,9925,145,,UFC 101: Declaration,134
ufc-102-couture-vs-nogueira,c6a33ff198aaaeeb,10147,156,,UFC 102: Couture vs. Nogueira,135
ufc-fight-night-19-diaz-vs-guillard,a8ea84cbe1655f0a,10443,148,,UFC Fight Night 19: Diaz vs. Guillard,136
ufc-103-franklin-vs-belfort,896c322f56b8be5a,10444,168,,UFC 103: Franklin vs. Belfort,137
ufc-104-machida-vs-shogun,7c0847d3854a95f2,10333,185,,UFC 104: Machida vs Shogun,138
ufc-105-couture-vs-vera,fa8b9e6b0c2269f8,11052,201,,UFC 105: Couture vs Vera,139
ufc-106-ortiz-vs-griffin-2,84a067c46306a737,11053,209,,UFC 106: Ortiz vs Griffin 2,140
the-ultimate-fighter-10-finale,91d73ee59347ac16,11054,210,,The Ultimate Fighter 10 Finale,141
ufc-107-penn-vs-sanchez,821cd80aab70d5f9,11118,189,,UFC 107: Penn vs. Sanchez,142
ufc-108-evans-vs-silva,a6d8bfe9e0c8153b,11471,219,,UFC 108: Evans vs Silva,143
ufc-fight-night-20-maynard-vs-diaz,58bc81376286b3d3,11617,224,,UFC Fight Night 20: Maynard vs Diaz,144
ufc-109-relentless,15edcf67ccf5be84,11741,226,,UFC 109: Relentless,145
ufc-110-nogueira-vs-velasquez,49efbdc6c9f650c4,11792,225,,UFC 110: Nogueira vs. Velasquez,146
ufc-on-versus-1-vera-vs-jones,3795fca327cbcf23,12389,242,,UFC on Versus 1: Vera vs Jones,147
ufc-111-st-pierre-vs-hardy,c80095f6092271a7,12131,236,,UFC 111: St-Pierre vs Hardy,148
ufc-fight-night-21-florian-vs-gomi,3ed134d85dfbd7b4,12474,246,,UFC Fight Night 21: Florian vs Gomi,149
ufc-112-invincible,24b033b3daf1c9df,12184,245,,UFC 112: Invincible,150
ufc-113-machida-vs-shogun-2,d0c29452d3272603,12390,247,,UFC 113: Machida vs Shogun 2,151
ufc-114-jackson-vs-evans,bfc2fc38a0e20211,12446,256,,UFC 114: Jackson vs Evans,152
ufc-115-liddell-vs-franklin,cfb65863d5099327,12447,255,,UFC 115: Liddell vs Franklin,153
the-ultimate-fighter-11-finale,9bcf8603ceb25680,12897,262,,The Ultimate Fighter 11 Finale,154
ufc-116-lesnar-vs-carwin,140745cbbcb023ac,12765,265,,UFC 116: Lesnar vs Carwin,155
ufc-on-versus-2-jones-vs-matyushenko,f12f979b657ab876,13294,281,,UFC on Versus 2: Jones vs. Matyushenko,156
ufc-117-silva-vs-sonnen,2f3f12002564bb55,13310,276,,UFC 117: Silva vs Sonnen,157
ufc-118-edgar-vs-penn-2,054defd5420a551f,13380,278,,UFC 118: Edgar vs. Penn 2,158
ufc-fight-night-22,acff437707625fc7,14024,295,,UFC Fight Night 22: Marquardt vs. Palhares,159
ufc-119-mir-vs-cro-cop,ad32471f01e7b1a5,13732,296,,UFC 119: Mir vs Cro Cop,160
ufc-120-bisping-vs-akiyama,d512d9f204059f57,14025,294,,UFC 120: Bisping vs. Akiyama,161
ufc-121-lesnar-vs-velasquez,afdb76fbd86f6d11,14039,308,,UFC 121: Lesnar vs. Velasquez,162
ufc-122-marquardt-vs-okami,0ff11cc094e887bc,14430,323,,UFC 122: Marquardt vs. Okami,163
ufc-123-rampage-vs-machida,dd992d569aaebee6,14529,317,,UFC 123: Rampage vs. Machida,164
the-ultimate-fighter-12-finale,5d7bdab5e03e3216,14462,330,,The Ultimate Fighter 12 Finale,165
ufc-124-st-pierre-vs-koscheck-2,132f860d02953f4c,14504,313,,UFC 124: St. Pierre vs. Koscheck 2,166
ufc-125-resolution,d1152823307d7e7c,14530,332,UFC125,UFC 125: Resolution,167
ufc-fight-night-23-fight-for-the-troops-2,282fa667ff9c51ed,15120,342,fight-for-the-troops-2,UFC Fight Night 23: Fight for the Troops 2,168
ufc-126-silva-vs-belfort,65ddc8a9ac4e8531,15104,338,UFC126,UFC 126: Silva vs. Belfort,169
ufc-127-penn-vs-fitch,88a9bc81271ccd89,15202,344,UFC127,UFC 127: Penn vs Fitch,170
ufc-on-versus-3-sanchez-vs-kampmann,a54fc2d6fc224dc3,15438,351,UFCLive3,UFC on Versus 3: Sanchez vs Kampmann,171
ufc-128-shogun-vs-jones,1411c630ba711b64,15483,346,UFC128,UFC 128: Shogun vs Jones,172
ufc-fight-night-24,8a59d346dc976a10,15559,354,UFN24,UFC Fight Night 24: Nogueira vs. Davis,173
ufc-129-st-pierre-vs-shields,2db7fa8db6bc9632,15427,352,UFC129,UFC 129: St. Pierre vs. Shields,174
ufc-130-edgar-vs-maynard-3,b732b326c362fb62,15685,357,UFC130,UFC 130: Rampage vs Hamill,175
the-ultimate-fighter-13-finale,3ba3b5cc94498437,15811,362,TUF13-finale,The Ultimate Fighter 13 Finale,176
ufc-131-lesnar-vs-dos-santos,aac5ac38148f0528,15720,358,UFC131,UFC 131: Carwin vs. Dos Santos,177
ufc-on-versus-4-marquardt-vs-johnson,d023ae89a2a4a41e,16309,379,UFCLive4,UFC on Versus 4: Barry vs. Kongo,178
ufc-132-cruz-vs-faber-ii,83fd97284f4bb4a4,16495,381,UFC132,UFC 132: Cruz vs Faber II,179
ufc-133,f1f9e48a0d150757,16787,390,UFC133,UFC 133: Evans vs. Ortiz 2,180
ufc-on-versus-5,4c8d6fde2dde07c4,16967,399,UVS5,UFC on Versus 5: Hardy vs. Lytle,181
ufc-134-silva-vs-okami,18968f97ad34f15c,15454,389,UFC134,UFC 134: Silva vs. Okami,182
ufc-fight-night-25-battle-on-the-bayou,1ffc38f67785797b,16712,406,UFN25,UFC Fight Night 25: Battle on the Bayou,183
9686-ufc-135,73ef22f25d0f70e2,17043,417,UFC135,UFC 135: Jones vs. Rampage,184
10195-ufc-on-versus-6,44f9c777fed7ca03,17789,429,UVS6,UFC on Versus 6: Cruz vs. Johnson,185
9765-ufc-136,7d5b12de1625984e,17391,423,UFC136,UFC 136: Edgar vs Maynard 3,186
9660-ufc-137-st-pierre-vs-diaz,8788beb528894f33,17377,410,UFC137,UFC 137: Penn vs. Diaz,187
10235-ufc-138,e780ccc79a209985,17824,430,UFC138,UFC 138: Leben vs. Munoz,188
10569-ufc-on-fox-1,1c061eb6e29eaa0a,18201,442,UFC-on-Fox,UFC on FOX 1: Velasquez vs. Dos Santos,189
9822-ufc-138,0ec821423baa26bd,17551,424,UFC139,UFC 139: Shogun vs. Henderson,190
9770-the-ultimate-fighter-14-finale,1f5f75658551f2d3,17424,469,TUF14-Finale,The Ultimate Fighter 14 Finale,191
10374-ufc-140,6d7886b094b471ac,17274,451,UFC140,UFC 140: Jones vs. Machida,192
10738-ufc-141,91720876db0ee468,18346,452,UFC141,UFC 141: Lesnar vs. Overeem,193
11196-ufc-142,18524b46c570730b,18901,474,UFC142,UFC 142: Aldo vs. Mendes,194
11366-ufc-on-fx-1,4d74641fac830182,19068,479,UFCFX1,UFC on FX 1: Guillard vs. Miller,195
11400-ufc-on-fox-2,c3c23c99477c041b,19039,482,UFCFox2,UFC on FOX 2: Evans vs. Davis,196
11221-ufc-143,df2cf66d8c0123db,18945,478,UFC143,UFC 143: Diaz vs. Condit,197
11618-ufc-on-fuel-tv-1,0a97691039c4bbfb,19187,485,UFCFUEL1,UFC on FUEL TV 1: Ellenberger vs. Sanchez,198
11293-ufc-144,8377c5572cb356f3,18347,477,ufc-144,UFC 144: Edgar vs. Henderson,199
11619-ufc-on-fx-2,b5ea750025697880,19379,487,UFCFX2,UFC on FX 2: Alves vs. Kampmann,200
12026-ufc-on-fuel-tv-2,21f2974fd08085e3,19857,493,UFCSweden,UFC on FUEL TV 2: Silva vs. Gustafsson,201
11785-ufc-145,155bfc7ed36622df,20031,490,UFC145,UFC 145: Jones vs. Evans,202
12189-ufc-on-fox,5898357a45a73674,20039,496,FOX3,UFC on FOX 3: Diaz vs. Miller,203
12320-ufc-on-fx-3,8caca5857ce0e30b,20203,499,fight,UFC on FUEL TV 3: Korean Zombie vs. Poirier,204
12168-ufc-146,4985113c0928aa62,20353,502,fight,UFC 146: Dos Santos vs. Mir,205
13061-the-ultimate-fighter-15-finale,96087e90d900f0ef,19325,524,fight,The Ultimate Fighter 15 Finale,206
12575-ufc-on-fx-3,49590e0508b2c19f,21037,522,fight,UFC on FX 3: Johnson vs. McCall,207
13105-ufc-on-fx-4,505934897b8b4824,20385,521,fight,UFC on FX 4: Guida vs. Maynard,208
12573-ufc-147,3da19339ee7051d5,19449,517,UFC147,UFC 147: Silva vs. Franklin 2,209
12574-ufc-148,e8efeb9cf33b1941,20355,506,fight,UFC 148: Silva vs. Sonnen 2,210
13665-ufc-on-fuel-tv-4-munoz-vs-weidman,d3b5ad3b15a64a18,21725,545,fight,UFC on FUEL TV 4: Munoz vs. Weidman,211
12776-ufc-149,abbc4fc02e0d84b3,20821,527,fight,UFC 149: Faber vs. Barao,212
12572-ufc-on-fox-4,f62850b3c7480db9,20081,546,fight,UFC on FOX 4: Shogun vs. Vera,213
13684-ufc-150,3c48019bc387b80c,22013,547,UFC150,UFC 150: Henderson vs. Edgar 2,214
13140-ufc-152,53e533db1b8e9712,21045,561,UFC152,UFC 152: Jones vs. Belfort,215
14292-ufc-153,6cbb7661c3258617,22725,569,fight,UFC on FUEL TV 5: Struve vs. Miocic,216
14104-ufc-on-fx-5,6a0b80a24f22e152,22541,579,FX5,UFC on FX 5: Browne vs. Silva,217
14431-ufc-153,96d173b7f92aa520,23527,571,ufc153,UFC 153: Silva vs. Bonnar,218
14619-ufc-on-fuel-tv-6,319fa1bd3176bded,23437,582,fight,UFC on FUEL TV 6: Franklin vs. Le,219
13141-ufc-154,d41937647eae9a34,21047,565,fight,UFC 154: St. Pierre vs. Condit,220
14399-ufc-on-fox-5,d1e6a6536ee62517,23169,584,FOX5,UFC on FOX 5: Henderson vs. Diaz,221
15726-ufc-on-fx-6,e8c170a64dc920ac,24707,594,FX6,UFC on FX 6: Sotiropoulos vs. Pearson,222
15480-the-ultimate-fighter-16-finale,c6da1c24fe473418,24719,602,TUF16-Finale,The Ultimate Fighter 16 Finale,223
15171-ufc-155-dos-santos-vs-velasquez-2,c6e6926a81adcd00,24185,585,UFC155,UFC 155: Dos Santos vs. Velasquez 2,224
16549-ufc-156,56f4b81ec4db61af,26135,612,FX7,UFC on FX 7: Belfort vs. Bisping,225
16667-ufc-on-fox-6,738acab0c6934dd8,26199,613,FOX6,UFC on FOX 6: Johnson vs. Dodson,226
16542-ufc-157,601cf40c09090853,26099,611,UFC156,UFC 156: Aldo vs. Edgar,227
16679-ufc-on-fuel-tv-7,4679a38cced7c64a,26459,632,FUEL7,UFC on FUEL TV 7: Barao vs. McDonald,228
16791-ufc-157,09c44b317c98bf96,26381,618,UFC157,UFC 157: Rousey vs. Carmouche,229
16905-ufc-on-fuel-tv-8,83c6c3e0f8bde8ee,26333,625,FUEL8,UFC on FUEL TV 8: Silva vs. Stann,230
17129-ufc-158,f1b2a4365799c48b,27073,627,fight,UFC 158: St. Pierre vs. Diaz,231
17537-ufc-on-fuel-tv-9-gustafsson-vs-mousasi,6291ac0a3726732f,27589,636,FUEL9,UFC on FUEL TV 9: Mousasi vs. Latifi,232
17421-the-ultimate-fighter-17-finale,ce47f49e5c386a9c,28023,656,TUF17-Finale,The Ultimate Fighter 17 Finale,233
16680-ufc-on-fox-7,aa79d5399571068e,26213,634,FOX7,UFC on FOX 7: Henderson vs. Melendez,234
16681-ufc-jones-vs-sonnen,ea0ad155451ed1f5,25825,633,ufc159,UFC 159: Jones vs. Sonnen,235
17761-ufc-on-fx-8-belfort-vs-rockhold,030f08370fd1c2bb,28215,648,FX8,UFC on FX 8: Belfort vs. Rockhold,236
17601-ufc,3c241737a6069b9f,28051,647,UFC160,UFC 160: Velasquez vs. Silva 2,237
17915-ufc-on-fx-9-nogueira-vs-werdum,7865707fd684d77b,26101,668,FUEL10,UFC on FUEL TV 10: Nogueira vs. Werdum 2,238
17939-ufc-161,8fd1f27e86661ede,28457,660,UFC161,UFC 161: Evans vs. Henderson,239
17854-ufc-162-silva-vs-weidman,e0b74df14f52cd15,28459,661,UFC162,UFC 162: Silva vs. Weidman,240
16682-ufc-on-fox-8,5330fe7e4c3af81c,26215,674,fight,UFC on FOX 8: Johnson vs. Moraga,241
17693-ufc-aldo-vs-pettis,ebc5af72ad5a28cb,28015,683,UFC163,UFC 163: Aldo vs. Korean Zombie,242
18384-ufc-on-fox-sports-1,cf1a88371c8cb690,29795,685,fight,UFC Fight Night 26: Shogun vs. Sonnen,243
19033-ufc-on-fox-sports-1-2,e5c38954c006f15c,30211,692,fight,UFC Fight Night 27: Condit vs. Kampmann 2,244
18192-ufc-164,980b4e712489098e,28701,691,fight,UFC 164: Henderson vs. Pettis 2,245
18971-ufc-on-fox-sports-1-2,b23fca14c7b79935,30213,705,fight,UFC Fight Night 28: Teixeira vs. Bader,246
19128-ufc-165,df5a77121ba84a5d,30249,697,UFC165,UFC 165: Jones vs. Gustafsson,247
19846-ufc-on-fox-sports-1,43612456979e5d5e,31869,713,ufc-fight-night-maia-shields,UFC Fight Night 29: Maia vs. Shields,248
19525-ufc-166-velasquez-vs-dos-santos-3,eae4aec1a5a8ff01,30813,698,UFC166,UFC 166: Velasquez vs. Dos Santos 3,249
19801-ufc-on-fox-sports-1-bisping-vs-munoz,60884f31ead1609c,31371,712,ufc-fight-night-machida-munoz,UFC Fight Night 30: Machida vs. Munoz,250
19692-ufc-fight-for-the-troops,35dc6220b113b7ec,32077,726,fight,UFC Fight Night 31: Fight for the Troops 3,251
20217-ufc,5d7c18191b8aa432,32067,725,ufn-belfort-henderson,UFC Fight Night 32: Belfort vs. Henderson 2,252
19524-ufc-167-st-pierre-vs-hendricks,28f3c2258a1d8874,30815,699,UFC167,UFC 167: St. Pierre vs. Hendricks,253
20173-the-ultimate-fighter-18-finale,9a967e8e43dcef63,32325,720,TUF18-Finale,The Ultimate Fighter 18 Finale,254
20537-ufc-fight-night-hunt-vs-bigfoot,ee457ef1e1c326c1,32293,728,ufc-fight-night-hunt-bigfoot,UFC Fight Night 33: Hunt vs. Bigfoot,255
16683-ufc-on-fox-9,480b702debcb5433,26217,729,FOX9,UFC on FOX 9: Johnson vs. Benavidez 2,256
19667-ufc-168-rousey-vs-tate-2,83d0de122f2f9664,31257,706,UFC168,UFC 168: Weidman vs. Silva 2,257
20473-ufc-singapore,e5c9de15bb58b1c6,32999,761,ufn-singapore,UFC Fight Night 34: Saffiedine vs. Lim,258
21505-ufc-fight-night-35,30a09e43f15f1d75,33929,762,ufc-fight-night-atlanta,UFC Fight Night 35: Rockhold vs. Philippou,259
21248-ufc-on-fox-10,a8d521d913df4e31,33335,777,FOX10,UFC on FOX 10: Henderson vs. Thomson,260
20975-ufc-169-jones-vs-teixeira,fc31f896cde2bc2e,32773,737,UFC169,UFC 169: Barao vs. Faber 2,261
20593-ufc-fight-night,51b0bb73a1da34bc,33523,758,ufn-jaragua-do-sul,UFC Fight Night 36: Machida vs. Mousasi,262
21249-ufc-170,3138fab619faf4d1,33337,756,UFC170,UFC 170: Rousey vs. McMann,263
22007-the-ultimate-fighter-china-1-finale,a26198ba5093147e,34819,778,ufn-macao-kim-hathaway,UFC Fight Night: Kim vs. Hathaway,264
21272-ufc-fight-night-gustafsson-vs-nogueira,ebc1f40e00e0c481,33383,751,ufc-london,UFC Fight Night 37: Gustafsson vs. Manuwa,265
21513-ufc-171,179f1948dc234f1f,33949,771,UFC171,UFC 171: Hendricks vs. Lawler,266
22108-ufc-fight-night,d5f820c11a121050,35299,784,ufn-natal-brazil,UFC Fight Night 38: Shogun vs. Henderson 2,267
22403-ufc-fight-night-39-nogueira-vs-nelson,d632d156c0549e07,35669,790,ufc-abu-dhabi-minotauro-nelson,UFC Fight Night 39: Nogueira vs. Nelson,268
22061-tuf-nations-finale-canada-vs-australia,f9f07bb5a43535ed,35503,806,ufc-fight-night-quebec-city,UFC Fight Night: Bisping vs. Kennedy,269
22127-ufc-on-fox-11,a421465acbe59c77,35107,779,FOX11,UFC on FOX 11: Werdum vs. Browne,270
21832-ufc-172-jones-vs-teixeira,4f2fcbefb668689d,34401,772,UFC172,UFC 172: Jones vs. Teixeira,271
22778-ufc-fight-night,579fcdfcabd23a7b,36085,794,ufn-cincinnati-fs1,UFC Fight Night 40: Brown vs. Silva,272
22469-ufc-173-weidman-vs-belfort,9ca265dfe8323db3,35617,786,UFC173,UFC 173: Barao vs. Dillashaw,273
23130-ufc-fight-night,b757c73f443d4fca,36427,799,fight-night-berlin,UFC Fight Night 41: Munoz vs. Mousasi,274
22697-ufc-fight-night,59aaf2730b84698a,35955,812,ufn-sao-paulo-tuf-brazil,UFC Fight Night: Miocic vs. Maldonado,275
23441-ufc-fight-night-henderson-vs-khabilov,1fcfc3709fe58151,36711,822,ufn-albuquerque-fs1,UFC Fight Night 42: Henderson vs. Khabilov,276
22389-ufc-174,5b5307450405abf0,35505,807,UFC174,UFC 174: Johnson vs. Bagautinov,277
23781-ufc-fight-night-45-te-huna-vs-marquardt,ac9521250dc1a14c,37109,823,ufn-auckland-nz,UFC Fight Night 43: Te Huna vs. Marquardt,278
23349-ufc-fight-night,c0ed7b208197e8de,36731,800,ufn-san-antonio-fs1,UFC Fight Night 44: Swanson vs. Stephens,279
23324-ufc-175,53adf5b845d91e4a,36735,805,UFC175,UFC 175: Weidman vs. Machida,280
23323-the-ultimate-fighter-19-finale,1c5879330d42255f,36737,832,TUF19-Finale,The Ultimate Fighter 19 Finale,281
23965-ufc-fight-night,79ded75550efc139,37359,826,ufc-fight-night-atlantic-city,UFC Fight Night 45: Cerrone vs. Miller,282
23131-ufc-fight-night,073eee4e62f0d988,36425,827,ufn-dublin-ireland,UFC Fight Night 46: McGregor vs. Brandao,283
23617-ufc-on-fox-12,05fbfe628658c538,37719,829,FOX12,UFC on FOX 12: Lawler vs. Brown,284
24351-ufc-fight-night-47,fd7acf42bd6e7e95,37727,845,ufn-bangor-maine-fs1,UFC Fight Night 47: Bader vs. St. Preux,285
23028-ufc-fight-night,770b9d4813c25902,37741,835,ufc-fight-night-macao-cotai-arena,UFC Fight Night 48: Bisping vs. Le,286
23966-ufc-fight-night,063649e21bc9d6d5,37361,846,ufc-fight-night-bok-center-tulsa,UFC Fight Night 49: Henderson vs. dos Anjos,287
24694-ufc-177-jones-vs-gustafsson-2,269d103c96a4c3a5,38011,849,UFC177,UFC 177: Dillashaw vs. Soto,288
24825-ufc-fight-night-50,9bcfb40dbcd50568,38431,851,ufc-fight-night-ledyard,UFC Fight Night 50: Jacare vs. Mousasi 2,289
24352-ufc-fight-night,a71feb7ea7592a71,37743,850,ufc-fight-night-brasilia,UFC Fight Night 51: Bigfoot vs. Arlovski 2,290
23029-ufc,2dea80c069847321,37745,847,ufc-fight-night-saitama-arena-japan,UFC Fight Night 52: Hunt vs. Nelson,291
22390-ufc-178,3bb030257966b022,35507,836,UFC178,UFC 178: Johnson vs. Cariaso,292
23133-ufc-fight-night,8dc4f34c1f50d00d,37747,860,ufc-fight-night-stockholm,UFC Fight Night 53: Nelson vs. Story,293
22391-ufc-fight-night,0313bf497de9c470,35509,861,ufc-fight-night-halifax,UFC Fight Night 54: MacDonald vs. Saffiedine,294
24353-ufc-179,53f02bbc41d99432,37749,855,UFC179,UFC 179: Aldo vs. Mendes 2,295
26376-ufc-fight-night-55,371a1c91b24dec2b,40339,894,ufc-fight-night-sydney-australia,UFC Fight Night 55: Rockhold vs. Bisping,296
25633-ufc-fight-night,6ca68b636fbc1f18,40223,893,ufc-fight-night-uberlandia,UFC Fight Night 56: Shogun vs. St. Preux,297
24140-ufc-180-velasquez-vs-werdum,59851163aaf1aed8,37549,824,UFC180,UFC 180: Werdum vs. Hunt,298
23135-ufc-fight-night,155a02a8b4311057,39915,892,ufc-fight-night-austin,UFC Fight Night 57: Edgar vs. Swanson,299
22392-ufc-181,dfdd0c5dd0d4bc23,35511,853,UFC181,UFC 181: Hendricks vs. Lawler 2,300
26091-the-ultimate-fighter-20-finale,222d6b547de2e035,40679,912,the-ultimate-fighter-a-champion-will-be-crowned,The Ultimate Fighter 20 Finale,301
24669-ufc-on-fox-13,d4a12dfa4067742f,38839,879,ufc-fight-night-phoenix,UFC on FOX 13: Dos Santos vs. Miocic,302
25634-ufc-fight-night,4e5bbc4566049cbf,40613,880,ufc-fight-night-barueri,UFC Fight Night 58: Machida vs. Dollaway,303
23598-ufc-182-pettis-vs-melendez,a72d260b436924c4,38841,864,UFC182,UFC 182: Jones vs. Cormier,304
27634-ufc-fight-night,f9aa6376ae16bfb4,41773,895,ufc-fight-night-boston-2015,UFC Fight Night 59: McGregor vs. Siver,305
27583-ufc-on-fox-14-gustafsson-vs-evans,706404da0775dcbc,42123,906,ufc-fight-night-stockholm-sweden,UFC on FOX 14: Gustafsson vs. Johnson,306
25716-ufc-183-silva-vs-diaz,43563a32c3f10e95,39291,856,UFC183,UFC 183: Silva vs. Diaz,307
28035-ufc-fight-night-60,f9c7fe2682af3802,42065,915,ufc-fight-night-broomfield,UFC Fight Night 60: Henderson vs. Thatch,308
28054-ufc-fight-night-61,0577808d22dfe79c,38843,923,ufc-fight-night-porto-alegre,UFC Fight Night 61: Bigfoot vs. Mir,309
27642-ufc-184-weidman-vs-belfort,ad4e9055bf8cd04d,41893,896,UFC184,UFC 184: Rousey vs. Zingano,310
28236-ufc-185,f54200f1dfb9b5d4,42183,925,UFC185,UFC 185: Pettis vs. Dos Anjos,311
28237-ufc-fight-night-62,fa534853eb195270,42185,934,ufc-fight-night-rio-de-janeiro-2015,UFC Fight Night 62: Maia vs. LaFlare,312
28238-ufc-fight-night-64,16d09e800ad7ec79,42187,932,ufc-fight-night-fairfax-2015,UFC Fight Night 63: Mendes vs. Lamas,313
28239-ufc-fight-night-65,5de61b03868035ff,42189,936,ufc-fight-night-krakow-poland-2015,UFC Fight Night 64: Gonzaga vs. Cro Cop 2,314
28240-ufc-fight-night-66,bc7cf284c1c2f16e,42191,927,ufc-fight-night-newark-new-jersey,UFC on FOX 15: Machida vs. Rockhold,315
28241-ufc-186,997b4f52f76a0b53,42193,929,UFC186,UFC 186: Johnson vs. Horiguchi,316
30291-ufc-fight-night-65-hunt-vs-miocic,8a1b4330c7957961,42195,950,ufc-fight-night-adelaide-australia-2015,UFC Fight Night 65: Miocic vs. Hunt,317
29712-ufc-fight-night,b1605ea39fba6af6,42197,946,ufc-fight-night-manila-2015,UFC Fight Night 66: Edgar vs. Faber,318
29455-ufc-187-aldo-vs-mcgregor,4f7e290e71d60f87,42199,945,UFC187,UFC 187: Johnson vs. Cormier,319
30066-ufc-fight-night-67,aae0897825336b1a,42201,957,ufc-fight-night-goiania-2015,UFC Fight Night 67: Condit vs. Alves,320
30065-ufc-fight-night-68-cormier-vs-bader,06dc1a58663579d2,42203,947,ufc-fight-night-new-orleans-2015,UFC Fight Night 68: Boetsch vs. Henderson,321
29313-ufc-188-velasquez-vs-werdum,a58114c6dd0add64,42205,930,UFC188,UFC 188: Velasquez vs. Werdum,322
29537-ufc-fight-night,194fc025f9355db6,42207,964,ufc-fight-night-berlin-germany-2015,UFC Fight Night 69: Jędrzejczyk vs. Penne,323
30909-ufc-fight-night-70,86e388ed20761ad9,42209,973,ufc-fight-night-hollywood-florida-2015,UFC Fight Night 70: Machida vs. Romero,324
26946-ufc-189,3be081c29bf734d9,42211,942,UFC189,UFC 189: Mendes vs. McGregor,325
31723-ufc-fight-night-71,a890f9a791ed615d,42213,971,sunday-july-12,The Ultimate Fighter 21 Finale,326
31105-ufc-fight-night,36877f0e62b25b96,42215,965,ufc-fight-night-san-diego-2015,UFC Fight Night 71: Mir vs. Duffee,327
29538-ufc-fight-night,ef7fa30364cbe7f2,42217,975,ufc-fight-night-glasgow-2015,UFC Fight Night 72: Bisping vs. Leites,328
29323-ufc-on-fox-16,0c3838c8f7c620c2,42219,967,ufc-fight-night-chicago-2015,UFC on FOX 16: Dillashaw vs. Barao 2,329
31250-ufc-190-rousey-vs-correia,a9c45a8b21eabadc,42221,960,UFC190,UFC 190: Rousey vs. Correia,330
31106-ufc-fight-night,b71667c778b6d9e5,42223,979,ufc-fight-night-nashville-2015,UFC Fight Night 73: Teixeira vs. St. Preux,331
33357-ufc-fight-night-74-holloway-vs-oliveira,2ce6541127b0e232,42225,984,ufc-fight-night-saskatoon-canada-2015,UFC Fight Night 74: Holloway vs. Oliveira,332
33167-ufc-191,82f5c81f4e3c3eb5,42229,992,UFC-191,UFC 191: Johnson vs. Dodson 2,333
32823-ufc-fight-night-78-nelson-vs-barnett,a4dd5c9a75763295,45847,1003,ufc-fight-night-japan-2015,UFC Fight Night 75: Barnett vs. Nelson,334
31112-ufc-192,119ebea97e914dcf,42235,990,UFC192,UFC 192: Cormier vs. Gustafsson,335
33860-ufc,f3155a94ca420126,47107,976,ufc-fight-night-dublin-2015,UFC Fight Night 76: Holohan vs. Smolka,336
34071-ufc-fight-night,5345f86680378fc1,42237,997,ufc-fight-night-sao-paulo-2015,UFC Fight Night 77: Belfort vs. Henderson 3,337
30831-ufc-193,8d04923f2db59b7f,42239,1002,UFC193,UFC 193: Rousey vs. Holm,338
34434-ufc-fight-night,243b07fc65ccbb16,42241,999,ufc-fight-night-monterrey-mexico-2015,UFC Fight Night 78: Magny vs. Gastelum,339
32865-ufc-fight-night-83,4d636c3aa1105950,42243,1013,,UFC Fight Night 79: Henderson vs. Masvidal,340
35219-ufc-fight-night-80,dd39f1ca787a3d9d,47669,1023,,UFC Fight Night 80: Namajunas vs. VanZant,341
34765-the-ultimate-fighter-22-finale,20fbff570c678e1c,47439,1011,,The Ultimate Fighter 22 Finale,342
34444-ufc-195-aldo-vs-mcgregor,354808cf38d9d73c,42245,1005,UFC194,UFC 194: Aldo vs. McGregor,343
34696-ufc-on-fox-17,80d918336163b80c,42249,1008,ufc-fight-night-orlando-2015,UFC on FOX 17: Dos Anjos vs. Cowboy 2,344
34862-ufc-195-rousey-vs-holm,380e8b023290d091,47465,1012,,UFC 195: Lawler vs. Condit,345
35374-ufc-fight-night-pettis-vs-alvarez,c6becb722706c7d8,47783,1022,,UFC Fight Night 81: Dillashaw vs. Cruz,346
35501-ufc-on-fox-18,b3fb8d2293e17a59,47933,1038,ufc-fight-night-new-jersey,UFC on FOX 18: Johnson vs. Bader,347
36542-ufc-196,de99da2c0d18d34a,47929,1056,fight-night-hendricks-vs-thompson,UFC Fight Night 82: Hendricks vs. Thompson,348
35520-ufc-fight-night-82,d56bb6dff2ae77eb,47935,1057,ufc-fight-night-pittsburgh-2016,UFC Fight Night 83: Cowboy vs. Cowboy,349
35496-ufc-fight-night,39c568f8c579913e,47937,1052,ufc-fight-night-london-2016,UFC Fight Night 84: Silva vs. Bisping,350
36627-ufc-197,db1f2ed63b54b9a7,47931,1060,UFC196,UFC 196: McGregor vs. Diaz,351
36756-ufc-fight-night,e60201cfab7d656d,47939,1062,ufc-fight-night-brisbane-2016,UFC Fight Night 85: Hunt vs. Mir,352
37670-ufc-fight-night-85,4887e5bc4dbb73ff,50295,1077,ufc-fight-night-zagreb-2016,UFC Fight Night 86: Rothwell vs. Dos Santos,353
38076-ufc-on-fox-19,e7e970d508529bf3,50261,1073,ufc-fight-night-tampa,UFC on FOX 19: Teixeira vs. Evans,354
36847-ufc-198,3d481aa374c954a1,50485,1080,UFC197,UFC 197: Jones vs. Saint Preux,355
37671-ufc-fight-night,a314687f372b2cec,50621,1088,ufc-fight-night-rotterdam-2016,UFC Fight Night 87: Overeem vs. Arlovski,356
37906-ufc-fight-night-87-jacare-vs-belfort,a4bf17bd3ba3423b,50217,1070,ufc198,UFC 198: Werdum vs. Miocic,357
38669-ufc-fight-night-88,990060b2a68a7b82,50941,1104,ufc-fight-night-las-vegas-may-2016,UFC Fight Night 88: Almeida vs. Garbrandt,358
38668-ufc-199-rockhold-vs-weidman-2,ff4c3ab594c7fac3,50937,1081,ufc-199,UFC 199: Rockhold vs. Bisping 2,359
38667-ufc-fight-night,563d051c9e769b24,50939,1098,ufc-fight-night-ottawa,UFC Fight Night 89: MacDonald vs. Thompson,360
38670-ufc-fight-night,45a2ba3ef82b9700,50943,1118,ufc-fight-night-las-vegas-july-2016,UFC Fight Night 90: Dos Anjos vs. Alvarez,361
37873-the-ultimate-fighter-22-finale,cd42bbe8887bba90,50075,1067,the-ultimate-fighter-finale-team-joanna-team-claudia,The Ultimate Fighter 23 Finale,362
35220-ufc-200,aa5b4eff51bdc7d1,47285,1102,UFC-200,UFC 200: Tate vs. Nunes,363
39393-ufc-fight-night-91,5e7a28f20927d64a,51841,1120,ufc-fight-night-sioux-falls,UFC Fight Night 91: McDonald vs. Lineker,364
39076-ufc-on-fox-20,8a028648f3f0761d,51563,1114,ufc-fight-night-chicago-2016,UFC on FOX 20: Holm vs. Shevchenko,365
39712-ufc-201,72cbe507644a587c,52199,1129,UFC-201,UFC 201: Lawler vs. Woodley,366
40152-ufc-fight-night-92,232c582f29f8f65e,52851,1146,ufc-fight-night-salt-lake-city,UFC Fight Night 92: Caceres vs. Rodriguez,367
39739-ufc-202,5da4e8dc02e50ac0,52567,1143,UFC-202,UFC 202: Diaz vs. McGregor 2,368
40403-ufc-on-fox-21,cfbccfed4e4796fe,52945,1150,ufc-fight-night-vancouver-2016,UFC on FOX 21: Maia vs. Condit,369
39753-ufc-fight-night,2b4faacc16d66898,52185,1139,ufc-fight-night-hamburg-2016,UFC Fight Night 93: Arlovski vs. Barnett,370
40102-ufc-203-miocic-vs-overeem,2dc7f1762dc0a7ef,52565,1138,UFC-203,UFC 203: Miocic vs. Overeem,371
40816-ufc-fight-night-94,d6455cb4bee503ce,53639,1160,ufc-fight-night-hidalgo,UFC Fight Night 94: Poirier vs. Johnson,372
40418-ufc-fight-night,e18012194473e8b0,53641,1167,ufc-fight-night-brasilia-2016,UFC Fight Night 95: Cyborg vs. Lansberg,373
40949-ufc-fight-night,a196332ee4aa8a82,54089,1165,ufc-fight-night-portland,UFC Fight Night 96: Lineker vs. Dodson,374
40792-ufc-204,154a6b3ffae264cd,54381,1168,ufc-204,UFC 204: Bisping vs. Henderson 2,375
41075-ufc-fight-night,6083f497c22cc075,51653,1164,ufc-fight-night-mexico-city-2016,UFC Fight Night 98: Dos Anjos vs. Ferguson,376
39362-ufc,4956f60b7fa57c1a,52249,1188,ufc-205,UFC 205: Alvarez vs. McGregor,377
41367-ufc-fight-night,6810d8d2dd557cf9,54983,1184,,UFC Fight Night 99: Mousasi vs. Hall 2,378
41368-ufc-fight-night,5cde96e0a1a1fffe,54993,1185,ufc-fight-night-brazil-nov-19-2016,UFC Fight Night 100: Bader vs. Nogueira 2,379
41369-ufc-fight-night,73e09f837f3b5ecc,54995,1191,,UFC Fight Night 101: Whittaker vs. Brunson,380
41342-the-ultimate-fighter-24-finale,bd4389b71fdc0ce2,54997,1135,the-ultimate-fighter-24-finale,The Ultimate Fighter 24 Finale,381
41370-ufc-fight-night,7139cd2ae4bf6a29,54999,1203,ufc-fight-night-albany,UFC Fight Night 102: Lewis vs. Abdurakhimov,382
41371-ufc-206,6e3282d57d2467a0,55001,1204,ufc-206,UFC 206: Holloway vs. Pettis,383
41372-ufc-fight-night,32541eb5d12668b4,55003,1207,ufc-fight-night-sacramento,UFC on FOX 22: VanZant vs. Waterson,384
41373-ufc-207,4b2390cfaceb91d8,55005,1210,ufc-207,UFC 207: Nunes vs. Rousey,385
42582-ufc-fight-night,46effbd1135423c5,56239,1219,ufc-fight-night-phoenix-2016,UFC Fight Night 103: Rodriguez vs. Penn,386
42697-ufc-on-fox-23,4512e46543b960ad,56245,1225,ufc-fight-night-denver-2017,UFC on FOX 23: Shevchenko vs. Peña,387
42635-ufc,6a8a06b542e1516d,56247,1226,ufc-fight-night-houston-2017,UFC Fight Night 104: Bermudez vs. Korean Zombie,388
42698-ufc-209,865aa315ea62c511,56249,1229,ufc-208,UFC 208: Holm vs. de Randamie,389
42677-ufc-fight-night,b4ad3a06ee4d660c,56251,1228,ufc-fight-night-halifax-2017,UFC Fight Night 105: Lewis vs. Browne,390
42699-ufc-210,20e403a1acfef130,56255,1234,ufc-209,UFC 209: Woodley vs. Thompson 2,391
42700-ufc-fight-night,47b7e4e60813b7b2,56257,1231,ufc-fight-night-brazil-march-2017,UFC Fight Night 106: Belfort vs. Gastelum,392
42681-ufc,c0231720fe516994,56259,1246,ufc-fight-night-london-2017,UFC Fight Night 107: Manuwa vs. Anderson,393
43812-ufc-210,e7bfdb5e0112891e,57531,1248,ufc-210,UFC 210: Cormier vs. Johnson 2,394
43966-ufc-fight-night,ed069a95aaaf4f56,57971,1259,,UFC on FOX 24: Johnson vs. Reis,395
44240-ufc-fight-night-108,bc7f7f0ba3db74d2,57969,1258,ufc-fight-night-nashville-2017,UFC Fight Night 108: Swanson vs. Lobov,396
43945-ufc-211,5df10509264586e5,57823,1252,ufc-211,UFC 211: Miocic vs. Dos Santos 2,397
44414-ufc-fight-night,1c7cce2f5c17160d,58405,1265,ufc-fight-night-stockholm-2017,UFC Fight Night 109: Gustafsson vs. Teixeira,398
44080-ufc-212,1507214bbc7a79e2,57993,1257,ufc-212,UFC 212: Aldo vs. Holloway,399
44562-ufc-fight-night-110,90e7447d8b7f3f35,58411,1275,ufc-fight-night-auckland-2017,UFC Fight Night 110: Lewis vs. Hunt,400
44376-ufc-fight-night,353de740bb6c7e75,58241,1277,ufc-fight-night-singapore-2017,UFC Fight Night 111: Holm vs. Correia,401
44840-ufc-fight-night-112,99bf06f20491cb54,58847,1276,ufc-fight-night-oklahoma-city-2017,UFC Fight Night 112: Chiesa vs. Lee,402
44082-the-ultimate-fighter-25-finale,23bd78c3f89bdb54,59007,1289,the-ultimate-fighter-redemption-finale,The Ultimate Fighter 25 Finale,403
44083-ufc-213,686cccbf1a4de453,59011,1282,ufc-213,UFC 213: Romero vs. Whittaker,404
44634-ufc-fight-night,d7907a9a968e4d29,58749,1293,ufc-fight-night-glasgow-2017,UFC Fight Night 113: Nelson vs. Ponzinibbio,405
44942-ufc-fight-night,9f3d6ddef3d3cccc,59505,1292,ufc-fight-night-long-island-2017,UFC on FOX 25: Weidman vs. Gastelum,406
44395-ufc-214,ff9578cdbfabd323,57825,1303,ufc-214,UFC 214: Cormier vs. Jones 2,407
45713-ufc-fight-night,f4a031ac205ac580,60029,1307,ufc-fight-night-mexico-city-2017,UFC Fight Night 114: Pettis vs. Moreno,408
44728-ufc-fight-night,a3244e3238541482,58751,1310,ufc-fight-night-rotterdam-2017,UFC Fight Night 115: Volkov vs. Struve,409
44084-ufc-216,d86e913c548c07c2,59759,1308,UFC-215,UFC 215: Nunes vs. Shevchenko 2,410
46943-ufc-fight-night-116,1979c80150f630c4,61995,1343,ufc-fight-night-pittsburgh-2017,UFC Fight Night 116: Rockhold vs. Branch,411
45800-ufc-fight-night,9211aae062b799d6,60113,1332,ufc-fight-night-japan-2017,UFC Fight Night 117: St. Preux vs. Okami,412
46805-ufc-216,cc5834a495d1ea08,61983,1341,UFC-216,UFC 216: Ferguson vs. Lee,413
44729-ufc-fight-night,d6b68eaf4b68b160,58753,1356,ufc-fight-night-poland-2017,UFC Fight Night 118: Cowboy vs. Till,414
47279-ufc-fight-night-119,a7724f51e32e763e,61997,1352,ufc-fight-night-brazil-oct-28-2017,UFC Fight Night 119: Machida vs. Brunson,415
46980-ufc,a25b71fe5e31fa97,61989,1348,UFC-217,UFC 217: Bisping vs. St. Pierre,416
47253-ufc-fight-night,d856a0080ac09ed7,62649,1353,ufc-fight-night-norfolk-nov-11-2017,UFC Fight Night 120: Poirier vs. Pettis,417
46847-ufc-fight-night,caced97768818230,61985,1354,ufc-fight-night-sydney-2017,UFC Fight Night 121: Werdum vs. Tybura,418
47252-ufc-fight-night,e7bc606d269896aa,62001,1363,ufc-fight-night-shanghai-nov-25-2017,UFC Fight Night 122: Bisping vs. Gastelum,419
47254-the-ultimate-fighter-26-finale,30e8b4505f5ccf92,61987,1364,the-ultimate-fighter-finale-dec-1-2017,The Ultimate Fighter 26 Finale,420
47255-ufc-218,9e30f69cc0869301,61991,1368,UFC-218,UFC 218: Holloway vs. Aldo 2,421
47256-ufc-fight-night,bcd124bcd3d5be46,62623,1386,ufc-fight-night-fresno-dec-9-2017,UFC Fight Night 123: Swanson vs. Ortega,422
47257-ufc-fight-night,eaa0a728cc91ef60,62621,1365,ufc-fight-night-winnipeg-dec-16-2017,UFC on FOX 26: Lawler vs. Dos Anjos,423
47258-ufc-219,04076783ca83d6ae,61993,1387,UFC-219,UFC 219: Cyborg vs. Holm,424
48676-ufc,fc1868f56d3036eb,63765,1408,ufc-fight-night-st-louis-january-14-2018,UFC Fight Night 124: Stephens vs. Choi,425
48687-ufc-220,02177caefe7c07d4,63763,1406,UFC-220,UFC 220: Miocic vs. N'Gannou,426
49007-ufc-fight-night-125,602bb270f2bdbf02,63969,1413,ufc-fight-night-charlotte-january-27-2018,UFC on FOX 27: Jacare vs. Brunson 2,427
48880-ufc-fight-night-125,7cf20446453f852b,63767,1418,ufc-fight-night-belem-february-3-2018,UFC Fight Night 125: Machida vs. Anders,428
48688-ufc-221,15515e797aedc137,63769,1411,UFC-221,UFC 221: Romero vs. Rockhold,429
49027-ufc-fight-night-127,d181689653115b6a,63971,1412,ufc-fight-night-austin-february-18-2018,UFC Fight Night 126: Cowboy vs. Medeiros,430
49028-ufc-fight-night-128,daa89f01e1c0f42a,63973,1425,ufc-fight-night-orlando-february-24-2018,UFC on FOX 28: Emmett vs. Stephens,431
48689-ufc-222,7929be8290289a47,63771,1422,UFC-222,UFC 222: Cyborg vs. Kunitskaya,432
49029-ufc-fight-night-129,eed2b71d77d95416,63975,1423,ufc-fight-night-london-march-17-2018,UFC Fight Night 127: Werdum vs. Volkov,433
50149-ufc-223,49e7e05f902479ca,65291,1444,UFC-223,UFC 223: Khabib vs. Iaquinta,434
50283-ufc-fight-night,620be7e0712d431b,65327,1446,ufc-fight-night-april-14-2018,UFC on FOX 29: Poirier vs. Gaethje,435
50670-ufc-fight-night,ad99fa5325519169,65387,1455,fight-night-atlantic-city-2018,UFC Fight Night 128: Barboza vs. Lee,436
50243-ufc-224,67ec58d7cf599835,65419,1453,UFC-224,UFC 224: Nunes vs. Pennington,437
50992-ufc-fight-night,3144121470023e9a,65581,1468,fight-night-santiago-2018,UFC Fight Night 129: Maia vs. Usman,438
51805-ufc-fight-night,f5990c11974d8e9c,66253,1478,fight-night-liverpool-2018,UFC Fight Night 130: Thompson vs. Till,439
50754-ufc-fight-night,d29b5c4f22c6357d,65423,1467,fight-night-utica-2018,UFC Fight Night 131: Rivera vs. Moraes,440
50751-ufc-225,2eae41f61776c60f,65421,1459,UFC-225,UFC 225: Whittaker vs. Romero 2,441
51323-ufc-fight-night,ac5f67109accb482,67121,1475,fight-night-asia-june-2018,UFC Fight Night 132: Cowboy vs. Edwards,442
49920-the-ultimate-fighter-27-finale,8215e4fe24e8e81b,65583,1503,the-ultimate-fighter-finale-july-6-2018,The Ultimate Fighter 27 Finale,443
49921-ufc-226,35585d970300d45a,65367,1447,Ufc-226,UFC 226: Miocic vs. Cormier,444
52391-ufc-fight-night-133,b45d6b73f4ca4467,66971,1504,fight-night-boise-2018,UFC Fight Night 133: Dos Santos vs. Ivanov,445
52081-ufc-fight-night,4f732e58ed907eff,66973,1507,fight-night-hamburg-2018,UFC Fight Night 134: Shogun vs. Smith,446
52629-ufc-on-fox-30,322a56923b396b4d,66975,1502,fight-night-canada-july-28-2018,UFC on FOX 30: Alvarez vs. Poirier 2,447
52344-ufc-227,03b1e846b09f721d,66977,1492,ufc-227,UFC 227: Dillashaw vs. Garbrandt 2,448
52393-ufc-fight-night,c0342805a1948cbb,66979,1528,fight-night-lincoln-2018,UFC Fight Night 135: Gaethje vs. Vick,449
53597-ufc-228,d5ae8074631762fc,69273,1530,ufc-228,UFC 228: Woodley vs. Till,450
53264-ufc-fight-night,8d49545dadf9b919,68195,1539,fight-night-moscow-sept-15-2018,UFC Fight Night 136: Hunt vs. Oleinik,451
53984-ufc-fight-night-137,852454c572675334,69275,1544,fight-night-sao-paulo-sept-22-2018,UFC Fight Night 137: Santos vs. Anders,452
49922-ufc-229,1ef0eae31904e534,69277,1566,UFC-229,UFC 229: Khabib vs. McGregor,453
53697-ufc-fight-night,33a331684283900f,69279,1564,ufc-moncton-2018,UFC Fight Night 138: Volkan vs. Smith,454
53519-ufc-230,20821819c401ced8,69281,1562,UFC-230,UFC 230: Cormier vs. Lewis,455
53520-ufc-fight-night,42c96a9c4802e2e1,69283,1559,ufc-denver-2018,UFC Fight Night 139: Korean Zombie vs. Rodriguez,456
54134-ufc-fight-night-140,aa3153a9941b4d44,69285,1578,ufc-south-america-2018,UFC Fight Night 140: Magny vs. Ponzinibbio,457
54135-ufc-fight-night-141,de25520d54eab12d,69287,1579,ufc-china-2018,UFC Fight Night 141: Blaydes vs. N'Gannou 2,458
54136-the-ultimate-fighter-28-finale,c7ac79839e86ce33,69289,1586,tuf-28-finale-2018,The Ultimate Fighter 28 Finale,459
54137-ufc-fight-night-142,d1d20e651e6cbc02,69291,1574,ufc-australia-2018,UFC Fight Night 142: Dos Santos vs. Tuivasa,460
54119-ufc-231,2a74bbba57058f12,69293,1584,UFC-231,UFC 231: Holloway vs. Ortega,461
54138-ufc-fight-night-143,7a703c565ccaa18f,69295,1587,ufc-milwaukee-2018,UFC on FOX 31: Lee vs. Iaquinta 2,462
49923-ufc-232,c046100aea0dba9a,69297,1583,UFC-232,UFC 232: Jones vs. Gustafsson 2,463
55048-ufc-fight-night,d4da8995fc91e7ef,72019,1623,ufc-fight-night-brooklyn-jan-19-2019,UFC on ESPN+ 1: Cejudo vs. Dillashaw,464
56348-ufc-fight-night-144,84283233ec42be5f,72023,1628,ufc-fight-night-brazil-2019,UFC on ESPN+ 2: Assunção vs. Moraes 2,465
56334-ufc-234,b5882371e2a3900d,72011,1620,ufc-234,UFC 234: Adesanya vs. Silva,466
56349-ufc-fight-night-145,a7a79b8efbceaaac,72025,1637,ufc-fight-night-phoenix-2019,UFC on ESPN 1: N'Gannou vs. Velasquez,467
56350-ufc-fight-night-146,6546af7ab545b90c,72051,1638,ufc-fight-night-czech-republic-2019,UFC on ESPN+ 3: Błachowicz vs. Santos,468
56351-ufc-235,2d5fbe2103f97053,72027,1625,ufc-235,UFC 235: Jones vs. Smith,469
56352-ufc-fight-night-147,e96d8538d3f9d0ed,72029,1639,ufc-fight-night-march-9-2019,UFC on ESPN+ 4: Lewis vs. Dos Santos,470
56327-ufc-fight-night,80eacd4da0617c57,72031,1626,ufc-fight-night-london-2019,UFC on ESPN+ 5: Till vs. Masvidal,471
56353-ufc-fight-night-149,487c170da059857d,72033,1654,ufc-fight-night-march-23-2019,UFC on ESPN+ 6: Thompson vs. Pettis,472
56354-ufc-fight-night-150,9649d75defe0dedb,72035,1648,ufc-fight-night-march-30-2019,UFC on ESPN 2: Barboza vs. Gaethje,473
57504-ufc-236,b0550072e5f0afa7,73333,1666,ufc-236,UFC 236: Holloway vs. Poirier 2,474
57505-ufc-on-espn-7,7dcf06c1967801c1,73335,1673,ufc-fight-night-april-20-2019,UFC on ESPN+ 7: Overeem vs. Oleinik,475
57506-ufc-on-espn-3,c912f676692c353a,73337,1657,ufc-fight-night-april-27-2019,UFC on ESPN+ 8: Jacare vs. Hermansson,476
57507-ufc-on-espn-8,351264d11286d09a,73339,1672,ufc-fight-night-may-04-2019,UFC on ESPN+ 9: Iaquinta vs. Cowboy,477
57508-ufc-237,9de7c97e1c0d7927,73341,1647,ufc-237,UFC 237: Namajunas vs. Andrade,478
57509-ufc-on-espn-9,6b8f28da9a483049,73343,1674,ufc-fight-night-rochester,UFC on ESPN+ 10: Dos Anjos vs. Lee,479
57510-ufc-on-espn-10,cbc071cb20ea59c7,73345,1676,ufc-fight-night-stokgolm,UFC on ESPN+ 11: Gustafsson vs. Smith,480
58449-ufc-238,e31502e3f79d00c5,73347,1677,ufc-238,UFC 238: Cejudo vs. Moraes,481
57512-ufc-on-espn-11,b16a7e6a627e9789,73349,1680,ufc-fight-night-0,UFC on ESPN+ 12: Moicano vs. Korean Zombie,482
57513-ufc-on-espn-4,c0c1bc0766df4c00,73351,1687,ufc-fight-night-june-29-2019-minneapolis,UFC on ESPN 3: N'Gannou vs. Dos Santos,483
58831-ufc-239,6c9383ffab2725a5,75113,1686,ufc-239,UFC 239: Jones vs. Santos,484
59896-ufc-on-espn-13,2f8f3c69522db931,76573,1714,ufc-fight-night-july-13-2019,UFC on ESPN+ 13: De Randamie vs. Ladd,485
60311-ufc-on-espn-4,9e0f28d1f639ad73,76575,1717,ufc-fight-night-july-20-2019,UFC on ESPN 4: Dos Anjos vs. Edwards,486
59521-ufc-240,abcf7e55a0a9ed89,76577,1713,ufc-240,UFC 240: Holloway vs. Edgar,487
60312-ufc-on-espn-5-covington-vs-lawler,03da33a102d9a45f,76579,1734,ufc-fight-night-august-03-2019,UFC on ESPN 5: Covington vs. Lawler,488
60313-ufc-on-espn-14,e5d03e4d966126bd,76581,1724,ufc-fight-night-august-10-2019,UFC on ESPN+ 14: Shevchenko vs. Carmouche 2,489
59522-ufc-241,70167689d6a01793,76383,1709,ufc-241,UFC 241: Cormier vs. Miocic 2,490
60314-ufc-on-espn-15,2c104b7e59a72629,76583,1733,ufc-fight-night-august-31-2019,UFC on ESPN+ 15: Andrade vs. Zhang,491
60004-ufc-242,a79bfbc01b2264d6,76401,1715,ufc-242,UFC 242: Khabib vs. Poirier,492
60315-ufc-on-espn-16,4834ff149dc9542a,76585,1735,ufc-fight-night-september-14-2019,UFC on ESPN+ 16: Cowboy vs. Gaethje,493
60316-ufc-on-espn-17,94a5aaf573f780ad,76587,1753,ufc-fight-night-septemer-21-2019,UFC on ESPN+ 17: Rodriguez vs. Stephens,494
60317-ufc-on-espn-18,1bf49bf829964144,76589,1747,ufc-fight-night-september-28-2019,UFC on ESPN+ 18: Hermansson vs. Cannonier,495
60318-ufc-243,3cf68c1d17f66af7,76591,1752,ufc-243,UFC 243: Whittaker vs. Adesanya,496
60319-ufc-on-espn-19,0941df56f6ac954b,76593,1751,ufc-fight-night-october-12-2019,UFC on ESPN+ 19: Joanna vs. Waterson,497
60320-ufc-on-espn-2,3ae10ac4df3df05c,76595,1764,ufc-fight-night-october-18-2019,UFC on ESPN 6: Reyes vs. Weidman,498
60321-ufc-on-espn-20,df05aa15b2d66f57,76597,1793,ufc-fight-night-october-26-2019,UFC on ESPN+ 20: Maia vs. Askren,499
60322-ufc-244,fd87b1bbfcde9d5e,76599,1771,ufc-244,UFC 244: Masvidal vs. Diaz,500
61626-ufc-on-espn-21,8d5daf67983b65ba,79823,1795,ufc-fight-night-november-9-2019,UFC on ESPN+ 21: Magomedsharipov vs. Kattar,501
60323-ufc-on-espn-21,81ca2c245b19b3c5,76601,1755,ufc-fight-night-november-16-2019,UFC on ESPN+ 22: Blachowicz vs. Jacare,502
60325-ufc-on-espn-6,b09890ba7ce1d1e2,76605,1785,ufc-fight-night-december-7-2019,UFC on ESPN 7: Overeem vs. Rozenstruik,503
60326-ufc-245,4565d435005319c0,76607,1787,ufc-245,UFC 245: Usman vs. Covington,504
60327-ufc-on-espn-23,74fefd43f073cd2f,76609,1803,ufc-fight-night-december-21-2019,UFC on ESPN+ 23: Edgar vs. Korean Zombie,505
63997-ufc-fight-night,0c1773639c795466,82425,1839,ufc-246,UFC 246: McGregor vs. Cerrone,506
64361-ufc-on-espn-24,44aa652b181bcf68,82247,1841,ufc-fight-night-raleigh-january-25-blaydes-jds,UFC on ESPN+ 24: Blaydes vs. Dos Santos,507
64388-ufc-on-espn,b26d3e3746fb4024,82427,1837,ufc-247,UFC 247: Jones vs. Reyes,508
64635-ufc-on-espn,5df17b3620145578,82977,1848,ufc-fight-night-february-15-2020,UFC on ESPN+ 25: Anderson vs. Błachowicz 2,509
64478-ufc-on-espn,33b2f68ef95252e0,82983,1846,ufc-fight-night-february-23-2020,UFC on ESPN+ 26: Felder vs. Hooker,510
65142-ufc-on-espn-27,fc9a9559a05f2704,83479,1862,ufc-fight-night-norfolk-february-29-2020,UFC on ESPN+ 27: Benavidez vs. Figueiredo,511
64599-ufc-248,0b5b6876c2a4723f,83251,1849,ufc-248,UFC 248: Adesanya vs. Romero,512
64600-ufc-on-espn-26,53278852bcd91e11,82429,1847,ufc-fight-night-march-14-2020,UFC on ESPN+ 28: Lee vs. Oliveira,513
66312-ufc-250,898337ef520fe4d3,84357,1875,ufc-249,UFC 249: Ferguson vs. Gaethje,514
69126-ufc-fight-night,5f8e00c27b7e7410,86413,1876,ufc-fight-night-may-13-2020,UFC Fight Night: Smith vs. Teixeira,515
67412-ufc-on-espn-33,dfb965c9824425db,85255,1908,ufc-fight-night-may-16-2020,UFC Fight Night: Overeem vs. Harris,516
69127-ufc-fight-night,14b9e0f2679a2205,86414,1910,ufc-fight-night-may-30-2020,UFC Fight Night: Woodley vs. Burns,517
67364-ufc-251,4c12aa7ca246e7a4,85345,1909,ufc-250,UFC 250: Nunes vs. Spencer,518
67562-ufc-on-espn,1e13936d708bcff7,85485,1898,ufc-fight-night-june-13-2020,UFC Fight Night: Eye vs. Calvillo,519
67608-ufc-on-espn,2eab7a6c8b0ed8cc,85753,1897,ufc-fight-night-2020,UFC Fight Night: Blaydes vs. Volkov,520
67596-ufc-on-espn,c32eab6c2119e989,85439,1895,ufc-fight-night-june-27-2020,UFC Fight Night: Poirier vs. Hooker,521
67725-ufc-252,dbd198f780286aca,86573,1890,ufc-251,UFC 251: Usman vs. Masvidal,522
70017-ufc-fight-night,18f5669a92e99d92,86749,1917,ufc-fight-night-july-15-2020,UFC Fight Night: Kattar vs. Ige,523
69705-ufc-fight-night,ddbd0d6259ce57cc,86639,1913,ufc-fight-night-july-18-2020,UFC Fight Night: Figueiredo vs. Benavidez 2,524
69764-ufc-fight-night,dde70a112e053a6c,86682,1903,ufc-fight-night-july-25-2020,UFC Fight Night: Whittaker vs. Till,525
69945-ufc-fight-night,3746e21bb508391a,86792,1918,ufc-fight-night-august-01-2020,UFC Fight Night: Brunson vs. Shahbazyan,526
70216-ufc-fight-night,7a82635ffa9b59fe,86828,1885,ufc-fight-night-august-08-2020,UFC Fight Night: Lewis vs. Oleinik,527
67159-ufc-on-espn,bda04c573563cc2e,85053,1919,ufc-252,UFC 252: Miocic vs. Cormier 3,528
70108-ufc-fight-night,af1e5c64b8663aa0,86802,1931,ufc-fight-night-august-22-2020,UFC Fight Night: Munhoz vs. Edgar,529
70174-ufc-fight-night,e29cf523ebd155c5,86829,1932,ufc-fight-night-august-29-2020,UFC Fight Night: Smith vs. Rakic,530
70907-ufc-fight-night,542db012217ecb83,87045,1953,ufc-fight-night-august-29-2020,UFC Fight Night: Overeem vs. Sakai,531
70698-ufc-fight-night,9c37681096c6f3a9,86969,1945,ufc-fight-night-september-12-2020,UFC Fight Night: Waterson vs. Hill,532
70810-ufc-fight-night,831b937811804dad,87021,1944,ufc-fight-night-september-19-2020,UFC Fight Night: Covington vs. Woodley,533
70105-ufc-253,e69c5ce12f4e762b,86797,1952,ufc-253,UFC 253: Adesanya vs. Costa,534
71155-ufc-fight-night,805ad1801eb26abb,87223,1970,ufc-fight-night-october-03-2020,UFC Fight Night: Holm vs. Aldana,535
71622-ufc-fight-night,fd4578cac86d75ca,87307,1965,ufc-fight-night-october-10-2020,UFC Fight Night: Moraes vs. Sandhagen,536
71447-ufc-fight-night,d4f364dd076bb0e2,87277,1971,ufc-fight-night-october-17-2020,UFC Fight Night: Ortega vs. Korean Zombie,537
70869-ufc-255,c3c38c86f5ab9b5c,87041,1958,ufc-254,UFC 254: Khabib vs. Gaethje,538
71817-ufc-fight-night,ad044be25c94dcfd,87364,1973,ufc-fight-night-october-31-2020,UFC Fight Night: Hall vs. Silva,539
71816-ufc-fight-night,41dca66f9dadfc86,87362,1974,ufc-fight-night-november-07-2020,UFC Fight Night: Santos vs. Teixeira,540
71846-ufc-fight-night,3bc27ec15facbcf3,87393,1981,ufc-fight-night-november-14-2020,UFC Fight Night: Felder vs. Dos Anjos,541
71715-ufc-255,bbb15f301e4a490a,87312,1967,ufc-255,UFC 255: Figueiredo vs. Perez,542
71907-ufc-fight-night-blaydes-vs-lewis,992c82450d96f726,87392,1979,ufc-fight-night-november-28-2020,UFC Fight Night: Smith vs. Clark,543
71961-ufc-fight-night,398b440e73d55b8b,87402,1982,ufc-fight-night-december-05-2020,UFC Fight Night: Hermansson vs. Vettori,544
71960-ufc-256,d0d43cb9b14f231c,87401,1983,ufc-256,UFC 256: Figueiredo vs. Moreno,545
72974-ufc-fight-night,e49c2db95e572dc8,87646,2000,ufc-fight-night-december-19-2020,UFC Fight Night: Thompson vs. Neal,546
73220-ufc-fight-night,307064d3e0f036c2,87759,2009,ufc-fight-night-january-16-2021,UFC on ABC 1: Holloway vs. Kattar,547
74598-ufc-fight-night,56116537d71a578c,88171,2044,ufc-fight-night-january-20-2021,UFC Fight Night: Chiesa vs. Magny,548
73413-ufc-257,4304992c2acc187b,87798,2016,ufc-257,UFC 257: Poirier vs. McGregor 2,549
73411-ufc-fight-night,a1153013cb5f628f,87802,2029,ufc-fight-night-february-6-2021,UFC Fight Night: Overeem vs. Volkov,550
73379-ufc-fight-night,3f7c14c7eca7195d,87797,2033,ufc-258,UFC 258: Usman vs. Burns,551
74141-ufc-fight-night,bfe95ec546692b13,88022,2035,ufc-fight-night-february-20-2021,UFC Fight Night: Blaydes vs. Lewis,552
73679-ufc-fight-night,81b57acd6975ac06,87903,2039,ufc-fight-night-february-27-2021,UFC Fight Night: Rozenstruik vs. Gane,553
74079-ufc-fight-night,6e2b1d631832921d,88003,2038,ufc-259,UFC 259: Błachowicz vs. Adesanya,554
74857-ufc-fight-night,8c90c1563972e44d,88284,2048,ufc-fight-night-march-13-2021,UFC Fight Night: Edwards vs. Muhammad,555
74572-ufc-fight-night,c36e1f4fa755ffb4,88172,2053,ufc-fight-night-march-20-2021,UFC Fight Night: Brunson vs. Holland,556
75458-ufc-fight-night,6597b611f1c32555,88377,2055,ufc-260,UFC 260: Miocic vs. N'Gannou 2,557
75229-ufc-fight-night,9114c8ded5ccd71d,88319,2061,ufc-fight-night-april-10-2021,UFC on ABC 2: Vettori vs. Holland,558
76103-ufc-fight-night,4a35913bd9aa4161,88505,2062,ufc-fight-night-april-17-2021,UFC Fight Night: Whittaker vs. Gastelum,559
76694-ufc-fight-night,27541033b97c076d,88587,2087,ufc-261,UFC 261: Usman vs. Masvidal 2,560
76888-ufc-fight-night,d57e6a8971b6d2bd,88625,2074,ufc-fight-night-may-01-2021,UFC Fight Night: Reyes vs. Procházka,561
76941-ufc-fight-night,58a36b4ccf5dc30e,88639,2075,ufc-fight-night-may-08-2021,UFC Fight Night: Rodriguez vs. Waterson,562
77263-ufc-fight-night,744f50016c39c26c,88694,2086,ufc-262,UFC 262: Oliveira vs. Chandler,563
77264-ufc-fight-night,277ffed20cf07aea,88695,2085,ufc-fight-night-may-22-2021,UFC Fight Night: Font vs. Garbrandt,564
77692-ufc-fight-night,3b2485c8d5c8b580,88821,2108,ufc-fight-night-june-05-2021,UFC Fight Night: Rozenstruik vs. Sakai,565
77570-ufc-263,0b64d0fed453ef7f,88760,2115,ufc-263,UFC 263: Adesanya vs. Vettori 2,566
77656-ufc-fight-night,9ddfb3369a3b0394,88795,2130,ufc-fight-night-june-19-2021,UFC Fight Night: Korean Zombie vs. Ige,567
77763-ufc-fight-night,a1d6b308781aa2f5,88824,2109,ufc-fight-night-june-26-2021,UFC Fight Night: Gane vs. Volkov,568
78106-ufc-264,8a0be41c0380188d,88969,2127,ufc-264,UFC 264: Poirier vs. McGregor 3,569
78130-ufc-fight-night,40389d39a92f5bfa,88983,2139,ufc-fight-night-july-17-2021,UFC Fight Night: Makhachev vs. Moisés,570
78477-ufc-fight-night,e57f0b06ea39e360,89119,2137,ufc-fight-night-july-24-2021,UFC Fight Night: Sandhagen vs. Dillashaw,571
78698-ufc-fight-night,320edfb0332b7073,89161,2165,ufc-fight-night-july-31-2021,UFC Fight Night: Hall vs. Strickland,572
78675-ufc-265,972197a8c61ac413,89140,2142,ufc-265,UFC 265: Lewis vs. Gane,573
79118-ufc-fight-night,2f13e4020cea5b38,89378,2166,ufc-fight-night-august-21-2021,UFC Fight Night: Cannonier vs. Gastelum,574
79108-ufc-fight-night,0db9d2486d564a3c,89337,2251,ufc-fight-night-august-28-2021,UFC Fight Night: Barboza vs. Chikadze,575
79654-ufc-fight-night,b9532d815060de7f,89657,2213,ufc-fight-night-september-04-2021,UFC Fight Night: Brunson vs. Till,576
79258-ufc-fight-night,4c27ca8c8481f79a,89440,2171,ufc-fight-night-september-18-2021,UFC Fight Night: Smith vs. Spann,577
78601-ufc-266,0eec866a077889f0,89141,2177,ufc-266,UFC 266: Volkanovski vs. Ortega,578
79693-ufc-fight-night,e15d0a2519d6a0b5,89377,2167,ufc-fight-night-october-02-2021,UFC Fight Night: Santos vs. Walker,579
80131-ufc-fight-night,d247691a6c0e9034,89818,2173,ufc-fight-night-october-09-2021,UFC Fight Night: Dern vs. Rodriguez,580
80539-ufc-fight-night,8f4616698508f24d,89887,2178,ufc-fight-night-october-16-2021,UFC Fight Night: Ladd vs. Dumont,581
81267-ufc-fight-night,8a9c6c4301f6d088,89999,2203,ufc-fight-night-october-23-2021,UFC Fight Night: Costa vs. Vettori,582
80222-ufc-267,3974fa35c917af1d,89819,2217,ufc-267,UFC 267: Błachowicz vs. Teixeira,583
81402-ufc-268-usman-vs-covington-2,48e093ea1f43a053,90043,2246,ufc-268,UFC 268: Usman vs. Covington 2,584
81601-ufc-fight-night,b5abaa65f87938eb,90118,2224,ufc-fight-night-november-13-2021,UFC Fight Night: Holloway vs. Rodriguez,585
81602-ufc-fight-night,c95fbc085e17a532,90119,2237,ufc-fight-night-november-20-2021,UFC Fight Night: Vieira vs. Tate,586
82179-ufc-fight-night,509697e08673d2e5,90320,2259,ufc-fight-night-december-04-2021,UFC Fight Night: Font vs. Aldo,587
81603-ufc-fight-night,ef927e4fe2117ab8,90120,2279,ufc-269,UFC 269: Oliveira vs. Poirier,588
82070-ufc-fight-night,2a470ad41c22c25a,90256,2286,ufc-fight-night-december-18-2021,UFC Fight Night: Lewis vs. Daukaus,589
82805-ufc-fight-night,f5585e675af7afd4,90552,2320,ufc-fight-night-january-15-2022,UFC Fight Night: Kattar vs. Chikadze,590
82993-ufc-270,335ad945324c3a2e,90612,2322,ufc-270,UFC 270: N'Gannou vs. Gane,591
83125-ufc-fight-night,883922e5cd6d8473,90688,2430,ufc-fight-night-february-05-2022,UFC Fight Night: Hermansson vs. Strickland,592
83288-ufc-271,cbb682f5fcc44bfc,90742,2338,ufc-271,UFC 271: Adesanya vs. Whittaker 2,593
83406-ufc-fight-night,77940e45bc86208e,90843,2413,ufc-fight-night-february-19-2022,UFC Fight Night: Walker vs. Hill,594
83426-ufc-fight-night,f6a7b02c42e9fc5b,90846,2343,ufc-fight-night-february-26-2022,UFC Fight Night: Makhachev vs. Green,595
84662-ufc-fight-night,75e0d3cc2262b732,91278,2380,ufc-272,UFC 272: Covington vs. Masvidal,596
84364-ufc-fight-night,1f9344211ca7fd60,91131,2414,ufc-fight-night-march-12-2022,UFC Fight Night: Santos vs. Ankalaev,597
83999-ufc-fight-night,1d00756835ca67c9,91036,2376,ufc-fight-night-march-19-2022,UFC Fight Night: Volkov vs. Aspinall,598
84285-ufc-fight-night,1fac46d466abd5b8,91130,2391,ufc-fight-night-march-26-2022,UFC Fight Night: Blaydes vs. Daukaus,599
85306-ufc-fight-night,3a97fda0de6f1fa4,91679,2411,ufc-273,UFC 273: Volkanovski vs. Korean Zombie,600
85814-ufc-fight-night,8753e125f4499816,91735,2412,ufc-fight-night-april-16-2022,UFC Fight Night: Luque vs. Muhammad 2,601
86013-ufc-fight-night,236a37d96d476164,91797,2435,ufc-fight-night-april-23-2022,UFC Fight Night: Lemos vs. Andrade,602
86142-ufc-fight-night,6bf5a7d3e081ade2,91854,2474,ufc-fight-night-april-30-2022,UFC Fight Night: Font vs. Vera,603
85253-ufc-274,253d3f9e97ca149a,91512,2422,ufc-274,UFC 274: Oliveira vs. Gaethje,604
85916-ufc-fight-night,60ba33c3f555a7a3,91795,2418,ufc-fight-night-may-14-2022,UFC Fight Night: Błachowicz vs. Rakić,605
86509-ufc-fight-night,a6c32678efd4f434,91978,2428,ufc-fight-night-may-21-2022,UFC Fight Night: Holm vs. Vieira,606
86746-ufc-fight-night,57591bbf1623574e,92057,2441,ufc-fight-night-june-04-2022,UFC Fight Night: Volkov vs. Rozenstruik,607
87286-ufc-275-teixeira-vs-prochazka,3a24769a4855040a,92186,2561,ufc-275,UFC 275: Teixeira vs. Procházka,608
88108-ufc-fight-night,a0a680fe2f6cc8e6,92670,2523,ufc-fight-night-june-18-2022,UFC Fight Night: Kattar vs. Emmett,609
87971-ufc-fight-night,eb42d4febfafefd1,92636,2574,ufc-fight-night-june-25-2022,UFC Fight Night: Tsarukyan vs. Gamrot,610
87604-ufc-276,4a9e305633f3ef47,91882,2478,ufc-276,UFC 276: Adesanya vs. Cannonier,611
88397-ufc-fight-night,31da66df48c0c1a0,92738,2501,ufc-fight-night-july-09-2022,UFC Fight Night: Dos Anjos vs. Fiziev,612
88485-ufc-fight-night,8fd76e1b49c00ae2,92792,2524,ufc-fight-night-july-16-2022,UFC on ABC 3: Ortega vs. Rodriguez,613
88711-ufc-fight-night,319c15b8aac5bfde,92906,2519,ufc-fight-night-july-23-2022,UFC Fight Night: Blaydes vs. Aspinall,614
87975-ufc-fight-night,b0a6124751a56bc4,92633,2517,ufc-277,UFC 277: Peña vs. Nunes 2,615
89111-ufc-fight-night-santos-vs-hill,8f6a18831a120817,93076,2534,ufc-fight-night-august-06-2022,UFC Fight Night: Santos vs. Hill,616
89355-ufc-fight-night,a23e63184c65f5b8,93192,2552,ufc-fight-night-august-13-2022,UFC Fight Night: Vera vs. Cruz,617
89354-ufc-fight-night,4f853e98886283cf,93201,2545,ufc-278,UFC 278: Usman vs. Edwards 2,618
88967-ufc-fight-night,00a905a4a4a2b071,93036,2518,ufc-fight-night-september-03-2022,UFC Fight Night: Gane vs. Tuivasa,619
89492-ufc-fight-night,93bf96be327fcd98,93247,2541,ufc-279,UFC 279: Diaz vs. Ferguson,620
90191-ufc-fight-night,8d477c3fbe001f9d,93612,2569,ufc-fight-night-september-17-2022,UFC Fight Night: Sandhagen vs. Song,621
89894-ufc-fight-night,4f670b7972fa0a2e,93426,2489,ufc-fight-night-october-01-2022,UFC Fight Night: Dern vs. Yan,622
90713-ufc-fight-night,49c29e57d4e2be6f,93809,2579,ufc-fight-night-october-15-2022,UFC Fight Night: Grasso vs. Araujo,623
87755-ufc-281,885e7f70dcac0007,92490,2586,ufc-280,UFC 280: Oliveira vs. Makhachev,624
91651-ufc-fight-night,be5aab761c40ef35,94044,2606,ufc-fight-night-october-29-2022,UFC Fight Night: Kattar vs. Allen,625
91921-ufc-fight-night,756f45905fb20cb5,94043,2612,ufc-fight-night-november-05-2022,UFC Fight Night: Rodriguez vs. Lemos,626
91828-ufc-281,b3b6e80b7d5f8f0d,94041,2529,ufc-281,UFC 281: Adesanya vs. Pereira,627
91976-ufc-fight-night,012fc7cd0779c09a,94045,2633,ufc-fight-night-november-19-2022,UFC Fight Night: Nzechukwu vs. Cuțelaba,628
91801-ufc-fight-night,b23388ff8ac6637b,94046,2607,ufc-fight-night-december-03-2022,UFC Fight Night: Thompson vs. Holland,629
92214-ufc-282,f65a0eb902f9476b,94042,2621,ufc-282,UFC 282: Błachowicz vs. Ankalaev,630
92365-ufc-fight-night,56ec58954158966a,94047,2632,ufc-fight-night-december-17-2022,UFC Fight Night: Cannonier vs. Strickland,631
93279-ufc-fight-night,2e2cdb6e9eb84bb9,94946,2666,ufc-fight-night-january-14-2023,UFC Fight Night: Strickland vs. Imavov,632
92055-ufc-283,5717efc6f271cd52,94331,2635,ufc-283,UFC 283: Teixeira vs. Hill,633
93977-ufc-fight-night,d26394fc0e8e880a,95166,2747,ufc-fight-night-february-04-2023,UFC Fight Night: Lewis vs. Spivac,634
93764-ufc-284,01dd4cdc2446f665,95031,2710,ufc-284,UFC 284: Makhachev vs. Volkanovski,635
94589-ufc-fight-night,f21a3d68fb9df387,95326,2700,ufc-fight-night-february-18-2023,UFC Fight Night: Andrade vs. Blanchfield,636
95023-ufc-fight-night,806975e1b4f47b27,95560,2709,ufc-fight-night-february-25-2023,UFC Fight Night: Muniz vs. Allen,637
94418-ufc-285,1ccff7f0cfdf85eb,95232,2738,ufc-285,UFC 285: Jones vs. Gane,638
95455-ufc-fight-night-smith-vs-hill,35080a7f406f9ab3,95615,2719,ufc-fight-night-march-11-2023,UFC Fight Night: Yan vs. Dvalishvili,639
95408-ufc-286,e4bb7e483c4ad318,95795,2746,ufc-286,UFC 286: Edwards vs. Usman 3,640
96078-ufc-fight-night,aec273fcb765330d,95704,2724,ufc-fight-night-march-25-2023,UFC Fight Night: Vera vs. Sandhagen,641
96871-ufc-287,3dc3022232b79c7a,96031,2760,ufc-287,UFC 287: Pereira vs Adesanya 2,642
97461-ufc-fight-night,15b1b21cd743d652,96235,2796,ufc-fight-night-april-15-2023,UFC Fight Night: Holloway vs. Allen,643
97433-ufc-fight-night,6fb1ba67bef41b37,96236,2770,ufc-fight-night-april-22-2023,UFC Fight Night: Pavlovich vs. Blaydes,644
97740-ufc-fight-night,51b1e2fd9872005b,96350,2776,ufc-fight-night-april-29-2023,UFC Fight Night: Song vs. Simón,645
97782-ufc-fight-night,3c6976f8182d9527,96351,2777,ufc-288,UFC 288: Sterling vs. Cejudo,646
98223-ufc-fight-night,901cddcbfa079097,96527,2850,ufc-fight-night-may-13-2023,UFC on ABC 4: Rozenstruik vs. Almeida,647
98571-ufc-fight-night,6f812143641ceff8,96689,2807,ufc-fight-night-may-20-2023,UFC Fight Night: Dern vs. Hill,648
99119-ufc-fight-night,7abe471b61725980,96960,2870,ufc-fight-night-june-03-2023,UFC Fight Night: Kara-France vs. Albazi,649
99346-ufc-289,b6c6d1731ff00eeb,97020,2830,ufc-289,UFC 289: Nunes vs. Aldana,650
99705-ufc-fight-night,b9415726dc3ec526,97116,2849,ufc-fight-night-june-17-2023,UFC Fight Night: Vettori vs. Cannonier,651
99780-ufc-fight-night,a780d16cf7eed44d,97149,2848,ufc-fight-night-june-24-2023,UFC on ABC 5: Emmett vs. Topuria,652
100452-ufc-fight-night,e9e1acc96536bb4f,97462,2871,ufc-fight-night-july-01-2023,UFC Fight Night: Strickland vs. Magomedov,653
98868-ufc-290,6085ceb59087514b,96757,2921,ufc-290,UFC 290: Volkanovski vs. Rodriguez,654
100553-ufc-fight-night,c9885b1b7c7055a0,97533,2891,ufc-fight-night-july-15-2023,UFC Fight Night: Holm vs. Bueno Silva,655
99813-ufc-fight-night,1174782eacde9b0c,97203,2886,ufc-fight-night-july-22-2023,UFC Fight Night: Aspinall vs. Tybura,656
101214-ufc-291,ccd58ff71e260ed5,97463,2900,ufc-291,UFC 291: Poirier vs. Gaethje 2,657
101342-ufc-fight-night,6f81b6de2557739a,97864,2936,ufc-fight-night-august-05-2023,UFC Fight Night: Sandhagen vs. Font,658
101163-ufc-fight-night,d2fa318f34d0aadc,97766,2905,ufc-fight-night-august-12-2023,UFC Fight Night: Luque vs. Dos Anjos,659
101022-ufc-292,2719f300b0439039,97584,2899,ufc-292,UFC 292: Sterling vs. O'Malley,660
101389-ufc-fight-night,89a407032911e27e,98155,2935,ufc-fight-night-august-26-2023,UFC Fight Night: Holloway vs. Korean Zombie,661
102007-ufc-fight-night,ef61d9f5176b3200,98110,2934,ufc-fight-night-september-02-2023,UFC Fight Night: Gane vs. Spivac,662
101315-ufc-293,ece280745f8727b8,98049,3009,ufc-293,UFC 293: Adesanya vs. Strickland,663
101864-ufc-fight-night,8fa2b06572365321,98051,3020,ufc-fight-night-september-16-2023,UFC Fight Night: Grasso vs. Shevchenko 2,664
101865-ufc-fight-night,c945adc22c2bfe8f,98052,2967,ufc-fight-night-september-23-2023,UFC Fight Night: Fiziev vs. Gamrot,665
101866-ufc-fight-night,c8a49ff2acb6f3c5,98053,3043,ufc-fight-night-october-07-2023,UFC Fight Night: Dawson vs. Green,666
103212-ufc-fight-night,f3a078277b3b8ff4,98595,3052,ufc-fight-night-october-14-2023,UFC Fight Night: Yusuff vs. Barboza,667
99416-ufc-294,13a0fb8fbdafb54f,97019,2908,ufc-294,UFC 294: Makhachev vs. Volkanovski 2,668
101863-ufc-fight-night,7c4ec656d8fcb867,98060,2988,ufc-fight-night-november-04-2023,UFC Fight Night: Almeida vs. Lewis,669
102959-ufc-295-jones-vs-miocic,5a558ba1ff5e9121,98494,3004,ufc-295,UFC 295: Procházka vs. Pereira,670
101867-ufc-fight-night,3feed7d02711d8b7,98054,3105,ufc-fight-night-november-18-2023,UFC Fight Night: Allen vs. Craig,671
104486-ufc-fight-night,53e4e21f4c688801,99135,3107,ufc-fight-night-december-02-2023,UFC Fight Night: Dariush vs. Tsarukyan,672
105194-ufc-fight-night,5ef0088c1b19beeb,99468,3133,ufc-fight-night-december-09-2023,UFC Fight Night: Song vs. Gutierrez,673
101868-ufc,a8e8587a06e73c87,98050,3053,ufc-296,UFC 296: Edwards vs. Covington,674
105485-ufc-fight-night,010986ee359fb863,99605,3123,ufc-fight-night-january-13-2024,UFC Fight Night: Ankalaev vs. Walker 2,675
105840-ufc-297,bd85ca0bb4f26cfc,99740,3106,ufc-297,UFC 297: Strickland vs. Du Plessis,676
106801-ufc-fight-night,cce79e827569f26e,100145,3160,ufc-fight-night-february-03-2024,UFC Fight Night: Dolidze vs. Imavov,677
107367-ufc-fight-night,eaea0fc7b76525a8,100402,3163,ufc-fight-night-february-10-2024,UFC Fight Night: Hermansson vs. Pyfer,678
107060-ufc-298,dab0e6cb8c932162,100286,3112,ufc-298,UFC 298: Volkanovski vs. Topuria,679
107471-ufc-fight-night,902ab9197b83d0db,100468,3162,ufc-fight-night-february-24-2024,UFC Fight Night: Moreno vs. Royval 2,680
106064-ufc-fight-night,e4a9dbade7c7e1a7,100072,3193,ufc-fight-night-march-02-2024,UFC Fight Night: Rozenstruik vs. Gaziev,681
107061-ufc-299,a9df5ae20a97b090,100287,3155,ufc-299,UFC 299: O'Malley vs. Vera 2,682
108288-ufc-fight-night,c398235fcaf8d71d,100734,3206,ufc-fight-night-march-16-2024,UFC Fight Night: Tuivasa vs. Tybura,683
108462-ufc-fight-night,79ff6545b0abc685,100735,3174,ufc-fight-night-march-23-2024,UFC Fight Night: Ribas vs. Namajunas,684
107896-ufc-fight-night,dba230fe33011201,100718,3173,ufc-fight-night-march-30-2024,UFC Fight Night: Blanchfield vs. Fiorot,685
108721-ufc-fight-night,899eaba48fa864a6,100903,3230,ufc-fight-night-april-06-2024,UFC Fight Night: Allen vs. Curtis 2,686
108579-ufc-300,6750e338922a099d,100836,3205,ufc-300,UFC 300: Pereira vs. Hill,687
109627-ufc-fight-night,a16ce18149021139,101241,3252,ufc-fight-night-april-27-2024,UFC Fight Night: Nicolau vs. Perez,688
109604-ufc-fight-night,981ab7a0576f76a0,101242,3271,ufc-301,UFC 301: Pantoja vs. Erceg,689
110365-ufc-fight-night,5dfe71ade71f3a4b,101616,3238,ufc-fight-night-may-11-2024,UFC Fight Night: Lewis vs. Nascimento,690
110359-ufc-fight-night,46baf0f57edfa4df,101602,3290,ufc-fight-night-may-18-2024,UFC Fight Night: Barboza vs. Murphy,691
110366-ufc-302,6e4acc2c115215b5,101617,3270,ufc-302,UFC 302: Makhachev vs. Poirier,692
111458-ufc-fight-night,cba3a2dfbc06ce79,102220,3313,ufc-fight-night-june-08-2024,UFC Fight Night: Cannonier vs. Imavov,693
111669-ufc-fight-night,9c5828c6fd9dc948,102196,3318,ufc-fight-night-june-15-2024,UFC Fight Night: Perez vs. Taira,694
109963-ufc-fight-night,b12a1d19ee383b7c,101352,3277,ufc-fight-night-june-22-2024,UFC Fight Night: Whittaker vs. Aliskerov,695
109011-ufc,f3743d8ef5dde970,101573,3283,ufc-303,UFC 303: Pereira vs. Procházka 2,696
111798-ufc-fight-night,66e0a70352fef46a,102307,3363,ufc-fight-night-july-13-2024,UFC Fight Night: Namajunas vs. Cortez,697
112783-ufc-fight-night,c11036da9162cb5f,102684,3372,ufc-fight-night-july-20-2024,UFC Fight Night: Lemos vs. Jandiroba,698
112936-ufc-304,026b4f7049085842,102683,3307,ufc-304,UFC 304: Edwards vs. Muhammad 2,699
111167-ufc-fight-night,fe435e440b5de0ff,101959,3320,ufc-fight-night-august-03-2024,UFC Fight Night: Sandhagen vs. Nurmagomedov,700
112784-ufc-fight-night,2c733e059462c1dc,102682,3406,ufc-fight-night-august-10-2024,UFC Fight Night: Tybura vs. Spivac 2,701
111885-ufc-305,32ba186f4b0e3267,102302,3350,ufc-305,UFC 305: Du Plessis vs. Adesanya,702
114902-ufc-fight-night,be8ad887e4d674b0,103286,3414,ufc-fight-night-august-24-2024,UFC Fight Night: Cannonier vs. Borralho,703
114678-ufc-fight-night,ee0b69e307c857e5,103192,3362,ufc-fight-night-september-07-2024,UFC Fight Night: Burns vs. Brady,704
110826-ufc-306,0c01568b1ac77bff,100837,3371,riyadh-season-noche-ufc,UFC 306: O'Malley vs. Dvalishvili,705
111674-ufc-fight-night,079488710f012779,102194,3427,ufc-fight-night-september-28-2024,UFC Fight Night: Moicano vs. Saint-Denis,706
116146-ufc-307,eee8efec7b951d84,103193,3433,ufc-307,UFC 307: Pereira vs. Rountree,707
115961-ufc-fight-night,5bdcbd8dd681a257,103715,3500,ufc-fight-night-october-12-2024,UFC Fight Night: Royval vs. Taira,708
116368-ufc-fight-night,6a0047ac8c99fece,103837,3513,ufc-fight-night-october-19-2024,UFC Fight Night: Pereira vs. Hernandez,709
112501-ufc-308,221b2a3070c7ce3e,102482,3412,ufc-308,UFC 308: Topuria vs. Holloway,710
116421-ufc-fight-night,3ab0df1ddd5f1dc2,103864,3450,ufc-fight-night-november-02-2024,UFC Fight Night: Moreno vs. Albazi,711
116440-ufc-fight-night,585f9ffdb0cd0466,103893,3531,ufc-fight-night-november-09-2024,UFC Fight Night: Magny vs. Prates,712
116669-ufc-309,daff32bc96d1eabf,103896,3476,ufc-309,UFC 309: Jones vs. Miocic,713
116899-ufc-fight-night,e955046551f8c7dd,104112,3549,ufc-fight-night-november-23-2024,UFC Fight Night: Yan vs. Figueiredo,714
116766-ufc-310,ad23903ef3af7406,103714,3522,ufc-310,UFC 310: Pantoja vs. Asakura,715
116905-ufc-fight-night,72c9c2eadfc3277e,104113,3544,ufc-fight-night-december-14-2024,UFC Fight Night: Covington vs. Buckley,716
