id,name,date,location,is_ufc_event,temp_order
227,UFC on Fox 7 Henderson vs. Melendez,2013-04-20,"San Jose, California",1,
173,UFC 159 - Jones vs. Sonnen,2013-04-27,"Newark, New Jersey",1,
151,UFC on FX 8 - Belfort vs. Rockhold,2013-05-18,"Santa Catarina, Brazil",1,
150,UFC 160 - Velasquez vs. Bigfoot 2,2013-05-25,"Las Vegas, Nevada",1,
147,UFC on Fuel TV 10 - Nogueira vs. Werdum,2013-06-08,"Fortaleza, Brazil",1,
146,UFC 161 - Evans vs. Henderson,2013-06-15,"Winnipeg, Canada",1,
145,UFC 162 - Silva vs. Weidman,2013-07-06,"Las Vegas, Nevada",1,
144,UFC on Fox 8 - Johnson vs. Moraga,2013-07-27,"Washington, USA",1,
143,UFC 163 - Aldo vs. Korean Zombie,2013-08-03,"Rio de Janeiro, Brazil",1,
142,UFC Fight Night 26 - Shogun vs. Sonnen,2013-08-17,"Boston, Massachusetts",1,
141,UFC Fight Night 27 - Condit vs. Kampmann 2,2013-08-28,"Indianapolis, United States",1,
140,UFC 164 - Henderson vs. Pettis 2,2013-08-31,"Milwaukee, United States",1,
139,UFC Fight Night 28 - Teixeira vs. Bader,2013-09-04,"Belo Horizonte, Brazil",1,
138,UFC 165 - Jones vs. Gustafsson,2013-09-21,"Toronto, Canada",1,
137,UFC Fight Night 29 - Maia vs. Shields,2013-10-09,"Sao Paulo, Brazil",1,
136,UFC 166 - Velasquez vs. dos Santos 3,2013-10-19,"Houston, Texas",1,
135,UFC Fight Night 30 - Machida vs. Munoz,2013-10-26,"Manchester, England",1,
116,UFC - Fight for the Troops 3,2013-11-06,"Hopkinsville, Kentucky",1,
115,UFC Fight Night 32 - Belfort vs. Henderson,2013-11-09,"Goiania, Brazil",1,
114,UFC 167 - St. Pierre vs. Hendricks,2013-11-16,Las Vegas,1,
113,UFC - The Ultimate Fighter 18 Finale,2013-11-30,Las Vegas,1,
112,UFC Fight Night 33 - Hunt vs. Bigfoot,2013-12-07,"Brisbane, Australia",1,
111,UFC on Fox 9 - Johnson vs. Benavidez 2,2013-12-14,"Sacramento, California",1,
110,UFC 168 - Weidman vs. Silva 2,2013-12-28,Las Vegas,1,
109,UFC Fight Night 34 - Saffiedine vs. Lim,2014-01-04,"Marina Bay, Singapore",1,
108,UFC Fight Night 35 - Rockhold vs. Philippou,2014-01-15,"Duluth, Georgia",1,
107,UFC on Fox 10 - Henderson vs. Thomson,2014-01-25,"Chicago, Illinois",1,
106,UFC 169 - Barao vs. Faber 2,2014-02-01,"Newark, New Jersey",1,
105,UFC Fight Night 36 - Machida vs. Mousasi,2014-02-15,"Santa Catarina, Brazil",1,
104,UFC 170 - Rousey vs. McMann,2014-02-22,"Las Vegas, Nevada",1,
127,UFC - The Ultimate Fighter China Finale,2014-03-01,"Macau, China",1,
99,UFC Fight Night 37 - Gustafsson vs. Manuwa,2014-03-08,"London, England",1,
98,UFC 171 - Hendricks vs. Lawler,2014-03-15,"Dallas, Texas",1,
97,UFC Fight Night 38 - Shogun vs. Henderson 2,2014-03-23,"Natal, Brazil",1,
96,UFC Fight Night 39 - Nogueira vs. Nelson,2014-04-11,"Abu Dhabi, United Arab Emirates",1,
95,UFC - The Ultimate Fighter Nations Finale,2014-04-16,Quebec,1,
94,UFC on Fox 11 - Werdum vs. Browne,2014-04-19,"Orlando, Florida",1,
93,UFC 172 - Jones vs. Teixeira,2014-04-26,"Baltimore, Maryland",1,
92,UFC Fight Night 40 - Brown vs. Silva,2014-05-10,"Cincinnati, Ohio",1,
91,UFC 173 - Barao vs. Dillashaw,2014-05-24,Las Vegas,1,
90,UFC - The Ultimate Fighter Brazil 3 Finale,2014-05-31,"Sao Paulo, Brazil",1,
89,UFC Fight Night 41 - Munoz vs. Mousasi,2014-05-31,"Berlin, Germany",1,
88,UFC Fight Night 42 - Henderson vs. Khabilov,2014-06-07,"Albuquerque, New Mexico",1,
87,UFC 174 - Johnson vs. Bagautinov,2014-06-14,"Vancouver, Canada",1,
86,UFC Fight Night 43 - Te Huna vs. Marquardt,2014-06-28,"Auckland, New Zealand",1,
85,UFC Fight Night 44 - Swanson vs. Stephens,2014-06-28,"San Antonio, Texas",1,
84,UFC 175 - Weidman vs. Machida,2014-07-05,Las Vegas,1,
83,UFC - The Ultimate Fighter 19 Finale,2014-07-06,Las Vegas,1,
82,UFC Fight Night 45 - Cerrone vs. Miller,2014-07-16,"Atlantic City, New Jersey",1,
81,UFC Fight Night 46 - McGregor vs. Brandao,2014-07-19,"Dublin, Ireland",1,
79,UFC on Fox 12 - Lawler vs. Brown,2014-07-26,"San Jose, California",1,
78,UFC Fight Night 47 - Bader vs. St. Preux,2014-08-16,"Bangor, Maine",1,
77,UFC Fight Night 48 - Bisping vs. Le,2014-08-23,"Macau, China",1,
76,UFC Fight Night 49 - Henderson vs. dos Anjos,2014-08-23,"Tulsa, Oklahoma",1,
75,UFC 177 - Dillashaw vs. Soto,2014-08-30,"Sacramento, California",1,
74,UFC Fight Night 50 - Jacare vs. Mousasi 2,2014-09-05,"Mashantucket, Connecticut",1,
73,UFC Fight Night 51 - Bigfoot vs. Arlovski 2,2014-09-13,Brasilia,1,
72,UFC Fight Night 52 - Hunt vs. Nelson,2014-09-20,"Saitama, Japan",1,
71,UFC 178 - Johnson vs. Cariaso,2014-09-27,Las Vegas,1,
69,UFC Fight Night 54 - MacDonald vs. Saffiedine,2014-10-04,"Halifax, Nova Scotia",1,
70,UFC Fight Night 53 - Nelson vs. Story,2014-10-04,"Stockholm, Sweden",1,
68,UFC 179 - Aldo vs. Mendes 2,2014-10-25,Rio de Janeiro,1,
1,UFC Fight Night - Rockhold vs. Bisping,2014-11-07,"Sydney, Australia",1,1.0
2,UFC Fight Night - Shogun vs. St. Preux,2014-11-08,"Minas Gerais, Brazil",1,2.0
3,UFC 180 - Werdum vs. Hunt,2014-11-15,Mexico City,1,3.0
4,Belator 131 - Tito vs Bonnar,2014-11-15,San Diego,0,4.0
5,UFC Fight Night - Edgar vs. Swanson,2014-11-22,"Austin, Texas",1,5.0
6,UFC 181 - Hendricks vs. Lawler 2,2014-12-06,Las Vegas,1,6.0
7,UFC - The Ultimate Fighter 20 Finale,2014-12-12,Las Vegas,1,7.0
9,UFC on Fox 13 - Dos Santos vs. Miocic,2014-12-13,"Phoenix, Arizona",1,8.0
8,WSOF 16 - Palhares vs. Fitch,2014-12-13,"Sacramento, California",0,9.0
10,UFC Fight Night - Machida vs. Dollaway,2014-12-20,"Sao Paulo, Brazil",1,10.0
11,UFC 182 - Jones vs. Cormier,2015-01-03,"Las Vegas, Nevada",1,11.0
152,Bellator MMA - Bellator 132,2015-01-16,"Temecula, California",0,
153,WSOF 17 - Shields vs. Foster,2015-01-17,"Las Vegas, Nevada",0,
12,UFC Fight Night - McGregor vs. Siver,2015-01-18,"Boston, Massachusetts",1,12.0
13,UFC on Fox 14 - Gustafsson vs. Johnson,2015-01-24,"Stockholm, Sweden",1,13.0
14,UFC 183 - Silva vs. Diaz,2015-01-31,Las Vegas,1,14.0
154,WSOF 18 - Moraes vs. Hill,2015-02-12,"Edmonton, Canada",0,
155,Bellator 133 - Manhoef vs. Shlemenko,2015-02-13,"Fresno, California",0,
15,UFC Fight Night - Henderson vs Thatch,2015-02-14,"Broomfield, Colorado",1,15.0
16,UFC Fight Night - Mir vs. Bigfoot,2015-02-22,"Porto Alegre, Brazil",1,16.0
156,Bellator 134 - British Invasion,2015-02-27,"Uncasville, Connecticut",0,
17,UFC 184 - Rousey vs. Zingano,2015-02-28,Los Angeles,1,17.0
18,UFC 185 - Pettis vs. Dos Anjos,2015-03-14,Dallas,1,18.0
19,UFC Fight Night - Maia vs. LaFlare,2015-03-21,"Rio de Janeiro, Brazil",1,19.0
157,Bellator 135 - Warren vs. Galvao,2015-03-27,"Thackerville, Oklahoma",0,
158,WSOF 19 - Gaethje vs. Palomino,2015-03-28,"Phoenix, Arizona",0,
20,UFC Fight Night - Mendes vs. Lamas,2015-04-04,"Fairfax, Virginia",1,20.0
159,Bellator 136 - Brooks vs. Jansen,2015-04-10,"Irvine, California",0,
21,UFC Fight Night - Gonzaga vs. Cro Cop 2,2015-04-11,"Krakow, Poland",1,21.0
22,UFC on Fox 15 - Rockhold vs. Machida,2015-04-18,"Newark, New Jersey",1,22.0
23,UFC 186 - Johnson vs. Horiguchi,2015-04-25,"Montreal, Canada",1,23.0
24,UFC Fight Night - Hunt vs. Miocic,2015-05-09,"Adelaide, Australia",1,24.0
25,UFC Fight Night - Edgar vs. Faber,2015-05-16,Philippines,1,25.0
26,UFC 187 - Cormier vs. Johnson,2015-05-23,Las Vegas,1,26.0
27,UFC Fight Night - Condit vs. Alves,2015-05-30,"Goias, Brazil",1,27.0
160,WSOF 21 - Palmer vs. Horodecki,2015-06-05,"Edmonton, Canada",0,
28,UFC Fight Night - Boetsch vs. Henderson,2015-06-06,"New Orleans, USA",1,28.0
29,UFC 188 - Velasquez vs. Werdum,2015-06-13,Mexico City,1,29.0
30,UFC Fight Night - Jedrzejczyk vs. Penne,2015-06-20,"Berlin, Germany",1,30.0
31,UFC Fight Night - Machida vs. Romero,2015-06-27,Florida,1,31.0
161,Invicta FC 13 - Cyborg vs. Van Duin,2015-07-09,"Las Vegas, Nevada",0,
32,UFC 189 - McGregor vs. Mendes,2015-07-11,Las Vegas,1,32.0
33,UFC - The Ultimate Fighter 21 Finale,2015-07-12,Las Vegas,1,33.0
34,UFC Fight Night - Mir vs. Duffee,2015-07-15,San Diego,1,34.0
41,Bellator 140 - Lima vs. Koreshkov,2015-07-17,"Uncasville,Connecticut",0,35.0
35,UFC Fight Night - Bisping vs. Leites,2015-07-18,"Glasgow, Scotland",1,36.0
36,UFC on Fox 16 - Dillashaw vs. Barao 2,2015-07-25,"Chicago, Illinois",1,37.0
37,UFC 190 - Rousey vs. Correia,2015-08-01,"Rio de Janeiro, Brazil",1,38.0
43,WSOF 22 - Palhares vs. Shields,2015-08-01,Las Vegas,0,39.0
38,UFC Fight Night - St. Preux vs. Teixeira,2015-08-08,"Nashville, Tennessee",1,40.0
39,UFC Fight Night 74 - Holloway vs. Oliveira,2015-08-23,"Saskatchewan, Canada",1,41.0
53,Bellator 141 - Guillard vs. Girtz,2015-08-28,"Temecula, California",0,42.0
42,UFC 191 - Johnson vs. Dodson 2,2015-09-05,Las Vegas,1,43.0
162,WSOF 23 - Gaethje vs. Palomino 2,2015-09-18,"Phoenix, Arizona",0,
56,Bellator 142 - Dynamite,2015-09-19,"San Jose, California",0,44.0
57,Bellator 143: Davis vs. Warren,2015-09-25,Texas,0,45.0
40,UFC Fight Night - Barnett vs. Nelson,2015-09-26,"Saitama, Japan",1,46.0
44,UFC 192 - Cormier vs. Gustafsson,2015-10-03,"Houston, Texas",1,47.0
58,WSOF 24: Fitch vs. Okami,2015-10-17,Connecticut,0,48.0
60,Bellator 144: Halsey vs. Carvalho,2015-10-23,Connecticut,0,49.0
45,UFC Fight Night 76 - Holohan vs. Smolka,2015-10-24,"Dublin, Ireland",1,50.0
62,KSW 32 - Road to Wembley,2015-10-31,"Wembley Arena, London",0,51.0
63,Bellator 145 - Vengeance,2015-11-06,"St. Louis, Missouri",0,52.0
46,UFC Fight Night 77: Belfort vs. Henderson 3,2015-11-07,"Sao Paulo, Brazil",1,53.0
47,UFC 193 - Rousey vs. Holm,2015-11-14,"Melbourne, Australia",1,54.0
64,Bellator 146: Kato vs. Manhoef,2015-11-20,"Thackerville, Oklahoma",0,55.0
65,WSOF 25 - 8-Man Lightweight Tournament,2015-11-20,Phoenix,0,56.0
48,UFC Fight Night 78 - Magny vs. Gastelum,2015-11-21,"Monterrey, Mexico",1,57.0
49,UFC Fight Night 79 - Henderson vs. Masvidal,2015-11-28,"Seoul, South Korea",1,58.0
67,KSW 33 - Materla vs. Khalidov,2015-11-28,"Krakow, Poland",0,59.0
80,Bellator 147: Thomson vs. Villaseca,2015-12-04,"San Jose, California",0,60.0
55,UFC Fight Night - VanZant vs Namajunas,2015-12-10,Las Vegas,1,61.0
54,UFC - The Ultimate Fighter 22 Finale,2015-12-12,Las Vegas,1,62.0
50,UFC 194 - Aldo vs. McGregor,2015-12-12,Las Vegas,1,63.0
163,WSOF 26 - Palmer vs. Almeida,2015-12-18,"Las Vegas, Nevada",0,
51,UFC on Fox 17 - Dos Anjos vs. Cerrone 2,2015-12-19,"Orlando, Florida",1,64.0
117,Rizin FF - 2,2015-12-31,"Saitama, Japan",0,65.0
52,UFC 195 - Lawler vs Condit,2016-01-02,Las Vegas,1,66.0
164,Invicta FC 15 - Cyborg vs. Ibragimova,2016-01-16,"Costa Mesa, California",0,
61,UFC Fight Night - Dillashaw vs. Cruz,2016-01-17,Boston,1,67.0
118,WSOF 27: Firmino vs. Fodor,2016-01-23,"Memphis, Tennessee",0,68.0
122,Bellator 148 - Daley vs. Uhrich,2016-01-29,"Fresno, California",0,69.0
66,UFC on Fox 18 - Johnson vs. Bader,2016-01-30,"Newark, New Jersey",1,70.0
100,UFC Fight Night 82 - Hendricks vs. Thompson,2016-02-06,Las Vegas,1,71.0
128,Bellator 149: Shamrock vs. Gracie 3,2016-02-19,"Houston, Texas",0,72.0
101,UFC Fight Night 82 - Cerrone vs. Oliveira,2016-02-21,Pittsburgh,1,73.0
129,Bellator 150 - Galvao vs. Dantas 2,2016-02-26,Kansas,0,74.0
102,UFC Fight Night 84 - Silva vs. Bisping,2016-02-27,"London, England",1,75.0
149,Titan FC 37 - Simon vs. Dos Santos,2016-03-04,"Ridgefield, Washington",0,76.0
148,Bellator 151 - Warren vs. Caldwell,2016-03-04,"Thackerville, Oklahoma",0,77.0
119,UFC 196 - McGregor vs. Diaz,2016-03-05,Las Vegas,1,78.0
168,Invicta FC 16 - Hamasaki vs. Brown,2016-03-11,"Las Vegas, Nevada",0,79.0
169,WSOF 29 - Gaethje vs. Foster,2016-03-12,"Greeley, Colorado",0,80.0
120,UFC Fight Night 84 - Hunt vs. Mir,2016-03-19,"Brisbane, Australia",1,81.0
172,Legacy FC 52: Schnell vs. Mai,2016-03-26,"Lake Charles, Louisiana",0,82.0
174,WSOF 30: Branch vs. Starks,2016-04-03,"Las Vegas, Nevada",0,83.0
124,UFC Fight Night 86 - Zagreb,2016-04-10,"Zagreb, Croatia",1,84.0
123,UFC on Fox 19 - Teixeira vs. Evans,2016-04-16,"Tampa, Florida",1,85.0
175,Bellator 152 - Freire vs. Souza,2016-04-17,"Torino, Italy",0,86.0
178,Bellator 153 - Koreshkov vs. Henderson,2016-04-23,"Uncasville, Connecticut",0,87.0
126,UFC 197 - Jones vs. St Preux,2016-04-23,Las Vegas,1,88.0
179,Invicta FC 17: Evinger vs. Schneider,2016-05-07,"Costa Mesa, California",0,89.0
165,UFC Fight Night - Overeem vs. Arlovski,2016-05-08,"Rotterdam, Netherlands",1,90.0
121,UFC 198 - Werdum vs. Miocic,2016-05-14,"Curitiba, Brazil",1,91.0
182,Bellator 154 - Davis vs. King Mo,2016-05-15,"San Jose, California",0,92.0
183,Bellator 155 - Carvalho vs. Manhoef,2016-05-20,"Boise, Idaho",0,93.0
170,UFC Fight Night - Almeida vs. Garbrandt,2016-05-29,Las Vegas,1,94.0
166,UFC 199 - Rockhold vs Bisping 2,2016-06-04,"Los Angeles, California",1,95.0
187,Titan FC 39: Cavalcante vs. Healy,2016-06-10,"Coral Gables, Florida",0,96.0
188,Bellator 156 - Galvao vs. Dantas 2,2016-06-17,"Fresno, California",0,97.0
167,UFC Fight Night - MacDonald vs. Thompson,2016-06-18,"Ottawa, Canada",1,98.0
189,Bellator 157 - Dynamite 2,2016-06-24,"St. Louis, Missouri",0,99.0
176,UFC Fight Night - Dos Anjos vs. Alvarez,2016-07-07,Las Vegas,1,100.0
125,UFC - The Ultimate Fighter 23 Finale,2016-07-08,Las Vegas,1,101.0
171,UFC 200 - Tate vs. Nunes,2016-07-09,Las Vegas,1,102.0
180,UFC Fight Night 91 - McDonald vs. Lineker,2016-07-13,"Sioux Falls, South Dakota",1,103.0
193,Bellator 158 - Daley vs. Lima,2016-07-16,"London, England",0,104.0
177,UFC on Fox 20 - Holm vs. Shevchenko,2016-07-23,"Chicago, Illinois",1,105.0
195,Invicta FC 18 - Grasso vs. Esquibel,2016-07-29,Kansas City,0,106.0
181,UFC 201 - Lawler vs. Woodley,2016-07-30,"Atlanta, Georgia",1,107.0
190,UFC Fight Night 92 - Rodriguez vs. Caceres,2016-08-06,"Salt Lake City, Utah",1,108.0
184,UFC 202 - Diaz vs. McGregor 2,2016-08-20,"Las Vegas, Nevada",1,109.0
200,Bellator 160 Henderson vs. Pitbull,2016-08-26,"Los Angeles, California",0,110.0
191,UFC on Fox 21 - Condit vs. Maia,2016-08-27,"Vancouver, British Columbia",1,111.0
186,UFC Fight Night - Arlovski vs. Barnett,2016-09-03,Hamburg. Germany,1,112.0
185,UFC 203 - Miocic vs. Overeem,2016-09-10,"Cleveland, Ohio",1,113.0
201,Bellator 161 Kongo vs. Johnson,2016-09-16,"Cedar Park, Texas",0,114.0
194,UFC Fight Night 94 - Poirier vs. Johnson,2016-09-17,"Hidalgo, Texas",1,115.0
202,Invicta FC 19 Maia vs. Modafferi,2016-09-23,"Kansas City, Missouri",0,116.0
192,UFC Fight Night 95 - Brasilia,2016-09-24,"Brasilia, Brazil",1,117.0
196,UFC Fight Night 96 - Lineker vs. Dodson,2016-10-01,"Portland, Oregon",1,118.0
211,WSOF 33 Gaethje vs. Dugulubgov,2016-10-07,"Kansas City, MO",0,119.0
197,UFC 204 - Bisping vs. Henderson 2,2016-10-08,"Manchester, England",1,120.0
213,Bellator 162 Shlemenko vs. Grove,2016-10-21,"Memphis, Tennessee",0,121.0
214,Bellator 163 McGeary vs. Davis,2016-11-04,"Uncasville, Connecticut",0,122.0
199,UFC Mexico City,2016-11-05,"Mexico City, Mexico",1,123.0
215,Bellator 164 Koreshkov vs. Lima 2,2016-11-10,"Tel Aviv, Israel",0,124.0
203,UFC 205 - New York City,2016-11-12,New York,1,125.0
204,UFC Fight Night 99 - Mousasi vs. Hall,2016-11-19,"Belfast, Northern Ireland",1,126.0
212,"UFC Fight Night 100
Bader vs. Nogueira 2",2016-11-19,"Sao Paulo, Brazil",1,127.0
216,Bellator 165 Chandler vs. Henderson,2016-11-19,"San Jose, California",0,128.0
205,UFC Fight Night 101,2016-11-26,"Melbourne, Australia",1,129.0
218,Bellator 166 Dantas vs. Warren 2,2016-12-02,"Thackerville, Oklahoma",0,130.0
206,UFC - The Ultimate Fighter 24 Finale,2016-12-03,"Las Vegas, Nevada",1,131.0
209,UFC Fight Night 102 Albany,2016-12-09,"Albany, New York",1,132.0
207,UFC 206,2016-12-10,"Toronto, Canada",1,133.0
210,UFC on Fox 22,2016-12-17,"Sacramento, California",1,134.0
208,UFC 207,2016-12-31,"Las Vegas, Nevada",1,135.0
228,Invicta FC 21 Anderson vs. Tweet,2017-01-14,"Kansas City, MO",0,136.0
217,UFC Fight Night 103 Rodriguez vs. Penn,2017-01-15,"Phoenix, Arizona",1,137.0
229,Bellator 170 Sonnen vs. Ortiz,2017-01-21,"Inglewood, California",0,138.0
232,Bellator 171 Guillard vs. Njokuani,2017-01-27,"Mulvane, Kansas",0,139.0
220,UFC on FOX 23 Shevchenko vs. Pena,2017-01-28,"Denver, Colorado",1,140.0
221,UFC FN 104 K. Zombie vs. Bermudez,2017-02-04,"Houston, Texas",1,141.0
219,UFC 208,2017-02-11,"Brooklyn, New York",1,142.0
230,Bellator 172,2017-02-18,"San Jose, California",0,143.0
226,UFC Fight Night 105 Lewis vs. Browne,2017-02-19,"Halifax, Nova Scotia",1,144.0
223,UFC 209,2017-03-04,"Las Vegas, Nevada",1,145.0
224,UFC Fight Night 106 Belfort vs. Gastelum,2017-03-11,"Fortaleza, Brazil",1,146.0
225,UFC Fight Night 107 Manuwa vs. Anderson,2017-03-18,"London, England",1,147.0
239,WSOF 35 Ivanov vs. Jordan,2017-03-18,"Verona, New York",0,148.0
242,Invicta FC 22,2017-03-25,,0,149.0
244,Bellator 175,2017-03-31,"Rosemont, Illinois",0,150.0
245,Bellator 176 Carvalho vs. Manhoef 2,2017-04-08,"Turin, Italy",0,151.0
231,UFC 210 - Cormier vs. Johnson 2,2017-04-08,"Buffalo, New York",1,152.0
247,Bellator 177 Dantas vs. Higo,2017-04-14,"Budapest, Hungary",0,153.0
235,UFC on Fox 24 -  Johnson vs Reis,2017-04-15,"Kansas City, Missouri",1,154.0
248,Rizin FF 5: Sakura,2017-04-16,"Kanagawa, Japan",0,155.0
249,Bellator 178: Straus vs. Freire 4,2017-04-21,"Uncasville, Connecticut",0,156.0
234,UFC Fight Night 108 Swanson vs. Lobov,2017-04-22,"Nashville, Tennessee",1,157.0
233,UFC 211 - Miocic vs. Dos Santos,2017-05-13,"Dallas, Texas",1,158.0
253,Bellator 179 Daley vs. MacDonald,2017-05-19,"London, England",0,159.0
256,Titan FC 44: Sharipov vs. Torres,2017-05-19,"Pembroke Pines, Florida",0,160.0
255,Invicta FC 23 Porto vs. Niedzwiedz,2017-05-20,"Kansas City, Missouri",0,161.0
258,One FC Dynasty of Heroes,2017-05-26,Singapore,0,162.0
257,KSW 39 Colosseum,2017-05-27,"Warsaw, Poland",0,163.0
237,UFC Fight Night 109 Gustafsson Vs Teixeira,2017-05-28,"Stockholm, Sweden",1,164.0
259,Cage Warriors 84: Wood vs. Kovacevic,2017-06-02,"London, England",0,165.0
236,UFC 212 Aldo vs Holloway,2017-06-03,"Rio de Janeiro, Brazil",1,166.0
241,UFC Fight Night 110 Hunt vs. Lewis,2017-06-10,"Auckland, New Zealand",1,167.0
243,UFC Fight Night 111,2017-06-17,"Kallang, Singapore",1,168.0
261,LFA 14: Allen vs. Anders,2017-06-23,"Houston, Texas",0,169.0
260,Bellator 180 Sonnen vs. Silva,2017-06-24,New York,0,170.0
240,UFC Fight Night 112,2017-06-25,"Oklahoma City, Oklahoma",1,171.0
265,PFL 1,2017-06-30,"Daytona Beach, Florida",0,172.0
251,TUF Season 25 Finale,2017-07-07,"Las Vegas, Nevada",1,173.0
246,UFC 213,2017-07-08,"Las Vegas, Nevada",1,174.0
266,Dana White's TNCS 1,2017-07-11,"Las Vegas, Nevada",0,175.0
267,Bellator 181 Campos vs. Girtz 3,2017-07-14,"Thackerville, Oklahoma",0,176.0
268,Invicta FC 24,2017-07-15,"Kansas City, Missouri",0,177.0
250,UFC Fight Night 113,2017-07-16,"Glasgow, Scotland",1,178.0
269,Dana White's TNCS 2,2017-07-18,"Las Vegas, Nevada",0,179.0
270,LFA 17 Moises vs. Watley,2017-07-22,"Charlotte, North Carolina",0,180.0
271,ACB 65: Silva vs Agnaev,2017-07-22,USA,0,181.0
252,UFC on Fox 25,2017-07-22,"Long Island, New York",1,182.0
272,DWTNF 3,2017-07-25,Las Vegas,0,183.0
254,UFC 214,2017-07-29,"Anaheim, California",1,184.0
276,PFL Everett,2017-07-29,Everett,0,185.0
277,DWTNCS 4,2017-08-01,"Las Vegas, Nevada",0,186.0
278,LFA 18: Aguilar VS. Rader,2017-08-04,"Shawnee, Oklahoma",0,187.0
262,UFC Fight Night 114 Pettis vs. Moreno,2017-08-05,Mexico City,1,188.0
283,DWTNCS 5,2017-08-08,"Las Vegas, Nevada",0,189.0
284,DWTNCS 6,2017-08-15,"Las Vegas, Nevada",0,190.0
287,DWTNCS 7,2017-08-22,Las Vegas,0,191.0
282,Bellator 182,2017-08-26,"Verona, New York",0,192.0
288,DWTNCS 8,2017-08-29,Las Vegas,0,193.0
290,Invicta FC 25,2017-09-01,"Lemoore, California",0,194.0
263,UFC Fight Night Struve vs. Volkov,2017-09-02,"Rotterdam, Holland",1,195.0
264,UFC 215,2017-09-09,"Edmonton, Canada",1,196.0
273,UFC Fight Night 116 Rockhold vs. Branch,2017-09-16,"Pittsburgh, Pennsylvania",1,197.0
274,UFC Fight Night 117 St. Preux vs. Shogun 2,2017-09-22,"Saitama, Japan",1,198.0
292,ACB 70 Barnatt VS. Askham,2017-09-23,"Sheffield, England",0,199.0
291,Bellator 183 Henderson vs. Freire,2017-09-23,"San Jose, California",0,200.0
293,Bellator 184 Dantas vs. Caldwell,2017-10-06,"Thackerville, Oklahoma",0,201.0
275,UFC 216,2017-10-07,"Las Vegas, Nevada",1,202.0
297,Cage Warriors 87,2017-10-14,England,0,203.0
296,Bellator 185,2017-10-20,Uncasville,0,204.0
280,UFC Fight Night 118 Gdansk,2017-10-21,Gdansk,1,205.0
281,UFC Fight Night 119 Sao Paulo,2017-10-28,Sao Paulo,1,206.0
300,Bellator 186,2017-11-03,Pennsylvania,0,207.0
279,UFC 217,2017-11-04,New York,1,208.0
285,UFC Fight Night 120 Virginia,2017-11-11,"Norfolk, Virginia",1,209.0
307,Bellator 188,2017-11-16,"Tel Aviv, Israel",0,210.0
286,UFC Fight Night 121 Sydney,2017-11-18,"Sydney, Australia",1,211.0
295,UFC Fight Night 122 Bisping vs. Gastellum,2017-11-25,"Shanghai, China",1,212.0
308,Bellator 189,2017-12-01,Thackerville,0,213.0
303,TUF 26 Finale,2017-12-02,Las Vegas,1,214.0
301,UFC 218,2017-12-02,"Detroit, Michigan",1,215.0
310,Invicta 26,2017-12-08,Kansas City,0,216.0
309,Bellator 190,2017-12-09,"Florence, Italy",0,217.0
302,UFC Fight Night 123,2017-12-09,"Fresno, California",1,218.0
313,Bellator 191,2017-12-15,"Newcastle, England",0,219.0
299,UFC on Fox 26 Lawler vs. dos Anjos,2017-12-16,"Winnipeg, Canada",1,220.0
314,KSW 41,2017-12-23,"Katowice, Poland",0,221.0
294,UFC 219,2017-12-31,Las Vegas,1,222.0
317,ACB 78,2018-01-13,Russia,0,223.0
318,Invicta FC 27,2018-01-13,Kansas City,0,224.0
304,UFC Fight Night 124,2018-01-14,"St Louis, Missouri",1,225.0
315,Bellator 192,2018-01-20,"Inglewood, California",0,226.0
305,UFC 220,2018-01-20,"Boston, Massacusetts",1,227.0
316,Bellator 193,2018-01-26,"Temecula, California",0,228.0
306,UFC on Fox 27,2018-01-27,"Charlotte, North Carolina",1,229.0
312,UFC Fight Night 125,2018-02-04,"Belem, Brazil",1,230.0
311,UFC 221,2018-02-10,"Perth, Australia",1,231.0
324,Bellator 194,2018-02-17,"Uncasville, Connecticut",0,232.0
320,UFC Fight Night 126,2018-02-18,"Austin, Texas",1,233.0
333,Cage Warriors 90,2018-02-24,Liverpool,0,234.0
319,UFC on Fox 28,2018-02-24,"Orlando, Florida",1,235.0
338,Bellator 195,2018-03-02,Thackerville,0,236.0
334,Cage Warriors 91,2018-03-03,Newport,0,237.0
335,KSW 42,2018-03-03,"Lodz, Poland",0,238.0
321,UFC 222,2018-03-03,Las Vegas,1,239.0
322,UFC Fight Night 127,2018-03-17,"London, England",1,240.0
340,One FC 70,2018-03-24,"Bangkok, Thailand",0,241.0
341,ACB 83,2018-03-24,Azerbaijan,0,242.0
342,CWFC 92,2018-03-24,London,0,243.0
339,Invicta FC 28: Inoue vs. Jandiroba,2018-03-24,"Salt Lake City, Utah",0,244.0
323,UFC 223,2018-04-07,"Brooklyn, New York",1,245.0
346,Bellator 197,2018-04-13,Missouri,0,246.0
345,KSW 43,2018-04-14,Poland,0,247.0
326,UFC on Fox 29,2018-04-14,"Glendale, Arizona",1,248.0
347,LFA 37,2018-04-20,Sioux Falls,0,249.0
328,UFC Fight Night 128,2018-04-21,"Atlantic City, NJ",1,250.0
330,Bellator 198,2018-04-28,Illinois,0,251.0
348,Invicta FC 29,2018-05-04,Kansas City,0,252.0
349,ACB 86,2018-05-05,X,0,253.0
350,Rizin 10,2018-05-06,Japan,0,254.0
351,BAMMA 35,2018-05-12,"Dublin, Ireland",0,255.0
332,UFC 224,2018-05-12,Rio de Janeiro,1,256.0
331,Bellator 199,2018-05-12,San Jose,0,257.0
353,Fight Nights Global 87,2018-05-19,"Rostov, Russia",0,258.0
354,ACB 87,2018-05-19,"Nottingham, England",0,259.0
336,UFC Fight Night 129,2018-05-19,"Santiago, Chile",1,260.0
356,M-1 Challenge 92,2018-05-24,"St Petersburg, Russia",0,261.0
355,Bellator 200,2018-05-25,"London, England",0,262.0
357,LFA 40,2018-05-25,USA,0,263.0
343,UFC Fight Night 130,2018-05-27,Liverpool,1,264.0
337,UFC Fight Night 131,2018-06-01,"Utica, NY",1,265.0
363,PFL 1,2018-06-07,New York,0,266.0
364,LFA 42,2018-06-09,"Branson, Missouri",0,267.0
362,KSW 44,2018-06-09,Poland,0,268.0
329,UFC 225,2018-06-09,"Chicago, IL",1,269.0
365,DWTNCS 9,2018-06-12,Las Vegas,0,270.0
366,Cage Warriors 94,2018-06-16,"Antwerp, Belgium",0,271.0
367,DWTNCS 10,2018-06-19,Las Vegas,0,272.0
368,PFL 2,2018-06-21,Chicago,0,273.0
369,LFA 43,2018-06-22,Texas,0,274.0
360,UFC Fight Night 132,2018-06-23,Singapore,1,275.0
370,DWTNCS 11,2018-06-26,Las Vegas,0,276.0
371,BAMMA London: McKee vs Brazier,2018-06-28,London,0,277.0
373,Bellator 201,2018-06-29,"Temecula, California",0,278.0
374,PFL 3,2018-07-05,Washington DC,0,279.0
361,TUF 27 Finale,2018-07-07,Las Vegas,1,280.0
327,UFC 226,2018-07-07,"Las Vegas, Nevada",1,281.0
375,DWTNCS 12,2018-07-10,Las Vegas,0,282.0
376,One FC 77,2018-07-13,Kuala Lumpur,0,283.0
377,Bellator 202,2018-07-13,Thackerville,0,284.0
378,Bellator 203,2018-07-14,"Rome, Italy",0,285.0
359,UFC Fight Night 133,2018-07-14,"Boise, Idaho",1,286.0
379,DWTNCS 13,2018-07-17,Las Vegas,0,287.0
384,PFL 4,2018-07-19,"Uniondale, NY",0,288.0
385,LFA 45,2018-07-20,California,0,289.0
352,UFC Fight Night 134,2018-07-22,"Hamburg, Germany",1,290.0
386,DWTNCS 14,2018-07-24,Las Vegas,0,291.0
388,LFA 46,2018-07-27,Virginia,0,292.0
358,UFC on Fox 30,2018-07-28,"Alberta, Canada",1,293.0
390,DWTNCS 15,2018-07-31,Las Vegas,0,294.0
389,PFL 5,2018-08-02,"Uniondale, NY",0,295.0
344,UFC 227,2018-08-04,"Los Angeles, CA",1,296.0
395,DWTNCS 16,2018-08-07,Las Vegas,0,297.0
396,LFA 47,2018-08-10,Dallas,0,298.0
397,PFL 6,2018-08-16,Atlantic City,0,299.0
398,Bellator 204,2018-08-17,Sioux Falls,0,300.0
381,UFC Fight Night 135,2018-08-25,"Lincoln, Nebraska",1,301.0
400,PFL 7,2018-08-30,Atlantic City,0,302.0
401,Cage Warriors 96,2018-09-01,Liverpool,0,303.0
402,Invicta FC 31,2018-09-01,Kansas City,0,304.0
404,LFA 48,2018-09-07,Nebraska,0,305.0
380,UFC 228,2018-09-08,Dallas,1,306.0
405,LFA 49,2018-09-14,Atlantic City,0,307.0
382,UFC FIght Night Moscow,2018-09-15,"Moscow, Russia",1,308.0
372,Bellator 205,2018-09-21,Boise,0,309.0
411,LFA 50,2018-09-21,Prior Lake,0,310.0
383,UFC Fight Night Sao Paulo,2018-09-22,Sao Paulo,1,311.0
412,Cage Warriors 97,2018-09-29,Cardiff,0,312.0
410,Bellator 206,2018-09-29,San Jose,0,313.0
414,PFL 8,2018-10-05,New Orleans,0,314.0
413,KSW 45,2018-10-06,London,0,315.0
391,UFC 229,2018-10-06,Las Vegas,1,316.0
387,Bellator 207,2018-10-12,Connecticut,0,317.0
416,PFL 9,2018-10-13,"Long Beach, California",0,318.0
415,Bellator 208,2018-10-13,"Uniondale, NY",0,319.0
420,Fight Nights Global 90,2018-10-19,Moscow,0,320.0
419,LFA 52,2018-10-19,"Belton, Texas",0,321.0
417,Cage Warriors 98,2018-10-20,Birmingham,0,322.0
421,PFL 10,2018-10-20,Washington DC,0,323.0
393,UFC Fight Night 138,2018-10-27,New Brunswick,1,324.0
392,UFC 230,2018-11-03,New York,1,325.0
424,LFA 53,2018-11-09,Phoenix,0,326.0
425,ACB 90,2018-11-10,Moscow,0,327.0
394,UFC Fight Night Denver,2018-11-10,Denver,1,328.0
426,Bellator 209,2018-11-15,Tel Aviv,0,329.0
428,LFA 54,2018-11-16,Costa Mesa,0,330.0
427,Invicta 32,2018-11-16,Oklahoma,0,331.0
429,Cage Warriors 99,2018-11-17,Colchester,0,332.0
408,UFC Fight Night 140,2018-11-17,Buenos Aires,1,333.0
409,UFC Fight Night 141,2018-11-24,Beijing,1,334.0
422,Golden Boy Liddell vs Ortiz 3,2018-11-25,"Inglewood, California",0,335.0
403,TUF Finale,2018-11-30,Las Vegas,1,336.0
431,LFA 55,2018-11-30,Dalas,0,337.0
432,Bellator 210,2018-12-01,Thackerville,0,338.0
430,KSW 46,2018-12-01,Silesian,0,339.0
407,UFC Fight Night 142,2018-12-01,Adelaide,1,340.0
438,LFA 56,2018-12-07,Minnesota,0,341.0
437,Cage Warriors 100,2018-12-08,Cardiff,0,342.0
406,UFC 231,2018-12-08,Toronto,1,343.0
439,Bellator 212,2018-12-15,Hawaii,0,344.0
423,UFC Fight Night Milwaukee,2018-12-15,Milwaukee,1,345.0
440,Bellator 213,2018-12-15,Hawaii,0,346.0
399,UFC 232,2018-12-29,Las Vegas,1,347.0
442,Rizin 14,2018-12-31,Saitama,0,348.0
441,PFL 11: Finals,2018-12-31,New York,0,349.0
433,UFC on ESPN+ 1,2019-01-19,New York,1,350.0
418,Bellator Los Angeles,2019-01-26,Los Angeles,0,351.0
434,UFC Fight Night 144,2019-02-02,Fortaleza,1,352.0
449,Bellator Newcastle,2019-02-09,Newcastle,0,353.0
435,UFC 234,2019-02-09,Melbourne,1,354.0
450,Bellator 215,2019-02-15,Uncasville,0,355.0
452,LFA 60,2019-02-16,Iowa,0,356.0
451,Bellator 216,2019-02-16,Uncasville,0,357.0
443,UFC on ESPN 1,2019-02-17,Phoenix,1,358.0
455,LFA 61,2019-02-23,Prior Lake,0,359.0
445,UFC Fight Night 145,2019-02-23,Prague,1,360.0
454,Bellator 217,2019-02-23,Dublin,0,361.0
444,UFC 235,2019-03-02,Las Vegas,1,362.0
459,Cage Warriors 103,2019-03-09,Copenhagen,0,363.0
436,UFC Fight Night 146,2019-03-09,Anaheim,1,364.0
446,UFC Fight Night 147,2019-03-16,London,1,365.0
464,LFA 62,2019-03-22,Dalas,0,366.0
463,Bellator 218,2019-03-22,Thackerville,0,367.0
460,KSW 47,2019-03-23,Lodz,0,368.0
453,UFC Fight Night 148,2019-03-23,Nashville,1,369.0
466,Bellator 219,2019-03-29,Temecula,0,370.0
448,UFC on ESPN 2,2019-03-30,Philadelphia,1,371.0
468,One FC - A New Era,2019-03-31,Tokyo,0,372.0
456,UFC 236,2019-04-13,Atlanta,1,373.0
461,UFC Fight Night 149,2019-04-20,St Petersburg,1,374.0
471,KSW 48,2019-04-27,Lublin,0,375.0
457,UFC on ESPN 3,2019-04-27,Fort Lauderdale,1,376.0
467,Bellator 220,2019-04-27,San Jose,0,377.0
474,LFA 65,2019-05-04,Vail,0,378.0
472,Bellator Birmingham,2019-05-04,Birmingham,0,379.0
458,UFC Fight Night 150,2019-05-04,Ottawa,1,380.0
478,PFL 2019: Week 1,2019-05-09,Uniondale,0,381.0
483,LFA 66,2019-05-10,West Valley City,0,382.0
473,Bellator 221,2019-05-11,Rosemont,0,383.0
447,UFC 237,2019-05-11,Brazil,1,384.0
484,KSW 49,2019-05-18,Gdansk,0,385.0
462,UFC Fight Night 152,2019-05-18,Rochester,1,386.0
479,PFL 2019: Week 2,2019-05-23,Uniondale,0,387.0
488,LFA 67,2019-05-24,Branson,0,388.0
491,Cage Warriors 105,2019-05-31,Colchester,0,389.0
489,Combate 38,2019-05-31,Lima,0,390.0
492,LFA 68,2019-05-31,Prior Lake,0,391.0
465,UFC Fight Night 153,2019-06-01,Stockholm,1,392.0
480,PFL 2019: Week 3,2019-06-06,Uniondale,0,393.0
494,Invicta 35,2019-06-06,USA,0,394.0
493,Combate 39,2019-06-07,Tucson,0,395.0
495,LFA 69,2019-06-07,USA,0,396.0
469,UFC 238,2019-06-08,Chicago,1,397.0
496,Bellator 222,2019-06-14,New York,0,398.0
498,DWTNCS 17,2019-06-19,Las Vegas,0,399.0
501,Combate 40,2019-06-21,Hidalgo,0,400.0
499,Bellator London,2019-06-22,London,0,401.0
475,UFC Fight Night 154,2019-06-22,Greenville,1,402.0
502,DWTNCS 18,2019-06-26,Las Vegas,0,403.0
497,Cage Warriors 106,2019-06-29,London,0,404.0
476,UFC on ESPN 3,2019-06-29,Minneapolis,1,405.0
470,UFC 239,2019-07-06,Las Vegas,1,406.0
506,DWTNCS 19,2019-07-10,Las Vegas,0,407.0
481,PFL 2019: Week 4,2019-07-11,Atlantic City,0,408.0
508,One FC - Masters of Destiny,2019-07-12,Kuala Lumpur,0,409.0
504,Bellator 224,2019-07-12,Thackerville,0,410.0
490,UFC Fight Night 155,2019-07-13,Sacramento,1,411.0
511,DWCS 20,2019-07-17,Las Vegas,0,412.0
487,UFC on ESPN 4,2019-07-20,San Antonio,1,413.0
512,DWCS 21,2019-07-24,Las Vegas,0,414.0
482,PFL 2019: Week 5,2019-07-25,Atlantic City,0,415.0
513,LFA 72,2019-07-27,Phoenix,0,416.0
485,UFC 240,2019-07-27,USA,1,417.0
516,DWCS 22,2019-07-31,Las Vegas,0,418.0
517,Combate 41,2019-08-02,Fresno,0,419.0
510,UFC on ESPN 5,2019-08-03,Newark,1,420.0
518,DWCS 23,2019-08-07,Las Vegas,0,421.0
515,PFL 2019: Week 6,2019-08-08,Atlantic City,0,422.0
500,UFC Fight Night 156,2019-08-10,Montevideo,1,423.0
521,DWCS 24,2019-08-14,Las Vegas,0,424.0
477,UFC 241,2019-08-17,Anaheim,1,425.0
523,DWCS 25,2019-08-20,Las Vegas,0,426.0
524,Combate 42,2019-08-23,Lake Tahoe,0,427.0
514,Bellator 225,2019-08-24,Bridgeport,0,428.0
525,DWCS 26,2019-08-27,Las Vegas,0,429.0
503,UFC Fight Night 157,2019-08-31,Shenzhen,1,430.0
529,Cage Warriors Unplugged 2,2019-09-06,London,0,431.0
486,UFC 242,2019-09-07,Abu Dhabi,1,432.0
530,Cage 48,2019-09-07,Helsinki,0,433.0
522,Bellator 226,2019-09-08,San Jose,0,434.0
532,KSW 50,2019-09-14,London,0,435.0
528,UFC Fight Night 158,2019-09-14,Vancouver,1,436.0
533,Combate 43,2019-09-20,Mexicali,0,437.0
527,UFC Fight Night 159,2019-09-21,Mexico City,1,438.0
505,Bellator Dublin,2019-09-27,Dublin,0,439.0
535,Combate 45,2019-09-27,Guadalajara,0,440.0
509,UFC Fight Night 160,2019-09-28,Copenhagen,1,441.0
534,Bellator 228,2019-09-28,Inglewood,0,442.0
542,Bellator 229,2019-10-05,Temecula,0,443.0
519,UFC 243,2019-10-05,Melbourne,1,444.0
545,PFL 2019 - Week 7,2019-10-11,Las Vegas,0,445.0
543,Combate 46,2019-10-12,Tuscon,0,446.0
546,Rizin 19,2019-10-12,Osaka,0,447.0
548,Cage Warriors 108,2019-10-12,Cardiff,0,448.0
547,Bellator 230,2019-10-12,Milan,0,449.0
507,UFC on ESPN+ 19,2019-10-12,San Francisco,1,450.0
544,One FC - Century,2019-10-13,Tokyo,0,451.0
550,PFL 2019 - Week 8,2019-10-18,Las Vegas,0,452.0
520,UFC ESPN 6,2019-10-18,Boston,1,453.0
549,Combate 47,2019-10-18,Monterrey,0,454.0
552,One - Dawn of Valor,2019-10-25,Jakarta,0,455.0
551,Bellator 231,2019-10-25,Uncasville,0,456.0
536,UFC Fight Night 162,2019-10-26,Kallang,1,457.0
531,Bellator 232,2019-10-26,Uncasville,0,458.0
554,PFL 2019: Week 9,2019-10-31,Las Vegas,0,459.0
555,Invicta 38,2019-11-01,Kansas City,0,460.0
553,Combate 48,2019-11-01,Garland,0,461.0
526,UFC 244,2019-11-02,New York,1,462.0
556,Bellator 233,2019-11-09,Thackerville,0,463.0
558,Combate 49,2019-11-09,San Antonio,0,464.0
537,UFC Fight Night 163,2019-11-09,Moscow,1,465.0
559,KSW 51,2019-11-09,Zagreb,0,466.0
557,Bellator 234,2019-11-14,Tel Aviv,0,467.0
562,ACA 101,2019-11-15,Warsaw,0,468.0
538,UFC Fight Night 164,2019-11-16,Sao Paulo,1,469.0
566,Cage Warriors 111,2019-11-22,London,0,470.0
565,Combate 50,2019-11-23,Fresno,0,471.0
560,Bellator London,2019-11-23,London,0,472.0
571,Cage 49,2019-11-30,Helsinki,0,473.0
574,One MOG,2019-12-06,Kuala Lumpur,0,474.0
561,KSW 52,2019-12-07,Gliwice,0,475.0
539,UFC on ESPN 7,2019-12-07,Washington,1,476.0
576,Combate 52,2019-12-13,Stockton,0,477.0
577,ACA 103,2019-12-14,St Petersburg,0,478.0
540,UFC 245,2019-12-15,Las Vegas,1,479.0
578,Combate 53,2019-12-20,Lima,0,480.0
563,Bellator STT,2019-12-21,Honolulu,0,481.0
541,UFC Fight Night 165,2019-12-21,Busan,1,482.0
564,Bellator Hawaii,2019-12-22,Honolulu,0,483.0
572,Bellator 237,2019-12-29,Saitama,0,484.0
581,Rizin 20,2019-12-31,Saitama,0,485.0
580,PFL 2019: Week 10,2020-01-01,New York,0,486.0
583,One FC - New Tomorrow,2020-01-10,Bangkok,0,487.0
567,UFC 246,2020-01-18,Las Vegas,1,488.0
568,UFC Fight Night 166,2020-01-25,Raleigh,1,489.0
582,Bellator 238,2020-01-26,Inglewood,0,490.0
589,Invicta 39,2020-02-07,Kansas City,0,491.0
570,UFC 247,2020-02-09,Houston,1,492.0
573,UFC Fight Night 167,2020-02-15,Rio Rancho,1,493.0
591,Bellator 239,2020-02-21,Thackerville,0,494.0
590,Combate 55,2020-02-21,Mexicali,0,495.0
592,Bellator 240,2020-02-22,Dublin,0,496.0
575,UFC Fight Night 168,2020-02-22,Aukland,1,497.0
593,Combate 56,2020-02-29,Fresno,0,498.0
579,UFC Fight Night,2020-02-29,Norfolk,1,499.0
584,UFC 248,2020-03-08,Las Vegas,1,500.0
600,Bellator 241,2020-03-13,Uncasville,0,501.0
586,UFC Fight Night 169,2020-03-14,Brasilia,1,502.0
601,Cage Warriors 113,2020-03-20,Manchester,0,503.0
602,GFC 25,2020-03-21,Samara,0,504.0
603,Fame MMA 6,2020-03-28,Czestochwa,0,505.0
604,M-1 Global NFG 3,2020-04-25,Minsk,0,506.0
597,UFC 249,2020-05-10,Florida,1,507.0
605,UFC Fight Night 170,2020-05-14,Florida,1,508.0
598,UFC Fight Night 171,2020-05-16,Florida,1,509.0
606,UFC Fight Night 172,2020-05-30,Las Vegas,1,510.0
599,UFC 250,2020-06-06,Las Vegas,1,511.0
607,UFC Fight Night 173,2020-06-13,Las Vegas,1,512.0
609,UFC Fight Night 174,2020-06-20,Las Vegas,1,513.0
610,UFC Fight Night 175,2020-06-27,Las Vegas,1,514.0
620,Invicta 40,2020-07-02,Kansas City,0,515.0
624,LFA 84,2020-07-11,Sioux Falls,0,516.0
621,KSW 53,2020-07-11,Warsaw,0,517.0
608,UFC 251,2020-07-11,Yas Island,1,518.0
612,UFC Fight Island 1,2020-07-15,Yas Island,1,519.0
611,UFC Fight Island 2,2020-07-18,Yas Island,1,520.0
627,ACA 107,2020-07-24,Sochi,0,521.0
628,LFA 86,2020-07-25,Sioux Falls,0,522.0
626,Bellator 242,2020-07-25,Uncasville,0,523.0
617,UFC Fight Island 3,2020-07-25,Yas Island,1,524.0
630,Invicta 41,2020-07-31,Kansas City,0,525.0
631,LFA 87,2020-08-01,Sioux Falls,0,526.0
613,UFC Vegas 5,2020-08-01,Las Vegas,1,527.0
634,DWCS 27,2020-08-05,Las Vegas,0,528.0
633,Bellator 243,2020-08-08,Uncasville,0,529.0
618,UFC Vegas 6,2020-08-08,Las Vegas,1,530.0
636,DWCS 28,2020-08-12,Las Vegas,0,531.0
614,UFC 252,2020-08-15,Las Vegas,1,532.0
638,DWCS 29,2020-08-19,Las Vegas,0,533.0
640,ACA 109,2020-08-20,Poland,0,534.0
642,LFA 88,2020-08-21,Sioux Falls,0,535.0
637,Bellator 244,2020-08-21,Uncasville,0,536.0
616,UFC Vegas 7,2020-08-22,Las Vegas,1,537.0
645,DWCS 30,2020-08-26,Las Vegas,0,538.0
646,LFA 89,2020-08-29,Sioux Falls,0,539.0
641,KSW 54,2020-08-29,Warsaw,0,540.0
619,UFC Fight Night 182,2020-08-29,Las Vegas,1,541.0
647,DWCS 31,2020-09-02,Las Vegas,0,542.0
648,LFA 90,2020-09-05,Sioux Falls,0,543.0
625,UFC Fight Night 183,2020-09-05,Las Vegas,1,544.0
650,DWCS 32,2020-09-09,Las Vegas,0,545.0
649,Bellator 245,2020-09-11,Uncasville,0,546.0
655,LFA 91,2020-09-12,Sioux Falls,0,547.0
623,UFC Fight Night 184,2020-09-12,Las Vegas,1,548.0
654,Bellator 246,2020-09-13,Uncasville,0,549.0
656,DWCS 33,2020-09-16,Las Vegas,0,550.0
657,Invicta 42,2020-09-18,Kansas City,0,551.0
622,UFC FN - Covington vs Woodley,2020-09-19,Las Vegas,1,552.0
659,Cage Warriors 114,2020-09-24,Manchester,0,553.0
660,Cage Warriors 115,2020-09-25,Manchester,0,554.0
658,Bellator Milan,2020-09-26,Milan,0,555.0
615,UFC 253,2020-09-26,Yas Island,1,556.0
661,Bellator 247,2020-10-01,Milan,0,557.0
663,LFA 92,2020-10-02,Wichita,0,558.0
662,Bellator Europe 9,2020-10-03,Milan,0,559.0
643,UFC FN - Holm vs Aldana,2020-10-04,Yas Island,1,560.0
665,KSW 55,2020-10-10,Warsaw,0,561.0
664,Bellator 248,2020-10-10,Paris,0,562.0
644,UFC FN - Moraes vs Sandhagen,2020-10-10,Yas Island,1,563.0
666,Bellator 249,2020-10-15,Uncasville,0,564.0
667,LFA 93,2020-10-16,Wichita,0,565.0
632,UFC FN - Ortega vs Zombie,2020-10-17,Yas Island,1,566.0
629,UFC 254,2020-10-24,Yas Island,1,567.0
669,Bellator 250,2020-10-29,Uncasville,0,568.0
673,One FC - Matrix,2020-10-30,Singapore,0,569.0
672,LFA 94,2020-10-30,Wichita,0,570.0
639,UFC Vegas 12,2020-10-31,Las Vegas,1,571.0
674,DWCS 34,2020-11-05,Las Vegas,0,572.0
675,Bellator 251,2020-11-05,Uncasville,0,573.0
676,ACA 113,2020-11-06,Moscow,0,574.0
670,UFC Vegas 13,2020-11-08,Las Vegas,1,575.0
678,DWCS 35,2020-11-11,Las Vegas,0,576.0
677,Bellator 252,2020-11-12,Uncasville,0,577.0
679,KSW 56,2020-11-14,Warsaw,0,578.0
671,UFC Vegas 14,2020-11-14,Las Vegas,1,579.0
680,DWCS 36,2020-11-18,Las Vegas,0,580.0
681,Bellator 253,2020-11-19,Uncasville,0,581.0
684,Invicta 43,2020-11-21,Kansas City,0,582.0
682,LFA 95,2020-11-21,Kansas,0,583.0
685,Rizin 25,2020-11-21,Osaka,0,584.0
635,UFC 255,2020-11-21,Las Vegas,1,585.0
651,UFC Vegas 15,2020-11-29,Las Vegas,1,586.0
687,LFA 96,2020-12-05,"Park City, Kansas",0,587.0
652,UFC Vegas 16,2020-12-06,Las Vegas,1,588.0
689,Cage Warriors 117,2020-12-10,London,0,589.0
688,Bellator 254,2020-12-11,Uncasville,0,590.0
690,Cage Warriors 118,2020-12-11,London,0,591.0
691,Cage Warriors 119,2020-12-12,London,0,592.0
653,UFC 256,2020-12-13,Las Vegas,1,593.0
697,KSW 57,2020-12-19,Lodz,0,594.0
668,UFC Vegas 17,2020-12-19,Las Vegas,1,595.0
699,Rizin FF 26,2020-12-31,Saitama,0,596.0
703,LFA 97,2021-01-16,Kansas,0,597.0
686,UFC FN,2021-01-16,Yas Island,1,598.0
692,UFC on ESPN 20,2021-01-20,Yas Island,1,599.0
683,UFC 257,2021-01-24,Yas Island,1,600.0
705,LFA 98,2021-01-29,Kansas,0,601.0
707,Oktagon 21,2021-01-30,Brno,0,602.0
706,KSW 58,2021-01-30,Lodz,0,603.0
708,XMMA 1,2021-01-30,West Palm Beach,0,604.0
711,One 128,2021-02-05,Singapore,0,605.0
694,UFC FN,2021-02-06,Las Vegas,1,606.0
714,ACA 117,2021-02-12,Russia,0,607.0
713,Titan FC 67,2021-02-12,Miami,0,608.0
712,LFA 99,2021-02-12,"Park City, Kansas",0,609.0
695,UFC 258,2021-02-13,Las Vegas,1,610.0
715,LFA 100,2021-02-20,Kansas,0,611.0
696,UFC Fight Night 185,2021-02-20,Las Vegas,1,612.0
716,ACA 118,2021-02-26,Russia,0,613.0
719,UWC Mexico 25,2021-02-26,Tijuana,0,614.0
700,UFC Fight Night 186,2021-02-28,Las Vegas,1,615.0
698,UFC 259,2021-03-06,Las Vegas,1,616.0
730,LFA 101,2021-03-12,"Shawnee, Oklahoma",0,617.0
702,UFC Fight Night 187,2021-03-13,Las Vegas,1,618.0
733,Cage Warriors 120,2021-03-18,London,0,619.0
731,Cage Warriors 121,2021-03-19,London,0,620.0
734,LFA 102,2021-03-20,"Shawnee, Oklahoma",0,621.0
727,KSW 59,2021-03-20,Lodz,0,622.0
732,Cage Warriors 122,2021-03-20,London,0,623.0
701,UFC Fight Night 188,2021-03-20,Las Vegas,1,624.0
735,ACA 120,2021-03-26,St Petersburg,0,625.0
736,LFA 103,2021-03-27,"Shawnee, Oklahoma",0,626.0
704,UFC 260,2021-03-28,Las Vegas,1,627.0
742,Brave CF 50,2021-04-01,Bahrain,0,628.0
737,Bellator 255,2021-04-02,Uncasville,0,629.0
740,One on TNT 1,2021-04-07,Singapore,0,630.0
745,ACA 121,2021-04-09,Minsk,0,631.0
717,Bellator 256,2021-04-09,Uncasville,0,632.0
709,UFC FN,2021-04-10,Las Vegas,1,633.0
746,One on TNT 2,2021-04-15,Singapore,0,634.0
718,Bellator 257,2021-04-16,Uncasville,0,635.0
747,LFA 104,2021-04-16,Oklahoma,0,636.0
710,UFC FN,2021-04-17,Las Vegas,1,637.0
749,One on TNT 3,2021-04-22,Singapore,0,638.0
751,ACA 122,2021-04-23,Minsk,0,639.0
743,PFL 2021: Week 1,2021-04-23,Atlantic City,0,640.0
750,LFA 105,2021-04-24,Oklahoma,0,641.0
748,KSW 60,2021-04-24,Lodz,0,642.0
720,UFC 261,2021-04-24,Jacksonville,1,643.0
753,One on TNT 4,2021-04-29,Singapore,0,644.0
752,PFL 2021: Week 2,2021-04-29,Atlantic City,0,645.0
754,LFA 106,2021-04-30,Oklahoma,0,646.0
721,UFC FN,2021-05-01,Las Vegas,1,647.0
755,PFL 2021: Week 3,2021-05-06,Atlantic City,0,648.0
741,Bellator 258,2021-05-07,Uncasville,0,649.0
756,FAC 8,2021-05-08,Kansas City,0,650.0
722,UFC FN,2021-05-08,Las Vegas,1,651.0
758,Titan FC 69,2021-05-14,Santo Domingo,0,652.0
759,LFA 107,2021-05-15,Sioux Falls,0,653.0
723,UFC 262,2021-05-15,Houston,1,654.0
765,Bellator 259,2021-05-21,Uncasville,0,655.0
766,Invicta 44,2021-05-22,Kansas City,0,656.0
767,LFA 108,2021-05-22,Sioux Falls,0,657.0
724,UFC FN,2021-05-22,Las Vegas,1,658.0
772,Oktagon 24,2021-05-29,Czech Republic,0,659.0
769,Superior Challenge 22,2021-05-29,Stockholm,0,660.0
774,Brave CF 51,2021-06-04,Minsk,0,661.0
775,LFA 109,2021-06-04,Shawnee,0,662.0
770,KSW 61,2021-06-05,Gdansk,0,663.0
726,UFC FN,2021-06-05,Las Vegas,1,664.0
773,PFL 2021: Week 4,2021-06-10,Atlantic City,0,665.0
776,Bellator 260,2021-06-11,Uncasville,0,666.0
725,UFC 263,2021-06-12,Arizona,1,667.0
777,PFL 2021: Week 5,2021-06-17,Atlantic City,0,668.0
728,UFC FN,2021-06-19,Las Vegas,1,669.0
781,Cage Warriors 123,2021-06-24,London,0,670.0
782,Cage Warriors 124,2021-06-25,London,0,671.0
779,PFL 2021: Week 6,2021-06-25,Atlantic City,0,672.0
780,Bellator 261,2021-06-25,Uncasville,0,673.0
783,Cage Warriors 125,2021-06-26,London,0,674.0
729,UFC FN,2021-06-26,Las Vegas,1,675.0
785,ACA 125,2021-06-29,Sochi,0,676.0
787,Titan FC 70,2021-07-02,Miami,0,677.0
786,LFA 110,2021-07-02,Sioux Falls,0,678.0
789,CFFC 98,2021-07-03,Philadelphia,0,679.0
738,UFC 264,2021-07-10,Las Vegas,1,680.0
791,Bellator 262,2021-07-16,Uncasville,0,681.0
792,LFA 111,2021-07-16,Rio de Janeiro,0,682.0
739,UFC FN,2021-07-17,Las Vegas,1,683.0
793,LFA 112,2021-07-18,Rio de Janeiro,0,684.0
798,Oktagon 26,2021-07-24,Prague,0,685.0
744,UFC FN,2021-07-24,Las Vegas,1,686.0
799,Fury FC 48,2021-07-25,Houston,0,687.0
801,LFA 113,2021-07-30,"Belton, Texas",0,688.0
802,XMMA 2,2021-07-31,Greenville,0,689.0
762,UFC FN,2021-07-31,Las Vegas,1,690.0
800,Bellator 263,2021-07-31,Los Angeles,0,691.0
803,Cage Warriors 126,2021-08-01,San Diego,0,692.0
804,Titan FC 71,2021-08-06,Miami,0,693.0
757,UFC 265,2021-08-07,Houston,1,694.0
795,PFL 2021 #7: Playoffs,2021-08-13,Florida,0,695.0
807,Bellator 264,2021-08-13,Uncasville,0,696.0
809,CFFC 99,2021-08-14,Tunica,0,697.0
796,PFL 2021 #8: Playoffs,2021-08-19,Florida,0,698.0
810,Bellator 265,2021-08-20,Sioux Falls,0,699.0
761,UFC FN,2021-08-21,Las Vegas,1,700.0
813,Invicta 44,2021-08-27,Kansas City,0,701.0
811,LFA 114,2021-08-27,St Louis,0,702.0
797,PFL 2021 #9: Playoffs,2021-08-27,Florida,0,703.0
763,UFC FN,2021-08-28,Las Vegas,1,704.0
812,DWCS 2021: Week 1,2021-09-01,Las Vegas,0,705.0
816,One Empower,2021-09-03,Kallang,0,706.0
764,UFC FN,2021-09-04,Las Vegas,1,707.0
815,KSW 63,2021-09-04,Warsaw,0,708.0
817,Fury FC 50,2021-09-05,Houston,0,709.0
818,DWCS 2021: Week 2,2021-09-08,USA,0,710.0
820,EFC 89,2021-09-11,Johannesburg,0,711.0
819,ACA 128,2021-09-11,Minsk,0,712.0
822,Fury FC 51,2021-09-12,Denver,0,713.0
821,DWCS 2021: Week 3,2021-09-14,Las Vegas,0,714.0
823,CFFC 100: Kamchybekov vs. Smith,2021-09-17,Tampa,0,715.0
826,Titan FC 72,2021-09-17,Miami,0,716.0
825,CES 64,2021-09-17,Connecticut,0,717.0
771,UFC FN,2021-09-18,Las Vegas,1,718.0
824,Bellator 266: Davis vs. Romero,2021-09-18,"San Jose, California",0,719.0
827,DWCS 2021: Week 4,2021-09-22,Las Vegas,0,720.0
833,ACA 129,2021-09-24,Moscow,0,721.0
832,LFA 115,2021-09-24,Wisconsin,0,722.0
836,Brave CF 54,2021-09-25,Konin,0,723.0
834,Oktagon 28,2021-09-25,Prague,0,724.0
768,UFC 266,2021-09-25,Las Vegas,1,725.0
837,DWCS 2021: Week 5,2021-09-28,Las Vegas,0,726.0
838,Cage Warriors 127,2021-09-30,London,0,727.0
835,Bellator 267,2021-10-01,London,0,728.0
839,Cage Warriors 128,2021-10-01,London,0,729.0
840,Cage Warriors 129,2021-10-02,London,0,730.0
841,CFFC 101,2021-10-02,Bensalem,0,731.0
778,UFC FN,2021-10-02,Las Vegas,1,732.0
842,ACA 130,2021-10-04,Grozny,0,733.0
843,DWCS 2021: Week 6,2021-10-05,Las Vegas,0,734.0
784,UFC FN,2021-10-09,Las Vegas,1,735.0
845,DWCS 2021: Week 7,2021-10-12,Las Vegas,0,736.0
788,UFC FN,2021-10-16,Las Vegas,1,737.0
848,Bellator 268,2021-10-16,Phoenix,0,738.0
849,DWCS 2021: Week 8,2021-10-19,Las Vegas,0,739.0
851,LFA 116,2021-10-22,Vail,0,740.0
850,Bellator 269,2021-10-23,Moscow,0,741.0
794,UFC FN,2021-10-23,Las Vegas,1,742.0
852,KSW 64,2021-10-23,Lodz,0,743.0
853,XMMA 3,2021-10-23,Florida,0,744.0
854,DWCS 2021: Week 9,2021-10-26,Las Vegas,0,745.0
846,PFL 2021 #10: Championships,2021-10-27,Florida,0,746.0
790,UFC 267,2021-10-30,Abu Dhabi,1,747.0
855,CFFC 102,2021-10-30,Philadelphia,0,748.0
857,DWCS 2021: Week 10,2021-11-03,Las Vegas,0,749.0
858,Bellator 270,2021-11-05,Dublin,0,750.0
859,LFA 117,2021-11-06,California,0,751.0
860,Brave CF 55,2021-11-06,Rostov-On-Don,0,752.0
805,UFC 268,2021-11-06,New York,1,753.0
861,Bellator 271,2021-11-12,Florida,0,754.0
862,LFA 118,2021-11-12,California,0,755.0
828,UFC FN,2021-11-13,Las Vegas,1,756.0
863,Fury FC 53,2021-11-14,Denver,0,757.0
864,ACA 132,2021-11-19,Minsk,0,758.0
865,CFFC 103,2021-11-19,Tunica,0,759.0
829,UFC FN,2021-11-20,Las Vegas,1,760.0
867,AMC 106,2021-11-27,Syktyvkar,0,761.0
869,LFA 119,2021-12-03,Phoenix,0,762.0
866,Bellator 272,2021-12-03,Uncasville,0,763.0
870,ACA 133,2021-12-04,St Petersburg,0,764.0
868,Oktagon 29,2021-12-04,Ostrava,0,765.0
871,EFC 91,2021-12-04,Johannesburg,0,766.0
830,UFC FN,2021-12-04,Las Vegas,1,767.0
872,Cage Warriors 131,2021-12-10,London,0,768.0
873,LFA 120,2021-12-10,Prior Lake,0,769.0
876,Ares FC 2,2021-12-11,Paris,0,770.0
874,Cage Warriors 132,2021-12-11,London,0,771.0
814,UFC 269,2021-12-11,Las Vegas,1,772.0
878,ACA 134,2021-12-17,Krasnodar,0,773.0
877,CFFC 104,2021-12-17,Atlantic City,0,774.0
879,Titan FC 73,2021-12-17,Miami,0,775.0
880,Brave CF 56,2021-12-18,Belgrade,0,776.0
875,KSW 65,2021-12-18,Gliwice,0,777.0
831,UFC FN,2021-12-18,Las Vegas,1,778.0
881,Fury FC 55,2021-12-19,Houston,0,779.0
883,Oktagon 30,2021-12-30,Prague,0,780.0
885,Rizin 33,2021-12-31,Saitama,0,781.0
886,Invicta 45,2022-01-12,Kansas City,0,782.0
891,LFA 121,2022-01-14,Dallas,0,783.0
884,KSW 66,2022-01-15,Szczecin,0,784.0
847,UFC Fight Night: Kattar vs. Chikadze,2022-01-15,Las Vegas,1,785.0
895,LFA 122,2022-01-21,St. Louis,0,786.0
844,UFC 270,2022-01-22,Anaheim,1,787.0
898,ACA 135,2022-01-28,Grozny,0,788.0
899,Babilon MMA 27,2022-01-28,Skierniewice,0,789.0
892,EFC 44,2022-01-28,Miami,0,790.0
900,CFFC 105,2022-01-29,Philadelphia,0,791.0
896,Bellator 273,2022-01-29,Phoenix,0,792.0
901,LFA 123,2022-02-05,Hammond,0,793.0
882,UFC Fight Night: Hermansson vs. Strickland,2022-02-05,Las Vegas,1,794.0
903,FAC 12,2022-02-06,Independence,0,795.0
902,Fury FC 56,2022-02-06,San Antonio,0,796.0
905,Fury FC 57,2022-02-11,Humble,0,797.0
904,LFA 124,2022-02-11,Phoenix,0,798.0
856,UFC 271,2022-02-12,Houston,1,799.0
908,EFC 45,2022-02-18,Moscow,0,800.0
906,PFL Challenger Series 1,2022-02-18,Orlando,0,801.0
887,UFC Fight Night: Walker vs. Hill,2022-02-19,Las Vegas,1,802.0
907,Bellator 274,2022-02-19,Uncasville,0,803.0
910,Bellator 275,2022-02-25,Dublin,0,804.0
913,PFL Challenger Series 2,2022-02-26,USA,0,805.0
912,LFA 125,2022-02-26,New York,0,806.0
914,ACA 136,2022-02-26,Moscow,0,807.0
915,KSW 67,2022-02-26,Warsaw,0,808.0
893,UFC Fight Night: Green vs. Makhachev,2022-02-26,Las Vegas,1,809.0
911,Fury FC 58,2022-02-27,Dallas,0,810.0
918,CES 66,2022-03-04,"Lincoln, Rhode Island",0,811.0
917,Cage Warriors 133,2022-03-05,San Diego,0,812.0
916,PFL Challenger Series 3,2022-03-05,Orlando,0,813.0
890,UFC 272,2022-03-05,Las Vegas,1,814.0
919,ACA 137,2022-03-06,Krasnodar,0,815.0
921,Invicta 46,2022-03-10,Kansas City,0,816.0
909,BFL 71,2022-03-10,Canada,0,817.0
922,EFC 46,2022-03-11,Miami,0,818.0
924,LFA 126,2022-03-12,Complexo Ribalta,0,819.0
920,PFL Challenger Series 4,2022-03-12,Orl,0,820.0
889,UFC Fight Night: Santos vs. Ankalaev,2022-03-12,Las Vegas,1,821.0
923,Bellator 276,2022-03-12,St Louis,0,822.0
932,CFFC 106,2022-03-17,Tampa,0,823.0
931,Cage Warriors 134,2022-03-18,London,0,824.0
930,PFL Challenger Series 5,2022-03-18,Orlando,0,825.0
897,UFC Fight Night: Volkov vs. Aspinall,2022-03-19,London,1,826.0
929,KSW 68,2022-03-19,Radom,0,827.0
940,PFL Challenger Series 7,2022-03-25,Orlando,0,828.0
934,LFA 127,2022-03-25,California,0,829.0
933,PFL Challenger Series 6,2022-03-25,Orlando,0,830.0
937,One X,2022-03-26,Kallang,0,831.0
938,Oktagon Prime 5,2022-03-26,Samorin,0,832.0
936,ACA 138,2022-03-26,Chechnya,0,833.0
935,FAME 13,2022-03-26,Gliwice,0,834.0
888,UFC Fight Night: Blaydes vs. Daukaus,2022-03-26,Columbus,1,835.0
939,Cage Warriors 135,2022-04-01,Manchester,0,836.0
945,CES 67,2022-04-01,Connecticut,0,837.0
942,Cage Warriors 136,2022-04-02,Manchester,0,838.0
943,XMMA 4,2022-04-02,New Orleans,0,839.0
944,LFA 128,2022-04-09,Sioux Falls,0,840.0
947,Oktagon 32,2022-04-09,Ostrava,0,841.0
894,UFC 273,2022-04-09,Jacksonville,1,842.0
946,Bellator 277,2022-04-15,San Jose,0,843.0
953,CFFC 107,2022-04-15,Atlantic City,0,844.0
950,LFA 129,2022-04-15,Minnesota,0,845.0
949,Ares FC 5,2022-04-16,Paris,0,846.0
926,UFC Fight Night: Luque vs. Muhammad II,2022-04-16,Las Vegas,1,847.0
948,PFL 2022 #1,2022-04-20,Texas,0,848.0
954,LFA 130,2022-04-22,North Dakota,0,849.0
955,Bellator 278,2022-04-23,Hawaii,0,850.0
958,KSW 69,2022-04-23,Warsaw,0,851.0
927,UFC Fight Night: Lemos vs. Andrade,2022-04-23,Las Vegas,1,852.0
956,Bellator 279,2022-04-23,Hawaii,0,853.0
957,Fury FC 60,2022-04-24,Houston,0,854.0
959,PFL 2022 #2,2022-04-28,Arlington,0,855.0
960,Brave CF 58,2022-04-30,Incheon,0,856.0
928,UFC Fight Night: Font vs. Vera,2022-04-30,Las Vegas,1,857.0
968,Bellator 280,2022-05-06,Paris,0,858.0
969,LFA 131,2022-05-06,Oshkosh,0,859.0
967,PFL 2022 #3,2022-05-06,Texas,0,860.0
966,Titan FC 76,2022-05-06,Florida,0,861.0
925,UFC 274,2022-05-07,Phoenix,1,862.0
971,Invicta 47,2022-05-11,Kansas City,0,863.0
972,Bellator 281,2022-05-13,London,0,864.0
970,LFA 132,2022-05-13,Rio de Janeiro,0,865.0
951,UFC Fight Night: Bachowicz vs. Raki,2022-05-14,Las Vegas,1,866.0
973,Fury FC 62,2022-05-15,Castle Rock,0,867.0
979,Ares FC 6,2022-05-20,Paris,0,868.0
977,Eagle FC 47,2022-05-20,Miami,0,869.0
980,ACA 139,2022-05-21,Mosco,0,870.0
952,UFC Fight Night: Holm vs. Vieira,2022-05-21,Las Vegas,1,871.0
978,Fury FC 63,2022-05-22,Texas,0,872.0
982,Cage Warriors 137,2022-05-27,Colchester,0,873.0
985,CFFC 109,2022-05-27,Phildelphia,0,874.0
983,KSW 70,2022-05-28,d,0,875.0
981,Cage Warriors 138,2022-05-28,Colchester,0,876.0
987,LFA 133,2022-06-03,Denver,0,877.0
986,Titan FC 77,2022-06-03,Florida,0,878.0
988,Oktagon 33,2022-06-04,Frankfurt,0,879.0
961,UFC Fight Night: Volkov vs. Rozenstruik,2022-06-04,Las Vegas,1,880.0
989,Fury FC 64,2022-06-05,Houston,0,881.0
991,Road to UFC: Singapore - Episode 1,2022-06-09,Kallang,0,882.0
993,Road to UFC: Singapore - Episode 2,2022-06-09,Kallang,0,883.0
994,Road to UFC: Singapore - Episode 3,2022-06-10,Kallang,0,884.0
995,Road to UFC: Singapore - Episode 4,2022-06-10,Kallang,0,885.0
996,Cage Warriors 139,2022-06-10,San Diego,0,886.0
992,LFA 134,2022-06-10,Texas,0,887.0
998,Superior Challenge 24,2022-06-11,Stockholm,0,888.0
941,UFC 275,2022-06-11,Kallang,1,889.0
1002,ACA 140,2022-06-17,Sochi,0,890.0
1003,CES 69,2022-06-17,Rhode Island,0,891.0
997,PFL 2022 #4,2022-06-17,Atlanta,0,892.0
1001,KSW 71,2022-06-18,Torun,0,893.0
962,UFC Fight Night: Kattar vs. Emmett,2022-06-18,Austin,1,894.0
1005,PFL 2022 #5,2022-06-24,Atlanta,0,895.0
1000,Bellator 282,2022-06-24,Connecticut,0,896.0
1006,Ares FC 7,2022-06-25,Paris,0,897.0
1004,Cage Warriors 140,2022-06-25,Belfast,0,898.0
984,UFC Fight Night: Tsarukyan vs. Gamrot,2022-06-25,Las Vegas,1,899.0
1007,Fury FC 65,2022-06-26,New Orleans,0,900.0
1008,PFL 2022 #6,2022-07-01,Atlanta,0,901.0
1009,UAE Warriors 30,2022-07-02,Abu Dhabi,0,902.0
963,UFC 276,2022-07-02,Las Vegas,1,903.0
1011,LFA 135,2022-07-08,Phoenix,0,904.0
1010,Fury FC 66,2022-07-08,California,0,905.0
976,UFC Fight Night: Dos Anjos vs. Fiziev,2022-07-09,Las Vegas,1,906.0
1013,CFFC 110,2022-07-14,Tampa,0,907.0
1014,LFA 136,2022-07-15,Sao Paulo,0,908.0
975,UFC Fight Night: Ortega vs. Rodriguez,2022-07-16,Long Island,1,909.0
1022,Invicta 48,2022-07-20,Denver,0,910.0
1021,ACA 141,2022-07-22,Sochi,0,911.0
1020,Cage Warriors 141,2022-07-22,London,0,912.0
1017,Bellator 283,2022-07-22,Tacoma,0,913.0
1015,KSW 72,2022-07-23,Kielce,0,914.0
964,UFC Fight Night: Blaydes vs. Aspinall,2022-07-23,London,1,915.0
1023,XMMA 5,2022-07-23,South Carolina,0,916.0
1019,DWCS 2022: Week 1,2022-07-26,Las Vegas,0,917.0
1028,CFFC 111,2022-07-29,Tunica,0,918.0
1025,LFA 137,2022-07-29,California,0,919.0
965,UFC 277,2022-07-30,Dallas,1,920.0
1026,Rizin 37,2022-07-31,Saitama,0,921.0
1024,DWCS 2022: Week 2,2022-08-02,Las Vegas,0,922.0
1027,PFL 2022 #7,2022-08-05,New York,0,923.0
1030,LFA 138,2022-08-05,Oklahoma,0,924.0
1012,UFC Fight Night: Santos vs. Hill,2022-08-06,Las Vegas,1,925.0
1029,DWCS 2022: Week 3,2022-08-09,Las Vegas,0,926.0
1033,Bellator 284,2022-08-12,Sioux Falls,0,927.0
1035,ACA 142,2022-08-13,Kazan,0,928.0
1032,PFL 2022 #8,2022-08-13,Cardiff,0,929.0
1034,Cage Warriors 142,2022-08-13,Ebbw Vale,0,930.0
990,UFC Fight Night: Vera vs. Cruz,2022-08-13,San Diego,1,931.0
1036,DWCS 2022: Week 4,2022-08-16,Las Vegas,0,932.0
1038,LFA 139,2022-08-20,Niagra Falls,0,933.0
1039,KSW 73,2022-08-20,Warsaw,0,934.0
1037,PFL 2022 #9,2022-08-20,London,0,935.0
999,UFC 278,2022-08-20,Utah,1,936.0
1042,Fury FC 68,2022-08-21,San Antonio,0,937.0
1040,DWCS 2022: Week 5,2022-08-23,Las Vegas,0,938.0
1048,Centurion Fights 9,2022-08-24,Belgrade,0,939.0
1050,One 160,2022-08-26,Kallang,0,940.0
1052,Fame MMA 15,2022-08-26,Lodz,0,941.0
1047,CFFC 112,2022-08-26,Philadelphia,0,942.0
1049,LFA 140,2022-08-27,North Dakota,0,943.0
1051,One FC on Prime 1,2022-08-27,Kallang,0,944.0
1053,FEN 41,2022-08-27,Mragowo,0,945.0
1046,ACA 143,2022-08-27,Krasnodar,0,946.0
1045,DWCS 2022: Week 6,2022-08-31,Las Vegas,0,947.0
1054,Ares FC 8,2022-09-02,Paris,0,948.0
974,UFC Fight Night: Gane vs. Tuivasa,2022-09-03,Paris,1,949.0
1055,DWCS 2022: Week 7,2022-09-06,Las Vegas,0,950.0
1056,LFA 141,2022-09-10,Colorado,0,951.0
1057,KSW 74,2022-09-10,Ostrow,0,952.0
1018,UFC 279,2022-09-10,Las Vegas,1,953.0
1058,DWCS 2022: Week 8,2022-09-13,Las Vegas,0,954.0
1061,UAE 32,2022-09-16,Yas Island,0,955.0
1060,LFA 142,2022-09-17,Minnesota,0,956.0
1062,UAE 33,2022-09-17,Yas Island,0,957.0
1059,Oktagon 35,2022-09-17,Kridlovicka,0,958.0
1041,UFC Fight Night: Sandhagen vs. Song,2022-09-17,Las Vegas,1,959.0
1063,DWCS 2022: Week 9,2022-09-21,Las Vegas,0,960.0
1069,ACA 145,2022-09-23,Saint Petersburg,0,961.0
1064,Bellator 285,2022-09-23,Dublin,0,962.0
1068,Fury FC 69,2022-09-23,Dallas,0,963.0
1066,Cage Warriors 143,2022-09-23,San Diego,0,964.0
1067,Unified MMA 46,2022-09-23,Alberta,0,965.0
1071,MMA Attack 4,2022-09-24,Bedzin,0,966.0
1070,Rizin 38,2022-09-25,Saitama,0,967.0
1065,DWCS 2022: Week 10,2022-09-27,Las Vegas,0,968.0
1072,Invicta FC 49,2022-09-29,Oklahoma,0,969.0
1076,ONE 161,2022-09-29,Singapore,0,970.0
1073,Brave CF 62,2022-09-30,Almaty,0,971.0
1074,One on Prime 2,2022-09-30,Kallang,0,972.0
1077,LFA 143,2022-09-30,Recife,0,973.0
1043,UFC Fight Night: Dern vs. Yan,2022-10-01,Las Vegas,1,974.0
1075,Bellator 286,2022-10-01,Long Beach,0,975.0
1080,ACA 146,2022-10-04,Grozny,0,976.0
1085,EFC 98,2022-10-06,Johannesburg,0,977.0
1082,Cage Warriors 144,2022-10-07,Rome,0,978.0
1086,FAC 16,2022-10-07,"Independence, Missouri",0,979.0
1084,CFFC 113,2022-10-08,Atlantic City,0,980.0
1089,BFL 74,2022-10-12,"Vancouver, British Columbia",0,981.0
1087,KSW 75,2022-10-14,Nowy Scz,0,982.0
1088,LFA 144,2022-10-14,Sioux Falls,0,983.0
1092,Oktagon 36,2022-10-15,Frankfurt,0,984.0
1091,FEN 42,2022-10-15,Wrocaw,0,985.0
1044,UFC Fight Night: Grasso vs. Araujo,2022-10-15,Las Vegas,1,986.0
1098,Brave CF 63,2022-10-19,Isa Town,0,987.0
1100,UAE Warriors 34,2022-10-20,Abu Dhabi,0,988.0
1104,One 162,2022-10-21,Kuala Lumpur,0,989.0
1099,ONE on Prime 3,2022-10-21,Kuala Lumpur,0,990.0
1095,LFA 145,2022-10-21,"Oshkosh, Wisconsin",0,991.0
1016,UFC 280,2022-10-22,Abu Dhabi,1,992.0
1102,Brave CF 64,2022-10-22,Isa Town,0,993.0
1101,RIZIN 39,2022-10-23,Fukuoka,0,994.0
1096,Road to UFC 5: Abu Dhabi,2022-10-23,Abu Dhabi,0,995.0
1097,Road to UFC 6: Abu Dhabi,2022-10-23,Abu Dhabi,0,996.0
1106,Brave CF 65,2022-10-28,Isa Town,0,997.0
1105,Bellator 287,2022-10-29,Milan,0,998.0
1081,UFC Fight Night: Kattar vs. Allen,2022-10-29,Las Vegas,1,999.0
1107,Fury FC 70,2022-10-30,"Edinburg, Texas",0,1000.0
1114,EFC 99,2022-11-03,Johannesburg,0,1001.0
1109,Ares FC 9,2022-11-03,Paris,0,1002.0
1110,ACA 147,2022-11-04,Moscow,0,1003.0
1108,Cage Warriors 145,2022-11-04,London,0,1004.0
1112,LFA 146,2022-11-05,Sao Paulo,0,1005.0
1083,UFC Fight Night: Rodriguez vs. Lemos,2022-11-05,Las Vegas,1,1006.0
1115,Rizin Landmark 4,2022-11-06,"Nagoya, Aichi",0,1007.0
1116,Fury FC 71,2022-11-06,Texas,0,1008.0
1119,CFFC 114,2022-11-10,"Tampa, Florida",0,1009.0
1120,Babilon MMA 32,2022-11-11,Radom,0,1010.0
1117,KSW 76,2022-11-12,Grodzisk Mazowiecki,0,1011.0
1111,Cage Warriors 146,2022-11-12,Manchester,0,1012.0
1031,UFC 281,2022-11-12,New York,1,1013.0
1121,Centurion FC,2022-11-16,La Valletta,0,1014.0
1123,Invicta FC 50,2022-11-16,"Denver, Colorado",0,1015.0
1127,CES 71,2022-11-17,Rhode Island,0,1016.0
1126,ACA 148,2022-11-18,Sochi,0,1017.0
1128,CFFC 115,2022-11-18,Tunica,0,1018.0
1118,Bellator 288,2022-11-18,"Chicago, Illinois",0,1019.0
1124,Anthony Pettis FC 3,2022-11-18,"Franklin, Wisconsin",0,1020.0
1125,One on Prime 4,2022-11-18,Singapore,0,1021.0
1122,LFA 147,2022-11-18,"Sloan, Iowa",0,1022.0
1129,One 163,2022-11-19,Singapore,0,1023.0
1090,UFC Fight Night: Nzechukwu vs. Cutelaba,2022-11-19,Las Vegas,1,1024.0
1130,Cage Warriors 147,2022-11-20,London,0,1025.0
1094,PFL 2022 #10,2022-11-25,New York,0,1026.0
1131,Brave CF 66,2022-11-26,Bali,0,1027.0
1133,EFC 100,2022-12-01,Sandton,0,1028.0
1138,BFL 75,2022-12-02,Vancouver,0,1029.0
1135,One on Prime 5,2022-12-02,Manila,0,1030.0
1136,Unified MMA 47,2022-12-02,Calgary,0,1031.0
1137,One 164,2022-12-03,Singapore,0,1032.0
1134,Oktagon 37,2022-12-03,Ostrava,0,1033.0
1093,UFC Fight Night: Thompson vs. Holland,2022-12-03,Orlando,1,1034.0
1139,Ares FC 10,2022-12-08,Paris,0,1035.0
1132,Bellator 289,2022-12-09,Uncasville,0,1036.0
1140,LFA 148,2022-12-09,Commerce,0,1037.0
1079,UFC 282,2022-12-10,Las Vegas,1,1038.0
1142,ACA 149,2022-12-16,Moscow,0,1039.0
1144,CFFC 116,2022-12-16,Atlantic City,0,1040.0
1145,Brave CF 68,2022-12-17,Dusseldorf,0,1041.0
1141,KSW 77,2022-12-17,Gliwice,0,1042.0
1078,UFC Fight Night: Cannonier vs. Strickland,2022-12-17,Las Vegas,1,1043.0
1150,Fury FC 72,2022-12-18,Houston,0,1044.0
1151,Octagon 38,2022-12-21,Almaty,0,1045.0
1149,ACA 150,2022-12-23,Moscow,0,1046.0
1154,Oktagon 38,2022-12-30,Prague,0,1047.0
1147,Rizin 40,2022-12-31,Saitama,0,1048.0
1148,Bellator vs Rizin,2022-12-31,Saitama,0,1049.0
1146,Cage Warriors 148,2022-12-31,London,0,1050.0
1152,LFA 149,2023-01-06,Arizona,0,1051.0
1159,One on Prime 6,2023-01-13,Bangkok,0,1052.0
1160,LFA 150,2023-01-13,Minnesota,0,1053.0
1163,A1 Combat 7,2023-01-13,California,0,1054.0
1143,UFC Fight Night: Strickland vs. Imavov,2023-01-14,Las Vegas,1,1055.0
1162,Invicta FC 51,2023-01-18,Denver,0,1056.0
1165,Centurion FC,2023-01-20,Belgrade,0,1057.0
1164,Ares FC 11,2023-01-20,Paris,0,1058.0
1161,KSW 78,2023-01-21,Szczecin,0,1059.0
1113,UFC 283,2023-01-21,Rio de Janeiro,1,1060.0
1168,ACA 151,2023-01-27,Kazan,0,1061.0
1167,PFL Challenger Series: Week 1,2023-01-28,"Orlando, Florida",0,1062.0
1171,FEN 44,2023-01-28,Ostrw Wielkopolski,0,1063.0
1169,LFA 151,2023-01-28,So Paulo,0,1064.0
1170,Fury FC 73,2023-01-29,"San Antonio, Texas",0,1065.0
1174,PFL Challenger Series: Week 2,2023-02-03,"Orlando, Florida",0,1066.0
1173,Bellator 290,2023-02-04,"Inglewood, California",0,1067.0
1153,UFC Fight Night: Lewis vs. Spivak,2023-02-04,Las Vegas,1,1068.0
1176,Fury FC 74,2023-02-05,"Houston, Texas",0,1069.0
1179,LFA 152,2023-02-10,"Shawnee, Oklahoma",0,1070.0
1177,PFL Challenger Series 2023: Week 3,2023-02-10,"Orlando, Florida",0,1071.0
1180,Oktagon 39,2023-02-11,Munich,0,1072.0
1103,UFC 284,2023-02-11,Perth,1,1073.0
1184,Ares FC 12,2023-02-17,Paris,0,1074.0
1183,PFL Challenger Series: Week 4,2023-02-17,"Orlando, Florida",0,1075.0
1182,LFA 153,2023-02-17,"Hammond, Indiana",0,1076.0
1185,Fury FC 75,2023-02-17,"Dallas, Texas",0,1077.0
1186,Brave CF 69,2023-02-18,Serbia,0,1078.0
1157,UFC Fight Night: Andrade vs. Blanchfield,2023-02-18,Las Vegas,1,1079.0
1189,One on Prime 7,2023-02-24,Bangkok,0,1080.0
1188,PFL Challenger Series: Week 5,2023-02-24,"Orlando, Florida",0,1081.0
1191,ACA 152,2023-02-25,"Grozny, Chechnya",0,1082.0
1190,FCR 15,2023-02-25,Solna,0,1083.0
1181,KSW 79,2023-02-25,Liberec,0,1084.0
1187,Bellator 291,2023-02-25,Dublin,0,1085.0
1158,UFC Fight Night: Muniz vs. Allen,2023-02-25,Las Vegas,1,1086.0
1195,EFC 101,2023-03-02,Sandton,0,1087.0
1192,PFL Challenger Series 2023: Week 6,2023-03-03,"Orlando, Florida",0,1088.0
1193,Cage Warriors 149,2023-03-03,"San Diego, California",0,1089.0
1194,Oktagon 40,2023-03-04,Ostrava,0,1090.0
1155,UFC 285,2023-03-04,Las Vegas,1,1091.0
1200,ACA 153,2023-03-09,Moscow,0,1092.0
1198,Ares FC 13,2023-03-09,Paris,0,1093.0
1196,Bellator 292,2023-03-10,"San Jose, California",0,1094.0
1197,LFA 154,2023-03-10,"Cajamar, So Paulo",0,1095.0
1199,PFL Challenger Series 2023: Week 7,2023-03-10,"Orlando, Florida",0,1096.0
1201,FEN 45,2023-03-11,Zabki,0,1097.0
1166,UFC Fight Night: Yan vs. Dvalishvili,2023-03-11,Las Vegas,1,1098.0
1204,Centurion FC,2023-03-15,Dubai,0,1099.0
1202,Invicta FC 52,2023-03-15,"Denver, Colorado",0,1100.0
1207,ACA 154,2023-03-17,Krasnodar,0,1101.0
1206,KSW 80,2023-03-17,Lubin,0,1102.0
1205,Cage Warriors 150,2023-03-17,London,0,1103.0
1203,PFL Challenger Series 2023: Week 8,2023-03-17,"Orlando, Florida",0,1104.0
1208,UAE Warriors 39,2023-03-18,Abu Dhabi,0,1105.0
1156,UFC 286,2023-03-18,London,1,1106.0
1210,Urijah Faber's A1 Combat 9,2023-03-18,Long Beach,0,1107.0
1215,Cage Warriors 151,2023-03-24,London,0,1108.0
1217,Fury FC 76,2023-03-24,"San Antonio, Texas",0,1109.0
1216,One Fight Night 8,2023-03-24,Singapore,0,1110.0
1214,LFA 155,2023-03-24,"Niagara Falls, New York",0,1111.0
1213,PFL Europe 1,2023-03-25,Newcastle,0,1112.0
1175,UFC Fight Night: Vera vs. Sandhagen,2023-03-25,"San Antonio, Texas",1,1113.0
1221,BFL 76,2023-03-31,"Vancouver, British Columbia",0,1114.0
1220,Bellator 293,2023-03-31,"Temecula, California",0,1115.0
1222,CFFC 117,2023-03-31,"Phildelphia, Pennsylvania",0,1116.0
1218,Rizin 41,2023-04-01,Osaka,0,1117.0
1219,PFL 1: 2023,2023-04-01,"Las Vegas, Nevada",0,1118.0
1223,CFFC 118,2023-04-01,"Phildelphia, Pennsylvania",0,1119.0
1226,Ares FC 14,2023-04-07,Paris,0,1120.0
1224,PFL 2: 2023,2023-04-07,"Las Vegas, Nevada",0,1121.0
1225,ACA 155,2023-04-08,Minsk,0,1122.0
1172,UFC 287,2023-04-08,Miami,1,1123.0
1231,EFC 102,2023-04-13,Sandton,0,1124.0
1227,PFL 3: 2023,2023-04-14,"Las Vegas, Nevada",0,1125.0
1230,LFA 156,2023-04-14,"Sioux Falls, South Dakota",0,1126.0
1229,Cage Warriors 152,2023-04-15,Manchester,0,1127.0
1228,Oktagon 41,2023-04-15,Liberec,0,1128.0
1178,UFC Fight Night: Holloway vs. Allen,2023-04-15,Kansas City,1,1129.0
1232,Fury FC 77,2023-04-16,Denver,0,1130.0
1240,CFFC 119,2023-04-20,"Tampa, Florida",0,1131.0
1233,Bellator 294,2023-04-21,"Honolulu, Hawaii",0,1132.0
1239,LFA 157,2023-04-21,"Prior Lake, Minnesota",0,1133.0
1238,One Fight Night 9,2023-04-21,Singapore,0,1134.0
1235,KSW 81,2023-04-22,Tomaszw Mazowiecki,0,1135.0
1211,UFC Fight Night: Pavlovich vs. Blaydes,2023-04-22,"Las Vegas, Nevada",1,1136.0
1234,Bellator 295,2023-04-22,"Honolulu, Hawaii",0,1137.0
1242,Brave CF 70,2023-04-23,Llubljana,0,1138.0
1241,Fury FC 78,2023-04-23,"Houston, Texas",0,1139.0
1246,ACA 156,2023-04-28,Moscow,0,1140.0
1249,A1 Combat 10,2023-04-28,"Lemoore, California",0,1141.0
1243,Rizin Landmark 5,2023-04-29,Tokyo,0,1142.0
1244,Cage Warriors 153,2023-04-29,Dublin,0,1143.0
1245,Oktagon 42,2023-04-29,Bratislava,0,1144.0
1212,UFC Fight Night: Song vs. Simn,2023-04-29,"Las Vegas, Nevada",1,1145.0
1254,XMMA 6,2023-05-03,"Myrtle Beach, South Carolina",0,1146.0
1251,Invicta FC 53,2023-05-03,"Denver, Colorado",0,1147.0
1252,One Fight Night 10,2023-05-05,"Broomfield, Colorado",0,1148.0
1253,Rizin 42,2023-05-06,Tokyo,0,1149.0
1250,Cage Warriors 154,2023-05-06,Rome,0,1150.0
1209,UFC 288,2023-05-06,"Newark, New Jersey",1,1151.0
1260,Fury FC 79,2023-05-07,"Tulsa, Oklahoma",0,1152.0
1262,EFC 103,2023-05-11,Sandton,0,1153.0
1263,Ares FC 15,2023-05-11,Paris,0,1154.0
1259,Bellator 296,2023-05-12,Paris,0,1155.0
1264,CES 73,2023-05-12,"Beverly, Massachusetts",0,1156.0
1261,KSW 82,2023-05-13,Warsaw,0,1157.0
1236,UFC Fight Night: Rozenstruik vs. Almeida,2023-05-13,"Charlotte, North Carolina",1,1158.0
1270,UAE Warriors 41,2023-05-19,Abu Dhabi,0,1159.0
1271,ACA 157,2023-05-19,"Kazan, Tatarstan",0,1160.0
1265,LFA 158,2023-05-20,Arizona,0,1161.0
1272,UAE Warriors 42,2023-05-20,Abu Dhabi,0,1162.0
1269,Fame MMA 18,2023-05-20,Lodz,0,1163.0
1268,Oktagon 43,2023-05-20,Prague,0,1164.0
1247,UFC Fight Night: Hill vs. Dern,2023-05-20,"Las Vegas, Nevada",1,1165.0
1273,Road to UFC: Shanghai Episode 1 & 2,2023-05-27,Shanghai,0,1166.0
1276,LFA 159,2023-05-27,So Paulo,0,1167.0
1274,Road to UFC: Shanghai Episode 3 & 4,2023-05-28,Shanghai,0,1168.0
1278,ACA 158,2023-06-02,Saint Petersburg,0,1169.0
1277,Cage Warriors 155,2023-06-02,San Diego,0,1170.0
1280,FCR 16,2023-06-03,Vsters,0,1171.0
1275,KSW 83,2023-06-03,Warsaw,0,1172.0
1248,UFC Fight Night: Kara-France vs. Albazi,2023-06-03,"Las Vegas, Nevada",1,1173.0
1283,PFL 4: Regular Season,2023-06-08,"Atlanta, Georgia",0,1174.0
1284,One Fight Night 11,2023-06-09,Bangkok,0,1175.0
1237,UFC 289,2023-06-10,Vancouver,1,1176.0
1281,ACA 159,2023-06-16,Sochi,0,1177.0
1286,LFA 160,2023-06-16,"Owensboro, Kentucky",0,1178.0
1282,Bellator 297,2023-06-16,"Chicago, Illinois",0,1179.0
1285,PFL 5: Regular Season,2023-06-16,"Atlanta, Georgia",0,1180.0
1288,CFFC 120,2023-06-16,New Jersey,0,1181.0
1287,Oktagon 44,2023-06-17,Oberhausen,0,1182.0
1255,UFC Fight Night: Vettori vs. Cannonier,2023-06-17,"Las Vegas, Nevada",1,1183.0
1292,Ares FC 16,2023-06-23,Paris,0,1184.0
1289,PFL 6: Regular Season,2023-06-23,"Atlanta, Georgia",0,1185.0
1290,LFA 161,2023-06-24,California,0,1186.0
1291,Rizin 43,2023-06-24,Hokkaido,0,1187.0
1256,UFC Fight Night: Emmett vs. Topuria,2023-06-24,"Jacksonville, Florida",1,1188.0
1294,Cage Warriors 156,2023-07-01,Cardiff,0,1189.0
1257,UFC Fight Night: Strickland vs. Magomedov,2023-07-01,"Las Vegas, Nevada",1,1190.0
1296,LFA 162,2023-07-07,So Paulo,0,1191.0
1295,PFL Europe 2,2023-07-08,Berlin,0,1192.0
1258,UFC 290,2023-07-08,"Las Vegas, Nevada",1,1193.0
1303,CFFC 121,2023-07-14,"Tunica, Mississippi",0,1194.0
1301,One Fight Night 12,2023-07-14,Bangkok,0,1195.0
1297,KSW 84,2023-07-15,Gdynia,0,1196.0
1293,UFC Fight Night: Holm vs. Bueno Silva,2023-07-15,"Las Vegas, Nevada",1,1197.0
1304,Fury FC 81,2023-07-16,"San Antonio, Texas",0,1198.0
1307,CFFC 122,2023-07-20,Florida,0,1199.0
1306,ACA 160,2023-07-21,Sochi,0,1200.0
1302,Cage Warriors 157,2023-07-21,London,0,1201.0
1305,LFA 163,2023-07-21,"Belton, Texas",0,1202.0
1279,UFC Fight Night: Aspinall vs. Tybura,2023-07-22,London,1,1203.0
1309,Cage Warriors 158,2023-07-29,Rome,0,1204.0
1300,Oktagon 45,2023-07-29,Prague,0,1205.0
1266,UFC 291,2023-07-29,"Salt Lake City, Utah",1,1206.0
1308,Bellator vs Rizin 2,2023-07-30,Saitama,0,1207.0
1312,Super Rizin 2,2023-07-30,Saitama,0,1208.0
1313,PFL 7: 2023 Playoffs,2023-08-04,"San Antonio, Texas",0,1209.0
1315,One Fight Night 13,2023-08-05,Bangkok,0,1210.0
1316,A1 Combat 13,2023-08-05,"Lemoore, California",0,1211.0
1314,LFA 164,2023-08-05,"El Paso, Texas",0,1212.0
1298,UFC Fight Night: Sandhagen vs. Font,2023-08-05,"Nashville, Tennessee",1,1213.0
1311,Contender Series 2023: Week 1,2023-08-08,Las Vegas,0,1214.0
1321,EFC 106,2023-08-10,Sandton,0,1215.0
1320,ACA 161,2023-08-11,Moscow,0,1216.0
1318,Bellator 298,2023-08-11,"Sioux Falls, South Dakota",0,1217.0
1299,UFC Fight Night: Luque vs. Dos Anjos,2023-08-12,"Las Vegas, Nevada",1,1218.0
1323,Brave CF 73,2023-08-12,Bogota,0,1219.0
1322,Contender Series 2023: Week 2,2023-08-15,Las Vegas,0,1220.0
1327,PFL 8: 2023 Playoffs,2023-08-18,"New York City, New York",0,1221.0
1329,LFA 165,2023-08-18,"Santa Cruz, California",0,1222.0
1319,KSW 85,2023-08-19,Nowy Scz,0,1223.0
1267,UFC 292,2023-08-19,"Boston, Massachusetts",1,1224.0
1328,Contender Series 2023: Week 3,2023-08-22,Las Vegas,0,1225.0
1331,PFL 9: 2023 Playoffs,2023-08-23,"New York City, New York",0,1226.0
1333,UAE Warriors 43,2023-08-25,Abu Dhabi,0,1227.0
1332,FEN 49,2023-08-25,Mrgowo,0,1228.0
1317,UFC Fight Night: Holloway vs. Jung,2023-08-26,Singapore,1,1229.0
1334,UAE Warriors 44,2023-08-26,Abu Dhabi,0,1230.0
1335,Road to UFC: Singapore Episode 1,2023-08-27,Singapore,0,1231.0
1336,Road to UFC: Singapore Episode 2,2023-08-27,Singapore,0,1232.0
1340,Fury FC 82,2023-08-27,"Houston, Texas",0,1233.0
1337,Contender Series 2023: Week 4,2023-08-29,Las Vegas,0,1234.0
1342,CFFC 123,2023-09-01,"Bensalem, Pennsylvania",0,1235.0
1344,Fury Challenger Series 6,2023-09-02,"Galveston, Texas",0,1236.0
1339,ACA 162,2023-09-02,Krasnodar,0,1237.0
1343,FEN 50,2023-09-02,Gliwice,0,1238.0
1325,UFC Fight Night: Gane vs. Spivac,2023-09-02,Paris,1,1239.0
1346,A1 Combat 14,2023-09-02,"Los Angeles, California",0,1240.0
1345,CFFC 124,2023-09-02,"Bensalem, Pennsylvania",0,1241.0
1338,LFA 166,2023-09-02,"Cajamar, So Paulo",0,1242.0
1347,Contender Series 2023: Week 5,2023-09-05,Las Vegas,0,1243.0
1349,Brave CF 74,2023-09-07,Nantes,0,1244.0
1348,Cage Warriors 159,2023-09-09,San Diego,0,1245.0
1350,FCR 17,2023-09-09,Uppsala,0,1246.0
1326,UFC 293,2023-09-09,Sydney,1,1247.0
1351,Contender Series 2023: Week 6,2023-09-12,Las Vegas,0,1248.0
1358,Combat FC 5,2023-09-15,"Wilmington, Massachusetts",0,1249.0
1356,CFFC 125,2023-09-15,"New Town, North Dakota",0,1250.0
1355,LFA 167,2023-09-15,"Niagara Falls, New York",0,1251.0
1353,Oktagon 46,2023-09-16,Frankfurt,0,1252.0
1352,KSW 86,2023-09-16,Wroclaw,0,1253.0
1324,UFC Fight Night: Grasso vs. Shevchenko II,2023-09-16,Las Vegas,1,1254.0
1359,Fury FC 83,2023-09-17,"Tulsa, Oklahoma",0,1255.0
1360,Contender Series 2023: Week 7,2023-09-19,Las Vegas,0,1256.0
1362,ACA 163,2023-09-22,Minsk,0,1257.0
1361,LFA 168,2023-09-22,"Prior Lake, Minnesota",0,1258.0
1357,Bellator 299,2023-09-23,Dublin,0,1259.0
1341,UFC Fight Night: Fiziev vs. Gamrot,2023-09-23,Las Vegas,1,1260.0
1363,Rizin 44,2023-09-24,Saitama,0,1261.0
1365,Fury Challenger Series 7,2023-09-24,"Houston, Texas",0,1262.0
1368,Contender Series 2023: Week 8,2023-09-26,"Las Vegas, Nevada",0,1263.0
1367,Cage Warriors 160,2023-09-29,Manchester,0,1264.0
1370,One Fight Night 14,2023-09-29,Singapore,0,1265.0
1366,PFL Europe 3: 2023 Playoffs,2023-09-30,Paris,0,1266.0
1373,Rizin Landmark 6,2023-10-01,"Nagoya, Aichi",0,1267.0
1372,Contender Series 2023: Week 9,2023-10-03,"Las Vegas, Nevada",0,1268.0
1374,ACA 164,2023-10-04,"Grozny, Chechnya",0,1269.0
1377,One Fight Night 15,2023-10-06,Bangkok,0,1270.0
1375,LFA 169,2023-10-06,"Dallas, Texas",0,1271.0
1376,Oktagon 47,2023-10-07,Bratislava,0,1272.0
1354,UFC Fight Night: Dawson vs. Green,2023-10-07,"Las Vegas, Nevada",1,1273.0
1371,Bellator 300,2023-10-07,"San Diego, California",0,1274.0
1378,Contender Series 2023: Week 10,2023-10-10,"Las Vegas, Nevada",0,1275.0
1382,EFC 108,2023-10-12,Sandton,0,1276.0
1383,CFFC 126,2023-10-13,"Tampa, Florida",0,1277.0
1384,FEN 51,2023-10-14,Lublin,0,1278.0
1380,KSW 87,2023-10-14,Tinec,0,1279.0
1381,Cage Warriors 161,2023-10-14,Dublin,0,1280.0
1364,UFC Fight Night: Yusuff vs. Barboza,2023-10-14,"Las Vegas, Nevada",1,1281.0
1385,UAE Warriors 45,2023-10-17,Abu Dhabi,0,1282.0
1386,BFL 78,2023-10-19,"Vancouver, British Columbia",0,1283.0
1387,Octagon 51,2023-10-21,Almaty,0,1284.0
1330,UFC 294,2023-10-21,Abu Dhabi,1,1285.0
1390,Fury Challenger Series 8,2023-10-22,"Houston, Texas",0,1286.0
1391,Invicta FC 54,2023-10-27,"Boston, Massachusetts",0,1287.0
1392,LFA 170,2023-10-28,"Vail, Colorado",0,1288.0
1389,Cage Warriors 162,2023-10-28,Rome,0,1289.0
1393,Unified MMA 53,2023-10-28,"Ottawa, Ontario",0,1290.0
1396,ACA 165,2023-11-03,St. Petersburg,0,1291.0
1398,LFA 171,2023-11-03,So Paulo,0,1292.0
1399,CFFC 127,2023-11-03,"Tunica, Mississippi",0,1293.0
1397,One Fight Night 16,2023-11-03,Bangkok,0,1294.0
1394,Rizin Landmark 7,2023-11-04,Baku,0,1295.0
1395,Oktagon 48,2023-11-04,Manchester,0,1296.0
1379,UFC Fight Night: Lewis vs. Almeida,2023-11-04,Sao Paulo,1,1297.0
1401,Fury Challenger Series 9,2023-11-05,"Houston, Texas",0,1298.0
1404,EFC 109,2023-11-09,Sandton,0,1299.0
1402,KSW 88,2023-11-11,Radom,0,1300.0
1403,Cage Warriors 163,2023-11-11,London,0,1301.0
1310,UFC 295,2023-11-11,New York,1,1302.0
1407,Fury Challenger Series 10,2023-11-12,"Houston, Texas",0,1303.0
1410,Ares FC 17,2023-11-17,Levallois-Perret,0,1304.0
1406,Bellator 301,2023-11-17,"Chicago, Illinois",0,1305.0
1409,LFA 172,2023-11-17,"Phoenix, Arizona",0,1306.0
1408,Oktagon 49,2023-11-18,Cologne,0,1307.0
1388,UFC Fight Night: Allen vs. Craig,2023-11-18,Las Vegas,1,1308.0
1413,A1 Combat 15,2023-11-18,"Wheatland, California",0,1309.0
1412,Anthony Pettis FC 9,2023-11-19,"Milwaukee, Wisconsin",0,1310.0
1414,ACA 166,2023-11-24,St. Petersburg,0,1311.0
1405,PFL 10: 2023 PFL World Championship,2023-11-24,"Washington, D.C.",0,1312.0
1418,Brave CF 76,2023-11-25,Jakarta,0,1313.0
1417,FCR 18,2023-11-25,Stockholm,0,1314.0
1415,Cage Warriors 164,2023-11-25,Newcastle,0,1315.0
1400,UFC Fight Night: Dariush vs. Tsarukyan,2023-12-02,"Austin, Texas",1,1316.0
1426,Fury FC 84,2023-12-03,"Houston, Texas",0,1317.0
1429,Brave CF 77,2023-12-05,Bahrain,0,1318.0
1433,EFC 110,2023-12-07,Sandton,0,1319.0
1430,Brave CF 78,2023-12-07,Fortaleza,0,1320.0
1424,ACA 167,2023-12-08,"Ufa, Bashkortostan",0,1321.0
1432,Brave CF 79,2023-12-08,Isa Town,0,1322.0
1425,PFL Europe 4: 2023 Championships,2023-12-08,Dublin,0,1323.0
1419,Oktagon 50,2023-12-09,Ostrava,0,1324.0
1416,UFC Fight Night: Song vs. Gutierrez,2023-12-09,"Last Vegas, Nevada",1,1325.0
1434,Brave CF 80,2023-12-15,Isa Town,0,1326.0
1436,Ares FC 18,2023-12-15,Levallois-Perret,0,1327.0
1435,Cage Warriors 165,2023-12-15,San Diego,0,1328.0
1437,CFFC 128,2023-12-15,"Atlantic City, New Jersey",0,1329.0
1431,LFA 173,2023-12-15,"Las Vegas, Nevada",0,1330.0
1427,WOW 11,2023-12-16,Madrid,0,1331.0
1420,KSW 89,2023-12-16,Gliwice,0,1332.0
1369,UFC 296,2023-12-16,"Las Vegas, Nevada",1,1333.0
1443,Naiza FC 56,2023-12-21,Almaty,0,1334.0
1441,Octagon 53,2023-12-23,Almaty,0,1335.0
1440,A1 Combat 16,2023-12-23,"Visalia, California",0,1336.0
1438,ACA 168,2023-12-24,Moscow,0,1337.0
1421,Oktagon 51,2023-12-29,Prague,0,1338.0
1422,Rizin 45,2023-12-31,Saitama,0,1339.0
1449,One Fight Night 18,2024-01-12,Bangkok,0,1340.0
1446,LFA 174,2024-01-12,"Prior Lake, Minnesota",0,1341.0
1428,UFC Fight Night: Ankalaev vs. Walker,2024-01-13,"Las Vegas, Nevada",1,1342.0
1453,Octagon 54,2024-01-19,Almaty,0,1343.0
1452,Unified MMA 55,2024-01-19,"Toronto, Ontario",0,1344.0
1451,A1 Combat 17,2024-01-19,"Sacramento, California",0,1345.0
1455,UAE Warriors 46,2024-01-20,Abu Dhabi,0,1346.0
1450,KSW 90,2024-01-20,Warsaw,0,1347.0
1411,UFC 297,2024-01-20,"Toronto, Ontario",1,1348.0
1456,UAE Warriors 47,2024-01-21,Abu Dhabi,0,1349.0
1454,Fury FC 85,2024-01-21,"Houston, Texas",0,1350.0
1457,ACA 169,2024-01-26,"Grozny, Chechnya",0,1351.0
1445,Oktagon 52,2024-01-27,Newcastle,0,1352.0
1462,LFA 175,2024-01-27,Sao Paulo,0,1353.0
1458,One 165,2024-01-28,Tokyo,0,1354.0
1442,UFC Fight Night: Dolidze vs. Imavov,2024-02-03,"Las Vegas, Nevada",1,1355.0
1463,Road to UFC: Las Vegas,2024-02-04,Las Vegas,0,1356.0
1467,Fury Challenger Series 11,2024-02-04,"Houston, Texas",0,1357.0
1464,ACA 170,2024-02-09,Moscow,0,1358.0
1469,CFFC 129,2024-02-09,"Philadelphia, Pennsylvania",0,1359.0
1468,LFA 176,2024-02-09,"Phoenix, Arizona",0,1360.0
1459,Oktagon 53,2024-02-10,Oberhausen,0,1361.0
1447,UFC Fight Night: Hermansson vs. Pyfer,2024-02-10,"Las Vegas, Nevada",1,1362.0
1473,Octagon 55,2024-02-16,Almaty,0,1363.0
1472,One Fight Night 19,2024-02-16,Bangkok,0,1364.0
1465,KSW 91,2024-02-17,Liberec,0,1365.0
1423,UFC 298,2024-02-17,Anaheim,1,1366.0
1478,A1 Combat 18,2024-02-22,"Lemoore, California",0,1367.0
1479,Fury FC 86,2024-02-23,"Dallas, Texas",0,1368.0
1476,Cage Warriors 166,2024-02-23,San Diego,0,1369.0
1475,LFA 177,2024-02-23,"Niagara Falls, New York",0,1370.0
1477,Rizin Landmark 8,2024-02-24,Saga,0,1371.0
1481,FCR 19,2024-02-24,Stockholm,0,1372.0
1474,KSW Epic,2024-02-24,Gliwice,0,1373.0
1471,PFL vs. Bellator: Champs,2024-02-24,Riyadh,0,1374.0
1448,UFC Fight Night: Moreno vs. Royval,2024-02-24,Mexico City,1,1375.0
1480,ACA 171,2024-02-25,Krasnodar,0,1376.0
1460,One 166,2024-03-01,Lusail,0,1377.0
1482,Oktagon 54,2024-03-02,Ostrava,0,1378.0
1483,WOW 12,2024-03-02,Madrid,0,1379.0
1466,UFC Fight Night: Rozenstruik vs. Gaziev,2024-03-02,"Las Vegas, Nevada",1,1380.0
1484,UAE Warriors 48,2024-03-03,Santa Catarina,0,1381.0
1487,PFL Europe 1: 2024 Regular Season,2024-03-07,Paris,0,1382.0
1488,Ares FC 19,2024-03-08,Aubervilliers,0,1383.0
1491,Centurion FC 18,2024-03-08,Rio de Janeiro,0,1384.0
1489,CFFC 130,2024-03-08,"Tampa, Florida",0,1385.0
1490,One Fight Night 20,2024-03-08,Bangkok,0,1386.0
1486,LFA 178,2024-03-09,"Santa Cruz, California",0,1387.0
1485,ACA 172,2024-03-09,Moscow,0,1388.0
1439,UFC 299,2024-03-09,"Miami, Florida",1,1389.0
1494,Octagon 56,2024-03-10,Almaty,0,1390.0
1493,Fury FC 87,2024-03-10,"Houston, Texas",0,1391.0
1497,Cage Warriors 167,2024-03-15,Manchester,0,1392.0
1496,KSW 92,2024-03-16,Gorzw Wielkopolski,0,1393.0
1498,Cage Warriors 168,2024-03-16,Manchester,0,1394.0
1461,UFC Fight Night: Tuivasa vs. Tybura,2024-03-16,Las Vegas,1,1395.0
1499,Bellator Champions Series,2024-03-22,Belfast,0,1396.0
1503,Rizin Landmark 9,2024-03-22,"Kobe, Hyogo",0,1397.0
1500,Oktagon 55,2024-03-23,Stuttgart,0,1398.0
1501,LFA 179,2024-03-23,Rio de Janeiro,0,1399.0
1470,UFC Fight Night: Ribas vs. Namajunas,2024-03-23,Las Vegas,1,1400.0
1505,Fury FC 88,2024-03-24,"San Antonio, Texas",0,1401.0
1506,ACA 173,2024-03-29,Minsk,0,1402.0
1508,LFA 180,2024-03-29,"Louisville, Kentucky",0,1403.0
1507,Cage Warriors 169,2024-03-30,London,0,1404.0
1492,UFC Fight Night: Blanchfield vs. Fiorot,2024-03-30,"Atlantic City, New Jersey",1,1405.0
1502,PFL 1: 2024 Regular Season,2024-04-04,"San Antonio, Texas",0,1406.0
1512,LFA 181,2024-04-05,"Prior Lake, Minnesota",0,1407.0
1511,Cage Warriors 170,2024-04-06,Dublin,0,1408.0
1504,KSW 93,2024-04-06,Paris,0,1409.0
1495,UFC Fight Night: Allen vs. Curtis II,2024-04-06,"Las Vegas, Nevada",1,1410.0
1513,PFL 2: 2024 Regular Season,2024-04-12,"Las Vegas, Nevada",0,1411.0
1514,CFFC 131,2024-04-12,"Atlantic City, New Jersey",0,1412.0
1444,UFC 300,2024-04-13,"Las Vegas, Nevada",1,1413.0
1519,Ares FC 20,2024-04-18,Paris,0,1414.0
1518,ACA 174,2024-04-19,St. Petersburg,0,1415.0
1515,PFL 3: 2024 Regular Season,2024-04-19,"Chicago, Illinois, United States",0,1416.0
1516,Cage Warriors 171,2024-04-20,Glasgow,0,1417.0
1517,Oktagon 56,2024-04-20,Birmingham,0,1418.0
1521,LFA 182,2024-04-26,"Sioux Falls, South Dakota",0,1419.0
1509,UFC Fight Night: Nicolau vs Perez,2024-04-27,"Las Vegas, Nevada",1,1420.0
1522,Rizin 46,2024-04-29,Tokyo,0,1421.0
1526,LFA 183,2024-05-03,Rio de Janeiro,0,1422.0
1525,One Fight Night 22,2024-05-03,Bangkok,0,1423.0
1523,Oktagon 57,2024-05-04,Frankfurt,0,1424.0
1510,UFC 301,2024-05-04,Rio de Janeiro,1,1425.0
1527,PFL MENA 1: Riyadh,2024-05-10,Riyadh,0,1426.0
1529,Brave CF 82,2024-05-11,St. Pierre,0,1427.0
1524,KSW 94,2024-05-11,Gdask,0,1428.0
1520,UFC Fight Night: Lewis vs. Nascimento,2024-05-11,"St. Louis, Missouri",1,1429.0
1531,Fury FC 90,2024-05-12,"Houston, Texas",0,1430.0
1533,ACA 175,2024-05-17,Moscow,0,1431.0
1535,UAE Warriors 49,2024-05-17,Abu Dhabi,0,1432.0
1532,Bellator Champions Series,2024-05-17,Paris,0,1433.0
1540,A1 Combat 20,2024-05-17,"Wheatland, California,",0,1434.0
1541,LFA 184,2024-05-17,"Commerce, California",0,1435.0
1536,Road to UFC: Episode 1,2024-05-18,Shanghai,0,1436.0
1537,Road to UFC: Episode 2,2024-05-18,Shanghai,0,1437.0
1534,UAE Warriors 50,2024-05-18,Abu Dhabi,0,1438.0
1528,UFC Fight Night: Barboza vs. Murphy,2024-05-18,"Las Vegas, Nevada",1,1439.0
1543,Centurion FC 20,2024-05-18,Sao Paulo,0,1440.0
1538,Road to UFC: Episode 3,2024-05-19,Shanghai,0,1441.0
1539,Road to UFC: Episode 4,2024-05-19,Shanghai,0,1442.0
1550,Tuff-N-Uff 137,2024-05-24,"Las Vegas, Nevada",0,1443.0
1545,Cage Warriors 172,2024-05-25,Newcastle,0,1444.0
1546,Brave CF 83,2024-05-25,Alkmaar,0,1445.0
1551,Anthony Pettis FC 11,2024-05-25,"Milwaukee, Wisconsin",0,1446.0
1547,A1 Combat 21,2024-05-25,"Visalia, California",0,1447.0
1552,ACA 176,2024-05-31,"Ufa, Bashkortostan",0,1448.0
1553,FCR 20,2024-06-01,Vsters,0,1449.0
1530,UFC 302,2024-06-01,"Newark, New Jersey",1,1450.0
1558,KSW 95,2024-06-07,Olsztyn,0,1451.0
1560,LFA 185,2024-06-07,"Hammond, Indiana",0,1452.0
1559,Cage Warriors 173,2024-06-07,San Diego,0,1453.0
1562,One 167,2024-06-07,Bangkok,0,1454.0
1557,Oktagon 58,2024-06-08,Prague,0,1455.0
1556,PFL Europe 2: 2024 Regular Season,2024-06-08,Newcastle,0,1456.0
1549,UFC Fight Night: Cannonier vs. Imavov,2024-06-08,"Louisville, Kentucky",1,1457.0
1561,Rizin 47,2024-06-09,Tokyo,0,1458.0
1564,Fury FC 91,2024-06-09,"Rosenberg, Texas",0,1459.0
1563,PFL 4: 2024 Regular Season,2024-06-13,"Uncasville, Connecticut",0,1460.0
1566,Ares FC 22,2024-06-14,Paris,0,1461.0
1565,CFFC 132,2024-06-14,"Phildelphia, Pennsylvania",0,1462.0
1569,FEN 55,2024-06-15,Ostrda,0,1463.0
1548,UFC Fight Night: Perez vs. Taira,2024-06-15,"Las Vegas, Nevada",1,1464.0
1571,Fury FC 92,2024-06-16,"Houston, Texas",0,1465.0
1570,PFL 5: 2024 Regular Season,2024-06-21,"Salt Lake City, Utah",0,1466.0
1568,Bellator Champions Series,2024-06-22,Dublin,0,1467.0
1554,UFC Fight Night: Whittaker vs. Aliskerov,2024-06-22,Riyadh,1,1468.0
1572,LFA 186,2024-06-22,"Denver, Colorado",0,1469.0
1575,Octagon 59,2024-06-23,Almaty,0,1470.0
1576,ACA 177,2024-06-28,Sochi,0,1471.0
1574,PFL 6: 2024 Regular Season,2024-06-28,"Sioux Falls, South Dakota",0,1472.0
1577,Invicta FC 55,2024-06-28,"Kansas City, Kansas",0,1473.0
1544,UFC 303,2024-06-29,"Las Vegas, Nevada",1,1474.0
1579,ONE Fight Night 24,2024-07-05,Bangkok,0,1475.0
1578,LFA 187,2024-07-06,So Paulo,0,1476.0
1586,EFC 115,2024-07-11,Sandton,0,1477.0
1587,Ares FC 23,2024-07-11,Aubervilliers,0,1478.0
1585,PFL MENA 2,2024-07-12,Riyadh,0,1479.0
1588,LFA 188,2024-07-12,"Chandler, Arizona",0,1480.0
1567,UFC Fight Night: Namajunas vs. Cortez,2024-07-13,"Denver, Colorado",1,1481.0
1589,Cage Warriors 174,2024-07-20,London,0,1482.0
1580,Oktagon 59,2024-07-20,Bratislava,0,1483.0
1581,KSW 96,2024-07-20,d,0,1484.0
1582,UFC Fight Night: Lemos vs. Jandiroba,2024-07-20,"Las Vegas, Nevada",1,1485.0
1590,A1 Combat 22,2024-07-20,"Sacramento, California",0,1486.0
1591,Fury FC 94,2024-07-21,"Houston, Texas",0,1487.0
1592,Cage Warriors 175,2024-07-25,Manchester,0,1488.0
1597,A1 Combat 23,2024-07-26,"Lemoore, California",0,1489.0
1593,CFFC 133,2024-07-26,"Tampa, Florida",0,1490.0
1595,UAE Warriors 51,2024-07-27,Abu Dhabi,0,1491.0
1542,UFC 304,2024-07-27,Manchester,1,1492.0
1594,Super Rizin 3,2024-07-28,Saitama,0,1493.0
1596,UAE Warriors 52,2024-07-28,Abu Dhabi,0,1494.0
1599,PFL 7: 2024 Playoffs,2024-08-02,"Nashville, Tennessee",0,1495.0
1600,Fury FC 95,2024-08-02,"Dallas, Texas",0,1496.0
1601,LFA 189,2024-08-02,"Salamanca, New York",0,1497.0
1602,ONE Fight Night 25,2024-08-02,Bangkok,0,1498.0
1555,UFC Fight Night: Sandhagen vs. Nurmagomedov,2024-08-03,Abu Dhabi,1,1499.0
1603,Brave CF 84,2024-08-09,Zhengzhou,0,1500.0
1604,Invicta FC 56,2024-08-09,"Denver, Colorado",0,1501.0
1598,UFC Fight Night: Tybura vs. Spivac II,2024-08-10,"Las Vegas, Nevada",1,1502.0
1606,Contender Series 2024: Week 1,2024-08-13,"Las Vegas, Nevada",0,1503.0
1608,ACA 178,2024-08-16,Moscow,0,1504.0
1609,PFL 8: 2024 Playoffs,2024-08-16,"Hollywood, Florida",0,1505.0
1611,CFFC 134,2024-08-16,"Atlantic City, New Jersey",0,1506.0
1573,UFC 305,2024-08-17,Perth,1,1507.0
1610,Brave CF 85,2024-08-18,Lahore,0,1508.0
1614,Contender Series 2024: Week 2,2024-08-20,"Las Vegas, Nevada",0,1509.0
1618,PFL 9: 2024 Playoffs,2024-08-23,"Washington, D.C.",0,1510.0
1620,Road to UFC: Las Vegas,2024-08-23,"Las Vegas, Nevada",0,1511.0
1619,LFA 190,2024-08-23,"Commerce, California",0,1512.0
1615,KSW 97,2024-08-24,Tarnw,0,1513.0
1621,Brave CF 86,2024-08-24,Burgas,0,1514.0
1622,Centurion FC 22,2024-08-24,Sao Paulo,0,1515.0
1607,UFC Fight Night: Cannonier vs. Borralho,2024-08-24,"Las Vegas, Nevada",1,1516.0
1623,Contender Series 2024: Week 3,2024-08-27,"Las Vegas, Nevada",0,1517.0
1624,LFA 191,2024-08-30,"Cajamar, So Paulo",0,1518.0
1627,Samourai MMA 11,2024-08-30,"Montreal, Quebec",0,1519.0
1626,Contender Series 2024: Week 4,2024-09-03,"Las Vegas, Nevada",0,1520.0
1630,Ares FC 24,2024-09-05,Aubervilliers,0,1521.0
1634,BFL 81,2024-09-06,Vancouver,0,1522.0
1633,A1 Combat 24,2024-09-06,"Wheatland, California",0,1523.0
1631,ONE 168,2024-09-06,"Denver, Colorado",0,1524.0
1635,FCR 21,2024-09-07,Stockholm,0,1525.0
1625,Oktagon 60,2024-09-07,Oberhausen,0,1526.0
1628,Cage Warriors 176,2024-09-07,Glasgow,0,1527.0
1584,UFC Fight Night: Burns vs. Brady,2024-09-07,"Las Vegas, Nevada",1,1528.0
1629,Bellator Champions Series,2024-09-07,"San Diego, California",0,1529.0
1632,ACA 179,2024-09-08,Krasnodar,0,1530.0
1636,Contender Series 2024: Week 5,2024-09-10,"Las Vegas, Nevada",0,1531.0
1638,LFA 192,2024-09-13,"Santa Cruz, California",0,1532.0
1639,KSW 98,2024-09-14,Lubin,0,1533.0
1637,Bellator Champions Series,2024-09-14,London,0,1534.0
1583,UFC 306,2024-09-14,"Las Vegas, Nevada",1,1535.0
1640,Contender Series 2024: Week 6,2024-09-17,"Las Vegas, Nevada",0,1536.0
1644,PFL MENA 3: Playoffs,2024-09-20,Riyadh,0,1537.0
1647,Cage Warriors 177,2024-09-20,Manchester,0,1538.0
1649,Invicta FC 57,2024-09-20,"Kansas City, Kansas",0,1539.0
1648,LFA 193,2024-09-20,"Prior Lake, Minnesota",0,1540.0
1641,Oktagon 61,2024-09-21,Brno,0,1541.0
1643,Cage Warriors 178,2024-09-21,Manchester,0,1542.0
1650,CFFC 135,2024-09-21,"Tampa, Florida",0,1543.0
1652,Brave CF 87,2024-09-22,Alkmaar,0,1544.0
1651,Fury FC 96,2024-09-22,"Houston, Texas",0,1545.0
1645,Contender Series 2024: Week 7,2024-09-24,"Las Vegas, Nevada",0,1546.0
1655,Ares FC 25,2024-09-26,Paris,0,1547.0
1656,UAE Warriors 53,2024-09-27,Abu Dhabi,0,1548.0
1659,CFFC 136,2024-09-27,"New Town, North Dakota",0,1549.0
1657,UAE Warriors 54,2024-09-28,Abu Dhabi,0,1550.0
1612,UFC Fight Night: Moicano vs. Saint-Denis,2024-09-28,Paris,1,1551.0
1653,PFL Europe 3,2024-09-28,Glasgow,0,1552.0
1658,Brave CF 88,2024-09-28,Ljubljana,0,1553.0
1654,Rizin 48,2024-09-29,Saitama,0,1554.0
1646,Contender Series 2024: Week 8,2024-10-01,"Las Vegas, Nevada",0,1555.0
1661,ACA 180,2024-10-04,"Grozny, Chechnya",0,1556.0
1662,Unified MMA 59,2024-10-04,"Toronto, Ontario",0,1557.0
1663,ONE Fight Night 25,2024-10-04,Bangkok,0,1558.0
1617,UFC 307,2024-10-05,"Salt Lake City, Utah",1,1559.0
1664,Fury FC 97,2024-10-06,"Houston, Texas",0,1560.0
1665,Contender Series 2024: Week 9,2024-10-08,"Las Vegas, Nevada",0,1561.0
1666,Oktagon 62,2024-10-12,Frankfurt,0,1562.0
1660,UFC Fight Night: Royval vs. Taira,2024-10-12,"Las Vegas, Nevada",1,1563.0
1671,Centurion FC 23,2024-10-12,Rio de Janeiro,0,1564.0
1672,Contender Series 2024: Week 10,2024-10-15,"Las Vegas, Nevada",0,1565.0
1673,CFFC 137,2024-10-18,"Phildelphia, Pennsylvania",0,1566.0
1675,LFA 194,2024-10-18,"Niagara Falls, New York",0,1567.0
1674,KSW 99,2024-10-19,Gliwice,0,1568.0
1613,PFL Super Fights: Battle of the Giants,2024-10-19,Riyadh,0,1569.0
1676,Brave CF 89,2024-10-19,Tenerife,0,1570.0
1670,UFC Fight Night: Pereira vs. Hernandez,2024-10-19,"Las Vegas, Nevada",1,1571.0
1678,UAE Warriors 55,2024-10-22,Abu Dhabi,0,1572.0
1679,Ares FC 26,2024-10-24,Aubervilliers,0,1573.0
1682,ONE Friday Fights 84,2024-10-25,Bangkok,0,1574.0
1680,LFA 195,2024-10-26,"Vail, Colorado",0,1575.0
1605,UFC 308,2024-10-26,Abu Dhabi,1,1576.0
1683,Octagon 65,2024-10-27,Almaty,0,1577.0
1686,Cage Warriors 179,2024-11-02,Rome,0,1578.0
1684,ACA 181,2024-11-02,St. Petersburg,0,1579.0
1616,UFC Fight Night: Moreno vs. Albazi,2024-11-02,"Edmonton, Alberta",1,1580.0
1690,Fury FC 98,2024-11-03,"Houston, Texas",0,1581.0
1688,Invicta FC 58,2024-11-06,"Kansas City, Kansas",0,1582.0
1685,ONE 169,2024-11-09,Bangkok,0,1583.0
1689,LFA 196,2024-11-09,"Phoenix, Arizona",0,1584.0
1667,Oktagon 63,2024-11-09,Bratislava,0,1585.0
1681,UFC Fight Night: Magny vs. Prates,2024-11-09,"Las Vegas, Nevada",1,1586.0
1696,EFC 119,2024-11-14,Sandton,0,1587.0
1693,Cage Warriors 180,2024-11-15,London,0,1588.0
1699,Samourai MMA 12,2024-11-15,"Montreal, Quebec",0,1589.0
1694,A1 Combat 25,2024-11-16,"Wheatland, California",0,1590.0
1691,KSW 100,2024-11-16,Gliwice,0,1591.0
1642,UFC 309,2024-11-16,"New York City, New York",1,1592.0
1700,Rizin Landmark 10,2024-11-17,"Nagoya, Aichi",0,1593.0
1697,LFA 197,2024-11-22,"Cajamar, So Paulo",0,1594.0
1695,UFC Fight Night: Yan vs. Figueiredo,2024-11-23,Macau,1,1595.0
1702,Brave CF 90,2024-11-23,Vienna,0,1596.0
1698,Cage Warriors 181,2024-11-23,Newcastle,0,1597.0
1692,Ares FC 27,2024-11-23,Marseille,0,1598.0
1687,PFL 10: 2024 Championships,2024-11-29,Riyadh,0,1599.0
1703,FCR 22,2024-11-30,Vsters,0,1600.0
1707,LFA 198,2024-12-06,"Commerce, California",0,1601.0
1706,ONE Fight Night 26,2024-12-06,Singapore,0,1602.0
1668,Oktagon 64,2024-12-07,Munich,0,1603.0
1677,UFC 310,2024-12-07,"Las Vegas, Nevada",1,1604.0
1711,Brave CF 91,2024-12-13,Isa Town,0,1605.0
1710,Cage Warriors 182,2024-12-13,San Diego,0,1606.0
1712,CFFC 138,2024-12-13,"Atlantic City, New Jersey",0,1607.0
1713,Invicta FC 59,2024-12-13,"Atlanta, Georgia",0,1608.0
1704,PFL Europe 4: 2024 Championships,2024-12-14,Lyon,0,1609.0
1701,UFC Fight Night: Covington vs. Buckley,2024-12-14,"Tampa, Florida",1,1610.0
